judul,gambar,gambar_lokal,penulis,tanggal,narasi,hastag,views,url
Bupati Mahulu Dorong KBMKMU Kaltim Jadi Ruang Pengembangan Kapasitas Mahasiswa,https://prokopim.mahakamulukab.go.id/wp-content/uploads/2026/09/Cover-Berita-Edit-202645.jpg,images\001_bupati-mahulu-dorong-kbmkmu-kaltim-jadi-ruang-pengembangan-k.jpg,Adm,2026-08-31,"Samarinda – Bupati Mahakam Ulu (Mahulu), Angela Idang Belawan, menekankan pentingnya integritas, tanggung jawab dan solidaritas mahasiswa sebagai bagian dari proses menyiapkan generasi muda yang mampu berkontribusi bagi kemajuan Mahakam Ulu.

Pesan tersebut disampaikan Bupati saat menghadiri Pelantikan Pengurus Keluarga Besar Mahasiswa Kabupaten Mahakam Ulu Kalimantan Timur (KBMKMU Kaltim) Periode 2026–2028 di Gedung Aula Bina Warga, Samarinda. Senin (31/08/2026)

Bupati menyampaikan selamat kepada Ketua Umum KBMKMU Kaltim, Nikolas Fernando beserta seluruh pengurus yang telah dilantik. Ia berharap kepercayaan yang diberikan mahasiswa dapat dijawab melalui kerja organisasi yang berintegritas, bertanggung jawab dan memberi manfaat bagi seluruh anggota.

“Bagaimana kita mengemban tanggung jawab, bagaimana kita membawa Mahakam Ulu menjadi lebih baik, menjadi satu kabupaten yang jauh lebih maju. Semua itu dimulai dari organisasi ini, semua itu dimulai dari adik-adik yang sedang menempuh pendidikan,” tegasnya.

Menurut Bupati, KBMKMU Kaltim harus menjadi rumah bersama bagi mahasiswa Mahulu, bukan sekadar wadah berkumpul. Organisasi perlu hadir untuk membantu mahasiswa beradaptasi dengan lingkungan perkuliahan dan kehidupan di kota, khususnya bagi mahasiswa baru yang masih menghadapi berbagai keterbatasan.

Karena itu, Bupati minta mahasiswa senior untuk mengayomi dan merangkul mahasiswa baru yang masih mengalami kesulitan dalam beradaptasi, baik dalam penggunaan teknologi, komunikasi maupun membangun pergaulan.

“Jangan berjalan sendiri, tetapi bergandeng tanganlah. Kita bangun solidaritas sebagai satu Mahakam Ulu, bukan berdasarkan kecamatan tertentu,” pesannya.

Angela Idang Belawan juga mendorong mahasiswa untuk tidak minder dan berani mengembangkan potensi yang dimiliki.

Menurutnya, mahasiswa Mahulu harus mampu mempersiapkan diri agar dapat bersaing dalam berbagai kesempatan, termasuk dalam dunia kerja maupun seleksi aparatur sipil negara.

“Persiapkan diri dengan matang. Setiap hari adalah belajar untuk kita,” ujarnya.

Untuk itu, KBMKMU Kaltim didorong menjadi ruang pengembangan kapasitas melalui forum diskusi, pelatihan organisasi, kelompok belajar serta kegiatan yang membuka jejaring dan kesempatan bagi mahasiswa untuk berkembang.

Bupati menegaskan, mahasiswa Mahulu harus mampu menjaga nama baik daerah melalui sikap, prestasi dan tanggung jawab.

Pendidikan, menurutnya, bukan hanya tentang memperoleh ilmu di bangku kuliah, tetapi juga membangun pengalaman, jejaring dan karakter sebagai bekal untuk kembali mengambil bagian dalam pembangunan daerah. Pemerintah Kabupaten Mahakam Ulu, lanjutnya, siap mendengarkan dan memberikan dukungan sesuai kemampuan.

Namun, mahasiswa juga diminta tetap mandiri dan tidak menjadikan bantuan sebagai alasan untuk bergantung.

Menutup arahannya, Bupati menitipkan dua prinsip utama kepada seluruh mahasiswa, yakni kejujuran dan tanggung jawab.

“Jaga kejujuran dan tanggung jawab. Itu kunci kesuksesan yang akan membawa saudara-saudari mencapai cita-cita,” pungkasnya.

Pelantikan turut dihadiri Penasehat KBMKMU Kaltim, Anastasia Hiyang, S.IP., M.Si., Kepala Dinas Pendidikan dan Kebudayaan Mahulu, Samson Batang, S.Sos., M.Si., Wakil Dekan Kemahasiswaan, Alumni dan Kerjasama, FISIP Universitas Mulawarman, Daryono, S.Sos., M.Si., Ph.D.; Ketua Kwarcab Pramuka Mahulu, Martinus Jeno, Ketua LPADKT, A Vendy Meru, Ketua Panitia Marvin Dimas Awang Kuwai, serta pengurus lama dan alumni KBMKMU Kaltim. (Prokopim/tha)

Berita TerkiniBidang Pemerintahan dan Kesejahteraan RakyatPembinaanPendidikan

Alamat email Anda tidak akan dipublikasikan. Ruas yang wajib ditandai *

Simpan nama, email, dan situs web saya pada peramban ini untuk komentar saya berikutnya.",#PressRelease #Pembangunan #Pemerintahan #Ekonomi #Kesehatan #Pendidikan #Pertanian #Sosial #Pariwisata #Pengumuman #BeritaTerkini #BidangPemerintahandanKesejahteraanRakyat #Pembinaan #BidangEkonomidanPembangunan #PenanggulanganBencana #Perhubungan #BantuanSosial,10,https://prokopim.mahakamulukab.go.id/bupati-mahulu-dorong-kbmkmu-kaltim-jadi-ruang-pengembangan-kapasitas-mahasiswa/
Pemkab Mahulu Perkuat Koordinasi Pembukaan Akses Darat Menuju Long Apari,https://prokopim.mahakamulukab.go.id/wp-content/uploads/2026/09/251.jpg,images\002_pemkab-mahulu-perkuat-koordinasi-pembukaan-akses-darat-menuj.jpg,Adm,2026-08-30,"Long Apari – Pemerintah Kabupaten (Pemkab) Mahakam Ulu (Mahulu) terus mengupayakan pembukaan akses darat menuju Kecamatan Long Apari sebagai langkah jangka panjang untuk memperlancar distribusi logistik dan kebutuhan masyarakat di wilayah tersebut.

Hal itu disampaikan Wakil Bupati Mahulu Suhuk, S.E., saat menyalurkan bantuan di Kecamatan Long Apari, pada hari Minggu (30/8/2026). Menurutnya, pembukaan akses darat menjadi kebutuhan penting, terutama di tengah kondisi kemarau yang menyebabkan distribusi bantuan dan logistik menghadapi berbagai keterbatasan.

Suhuk menyampaikan, berdasarkan informasi terakhir, dukungan alat berat untuk pembukaan akses telah bergerak menuju kawasan Gunung Waterboom. Masih terdapat sekitar 20 kilometer akses yang perlu dibuka untuk mendukung keterhubungan menuju wilayah Long Apari.

“Mudah-mudahan dengan bantuan alat dari provinsi dan kita dari kabupaten mensubsidi untuk BBM-nya, penyaluran logistik nanti tidak lagi menggunakan transportasi air, tetapi bisa lewat darat,” ujar Suhuk.

Ia menjelaskan, pembukaan akses darat tidak hanya akan memperlancar mobilitas masyarakat, tetapi juga membantu menekan biaya distribusi bantuan. Selama ini, penggunaan jalur air membutuhkan biaya yang cukup besar, sehingga sebagian anggaran yang seharusnya dapat dimanfaatkan untuk pemenuhan kebutuhan masyarakat harus dialokasikan untuk transportasi.

“Kalau lewat jalur air, cost-nya cukup besar. Yang seharusnya mungkin bisa dipakai untuk ketahanan pangan dan memenuhi bantuan lagi, banyak terkuras di biaya transportasi,” jelasnya.

Karena itu, Pemkab Mahulu terus memperkuat koordinasi dengan Pemerintah Provinsi Kalimantan Timur dalam mendukung percepatan pembukaan akses tersebut, termasuk dukungan alat berat dan kebutuhan operasionalnya.

Wabup berharap seluruh pihak dapat bersinergi sesuai peran masing-masing sehingga pembukaan akses dapat berjalan secara bertahap dan memberikan manfaat bagi masyarakat.

“Kita terus mengusahakan jalan ini. Harapannya, akses darat dapat segera terbuka sehingga ke depan distribusi logistik kepada masyarakat Long Apari menjadi lebih efektif dan tidak terlalu bergantung pada jalur air,” pungkasnya.

Pembukaan akses darat tersebut menjadi bagian dari komitmen jangka panjang Pemerintah Kabupaten Mahulu dalam mengurangi keterisolasian wilayah sekaligus memperkuat konektivitas dan pemerataan pembangunan hingga ke wilayah paling hulu.(Prokopim/vta)

Berita TerkiniBidang Ekonomi dan PembangunanPembangunanPenanggulangan BencanaPerhubungan

Alamat email Anda tidak akan dipublikasikan. Ruas yang wajib ditandai *

Simpan nama, email, dan situs web saya pada peramban ini untuk komentar saya berikutnya.",#PressRelease #Pembangunan #Pemerintahan #Ekonomi #Kesehatan #Pendidikan #Pertanian #Sosial #Pariwisata #Pengumuman #BeritaTerkini #BidangEkonomidanPembangunan #PenanggulanganBencana #Perhubungan #BidangPemerintahandanKesejahteraanRakyat #Pembinaan #BantuanSosial,21,https://prokopim.mahakamulukab.go.id/pemkab-mahulu-perkuat-koordinasi-pembukaan-akses-darat-menuju-long-apari/
"Tiba di Long Apari, Wabup Mahulu Serahkan Bantuan Untuk Warga Terdampak Kemarau",https://prokopim.mahakamulukab.go.id/wp-content/uploads/2026/09/250.jpg,images\003_tiba-di-long-apari-wabup-mahulu-serahkan-bantuan-untuk-warga.jpg,Adm,2026-08-30,"Long Apari – Mewakili Bupati Mahakam Ulu (Mahulu), Angela Idang Belawan, Wakil Bupati (Wabup) Mahulu, Suhuk, S.E., tiba di Kecamatan Long Apari, Minggu (30/8/2026), dan langsung menyalurkan bantuan kepada masyarakat terdampak kemarau panjang, di Dermaga Dermaga Kecamatan Long Apari.

Kedatangan Wabup bersama rombongan merupakan bagian dari upaya Pemerintah Kabupaten Mahulu memastikan bantuan dapat menjangkau masyarakat di wilayah paling hulu yang menghadapi dampak kemarau serta keterbatasan akses transportasi.

Atas nama Pemerintah Kabupaten Mahulu, Suhuk menyampaikan apresiasi dan terima kasih kepada Pemerintah Provinsi Kalimantan Timur yang telah memberikan dukungan dalam penanganan dampak kemarau di Kecamatan Long Pahangai dan Long Apari.

Menurutnya, Pemprov Kaltim telah menyiapkan bantuan sekitar 69 ton untuk masyarakat terdampak. Pemkab Mahulu kemudian berinisiatif membantu mengangkut bantuan tersebut agar dapat diteruskan hingga ke wilayah penerima.

“Kalau mereka tidak punya anggaran untuk membawa kesini, kita dari Kabupaten Mahakam Ulu akan jemput untuk mengantarkan. Karena bantuan kadang hanya sampai di ibu kota, sehingga kita harus antar lagi ke kampung-kampung,” ujar Suhuk.

Suhuk berharap bantuan tersebut dapat meringankan beban masyarakat Long Apari. Meski belum sepenuhnya mencukupi kebutuhan seluruh masyarakat, pemerintah akan terus mencari dukungan dan peluang bantuan bagi masyarakat di wilayah terpencil.

Ia juga mengajak masyarakat untuk tetap tenang, saling membantu dan menjaga kebersamaan dalam menghadapi kondisi kemarau.

“Kekuatan kita adalah gotong royong dan kepedulian terhadap sesama. Semoga ini dapat menjadi bukti kehadiran pemerintah kepada masyarakat,” katanya.

Dalam proses penyaluran, Suhuk meminta seluruh pihak yang terlibat untuk menjaga ketertiban dan memastikan bantuan diterima oleh masyarakat yang benar-benar membutuhkan. Ia juga menekankan pentingnya verifikasi dan pemutakhiran data penerima agar penyaluran berlangsung transparan, adil dan tepat sasaran.

“Harapan saya, data-data yang ada dapat terus ditertibkan dan dikroscek bersama agar penyaluran yang kita lakukan tetap transparan, adil, tepat sasaran, serta dapat dipertanggungjawabkan,” tegasnya.(Prokopim/vta)

Bantuan SosialBerita TerkiniBidang Pemerintahan dan Kesejahteraan RakyatPenanggulangan BencanaSosial

Alamat email Anda tidak akan dipublikasikan. Ruas yang wajib ditandai *

Simpan nama, email, dan situs web saya pada peramban ini untuk komentar saya berikutnya.",#PressRelease #Pembangunan #Pemerintahan #Ekonomi #Kesehatan #Pendidikan #Pertanian #Sosial #Pariwisata #Pengumuman #BantuanSosial #BeritaTerkini #BidangPemerintahandanKesejahteraanRakyat #PenanggulanganBencana #Pembinaan #BidangEkonomidanPembangunan #Perhubungan,24,https://prokopim.mahakamulukab.go.id/tiba-di-long-apari-wabup-mahulu-serahkan-bantuan-untuk-warga-terdampak-kemarau/
"Kemarau Panjang, Pemkab Mahulu Salurkan Bantuan ke Long Pahangai dan Long Apari",https://prokopim.mahakamulukab.go.id/wp-content/uploads/2026/08/Cover-Berita-Edit-2026-6.jpg,images\004_kemarau-panjang-pemkab-mahulu-salurkan-bantuan-ke-long-pahan.jpg,Admin,2026-08-29,"Ujoh Bilang – Mewakili Bupati Mahakam Ulu (Mahulu), Angela Idang Belawan, Wakil Bupati (Wabup) Mahulu, Suhuk, S.E., melepas rombongan pengiriman bantuan bagi masyarakat terdampak bencana akibat kemarau panjang di Kecamatan Long Pahangai dan Long Apari, Kabupaten Mahakam Ulu yang berkumpul di Kantor Bupati Mahulu, Sabtu (29/08/26).

Bantuan tersebut merupakan bentuk kepedulian dan dukungan dalam membantu masyarakat yang terdampak kondisi kemarau panjang yang terjadi di sejumlah wilayah Mahulu.

Dalam penyaluran bantuan ini, Badan Penanggulangan Bencana Daerah (BPBD) Kabupaten Mahulu mengirimkan bantuan pangan sebanyak 7 ton. Sementara itu, Bank BPD Kaltimtara turut memberikan 555 paket bantuan yang terdiri atas beras, minyak goreng, dan gula.

Selain bantuan pangan, dukungan juga diberikan melalui alat kesehatan dan obat-obatan dari Dinas Kesehatan, Pengendalian Penduduk dan Keluarga Berencana (Dinkes P2KB) Kabupaten Mahulu. Bantuan tersebut diharapkan dapat mendukung kebutuhan masyarakat, khususnya dalam menghadapi kondisi kemarau panjang.

Dalam kesempatan tersebut, Suhuk menyampaikan apresiasi kepada Bank BPD Kaltimtara yang terus memberikan dukungan kepada Pemerintah Kabupaten Mahulu dalam menghadapi kondisi kemarau yang berdampak terhadap masyarakat.

“Atas nama Kabupaten Mahakam Ulu, saya mengucapkan terima kasih atas bantuan yang diberikan oleh Bank BPD yang terus mensupport kita dalam menghadapi kemarau ini,” ujar Suhuk.

Ia juga menyampaikan terima kasih kepada seluruh pihak dan rombongan yang turut mengambil bagian dalam proses pengiriman dan penyaluran bantuan kepada masyarakat di wilayah terdampak.

“Saya ucapkan juga terima kasih kepada rombongan semua yang boleh mengambil bagian dalam penyaluran bantuan ini. Kiranya Tuhan yang akan menolong kita, khususnya dalam perjalanan, sehingga kita boleh berangkat dan boleh kembali ke tempat ini dengan berkat pertolongan Tuhan,” katanya.

Menurut Wakil Bupati, keterlibatan berbagai pihak dalam membantu masyarakat yang terdampak bencana merupakan bentuk kepedulian dan solidaritas yang sangat berarti, terlebih dalam menghadapi kondisi kemarau panjang.

Ia berharap bantuan yang disalurkan dapat memberikan manfaat dan meringankan beban masyarakat di Kecamatan Long Pahangai dan Long Apari.

“Apa yang kita lakukan, yakinlah, percayalah akan menjadi berkat bagi kita ke depannya,” pungkasnya.

Pemerintah Kabupaten Mahakam Ulu terus mendorong sinergi dan kepedulian bersama dari berbagai pihak dalam menghadapi dampak kemarau panjang, sekaligus memastikan kebutuhan masyarakat di wilayah terdampak tetap mendapatkan perhatian.(Prokopim/vta)

Bantuan SosialBerita TerkiniPemerintahanSosial

Alamat email Anda tidak akan dipublikasikan. Ruas yang wajib ditandai *

Simpan nama, email, dan situs web saya pada peramban ini untuk komentar saya berikutnya.",#PressRelease #Pembangunan #Pemerintahan #Ekonomi #Kesehatan #Pendidikan #Pertanian #Sosial #Pariwisata #Pengumuman #BantuanSosial #BeritaTerkini #BidangPemerintahandanKesejahteraanRakyat #Pembinaan #BidangEkonomidanPembangunan #PenanggulanganBencana #Perhubungan,59,https://prokopim.mahakamulukab.go.id/kemarau-panjang-pemkab-mahulu-salurkan-bantuan-ke-long-pahangai-dan-long-apari/
Bupati Mahulu Dorong Perencanaan Pembangunan Lebih Tepat Sasaran dan Berdampak Bagi Masyarakat,https://prokopim.mahakamulukab.go.id/wp-content/uploads/2026/08/Cover-Berita-Edit-2026-5.jpg,images\005_bupati-mahulu-dorong-perencanaan-pembangunan-lebih-tepat-sas.jpg,Admin,2026-08-28,"Jakarta – Bupati Mahakam Ulu (Mahulu), Angela Idang Belawan mengikuti Sosialisasi dan Pendampingan Manajemen Kinerja Pemerintah Daerah yang diselenggarakan Badan Perencanaan, Penelitian dan Pengembangan Daerah (Bappelitbangda) Kabupaten Mahulu bekerja sama dengan Universitas Negeri Surabaya (UNESA), di Jakarta, Jumat (28/08/2026).

Kegiatan tersebut membahas penyusunan Pohon Kinerja (POKIN) sebagai bagian dari upaya meningkatkan tata kelola pemerintahan serta memastikan program pembangunan daerah berjalan sesuai visi dan misi kepala daerah.

Dalam kesempatan tersebut, Bupati Angela menekankan pentingnya penyusunan kinerja pemerintah yang tidak sekadar menjadi rutinitas tahunan, tetapi mampu memberikan manfaat nyata bagi masyarakat.

“Saya rasa kegiatan di Pohon Kinerja ini mirip dengan presensi yang sudah di buat. Kenapa saya bilang mirip Pertama, yang jelas yang ingin kita capai untuk meningkatkan kedisiplinan,” ujar Angela.

Menurutnya, pemerintah daerah harus mampu menerjemahkan visi dan misi yang tertuang dalam Rencana Pembangunan Jangka Menengah Daerah (RPJMD) ke dalam program dan kegiatan yang memiliki dampak nyata bagi masyarakat.

“Karena itu, saya berharap besar dari penjabaran RPJMD, visi dan misi yang saya tuangkan. Bukan masalah bagaimana anggaran. Anggaran kita sediakan, silahkan dilaksanakan,” katanya.

Angela menegaskan, keterbatasan anggaran tidak boleh menjadi alasan bagi pemerintah untuk tidak menghadirkan manfaat bagi masyarakat. Sebaliknya, setiap program harus mempertimbangkan efektivitas, manfaat, serta potensi yang dimiliki daerah.

“Saya selalu mengatakan satu: saat ini yang kita butuhkan, dengan anggaran yang minimal, apa yang bisa kita berikan untuk masyarakat kita? Apa yang bisa kita buat dan apa manfaatnya?” tegasnya.

Sementara itu, Kepala Bappelitbangda Yohanes Andi Abeh, S.Sos., M.Si., menjelaskan bahwa sosialisasi dan pendampingan tersebut difokuskan pada penyusunan Pohon Kinerja (POKIN) serta Rencana Strategis (Renstra) perangkat daerah.

“Proses penyusunan telah berjalan mulai dari tahap awal hingga sosialisasi kepada perangkat daerah. Namun, masih diperlukan pendampingan secara intensif untuk memastikan proses penyelesaian berjalan optimal, khususnya dalam penyusunan Renstra,” jelasnya.

Pendampingan tersebut diharapkan dapat memperkuat keterkaitan antara perencanaan, pelaksanaan program, indikator kinerja, serta pencapaian target pembangunan daerah sesuai arah kebijakan dalam RPJMD Kabupaten Mahulu.

Turut hadir dalam kegiatan tersebut, Sekretaris Daerah Mahulu, Dr. Stephanus Madang, S.Sos., M.M., Kepala Bappelitbangda Pemkab Mahulu Yohanes Andy Abeh, S.Sos., M.Si., dan tim dari Unesa serta jajaran Bappelitbangda. (Prokopim/aim)

Berita TerkiniBidang Ekonomi dan PembangunanBidang Pemerintahan dan Kesejahteraan RakyatKerja SamaPembangunanPembinaanPemerintahan

Alamat email Anda tidak akan dipublikasikan. Ruas yang wajib ditandai *

Simpan nama, email, dan situs web saya pada peramban ini untuk komentar saya berikutnya.",#PressRelease #Pembangunan #Pemerintahan #Ekonomi #Kesehatan #Pendidikan #Pertanian #Sosial #Pariwisata #Pengumuman #BeritaTerkini #BidangEkonomidanPembangunan #BidangPemerintahandanKesejahteraanRakyat #KerjaSama #Pembinaan #PenanggulanganBencana #Perhubungan #BantuanSosial,54,https://prokopim.mahakamulukab.go.id/bupati-mahulu-dorong-perencanaan-pembangunan-lebih-tepat-sasaran-dan-berdampak-bagi-masyarakat/
Pemkab Mahulu dan BRMP Bersinergi Kembangkan Potensi Pertanian Daerah Mahakam Ulu,https://prokopim.mahakamulukab.go.id/wp-content/uploads/2026/08/Cover-Berita-23.jpg,images\006_pemkab-mahulu-dan-brmp-bersinergi-kembangkan-potensi-pertani.jpg,Adm,2026-08-27,"Jakarta – Kehadiran Pemerintah Kabupaten (Pemkab) Mahakam Ulu (Mahulu) di Badan Perakitan dan Modernisasi Pertanian (BRMP) Kementerian Pertanian membawa harapan besar untuk mengembangkan potensi pertanian daerah melalui dukungan pengetahuan, teknologi, dan pendampingan yang tepat.

Hal tersebut disampaikan Bupati Mahulu, Angela Idang Belawan dalam kegiatan penandatanganan Nota Kesepahaman (MoU) tentang kerja sama pembangunan dan pengembangan inovasi pertanian bersama Kepala BRMP Kementerian Pertanian, di Ruang Rapat Kantor BRMP, Jakarta, Kamis (27/8/2026).

Angela mengatakan, Mahakam Ulu memiliki potensi pertanian yang besar untuk terus dikembangkan. Sektor pertanian tidak hanya menjadi bagian penting dalam kehidupan masyarakat, tetapi juga memiliki peluang besar dalam memperkuat perekonomian daerah serta meningkatkan kesejahteraan petani.

“Mahakam Ulu memiliki potensi pertanian yang besar untuk terus dikembangkan. Sektor ini menjadi bagian penting dalam kehidupan masyarakat sekaligus membuka peluang untuk memperkuat perekonomian daerah dan meningkatkan kesejahteraan petani,” ujar Angela.

Menurutnya, pengembangan pertanian di Mahakam Ulu harus tetap memperhatikan kondisi wilayah, potensi lokal, serta kearifan masyarakat setempat.

“Kami ingin pertanian Mahakam Ulu berkembang dengan tetap memperhatikan kondisi wilayah, potensi lokal, dan kearifan masyarakat. Dukungan BRMP kami harapkan dapat membantu masyarakat mengelola potensi tersebut secara lebih baik serta memperoleh hasil yang semakin bernilai,” katanya.

Angela menambahkan, melalui kerja sama tersebut diharapkan terbuka ruang pembelajaran dan peningkatan kapasitas bagi aparatur, penyuluh, pengelola, maupun petani.

Pengetahuan serta teknologi yang diperoleh nantinya diharapkan tidak berhenti pada pelaksanaan program, tetapi dapat diterapkan dan diteruskan kepada kelompok tani serta masyarakat di berbagai wilayah Mahakam Ulu.

“Bagi kami, ukuran keberhasilan kerja sama ini adalah manfaat yang dirasakan masyarakat. Pertanian harus semakin produktif, produk lokal memiliki daya saing, dan petani memperoleh peluang yang lebih luas untuk meningkatkan kesejahteraan keluarganya,” tegasnya.

Di akhir sambutannya, Angela menyampaikan apresiasi dan terima kasih kepada BRMP Kementerian Pertanian serta seluruh pihak yang telah mempersiapkan kerja sama tersebut.

“Semoga sinergi yang kita bangun hari ini menjadi langkah bersama yang konsisten dan memberikan hasil nyata bagi kemajuan pertanian serta kesejahteraan masyarakat Kabupaten Mahakam Ulu,” pungkasnya. (Prokopim/aim)

Berita TerkiniBidang Ekonomi dan PembangunanKerja SamaPertanian

Alamat email Anda tidak akan dipublikasikan. Ruas yang wajib ditandai *

Simpan nama, email, dan situs web saya pada peramban ini untuk komentar saya berikutnya.",#PressRelease #Pembangunan #Pemerintahan #Ekonomi #Kesehatan #Pendidikan #Pertanian #Sosial #Pariwisata #Pengumuman #BeritaTerkini #BidangEkonomidanPembangunan #KerjaSama #BidangPemerintahandanKesejahteraanRakyat #Pembinaan #PenanggulanganBencana #Perhubungan #BantuanSosial,64,https://prokopim.mahakamulukab.go.id/pemkab-mahulu-dan-brmp-bersinergi-kembangkan-potensi-pertanian-daerah-mahakam-ulu/
"Bupati Mahulu Teken MoU Bersama BRMP Kementan, Dorong Pengembangan Inovasi Pertanian",https://prokopim.mahakamulukab.go.id/wp-content/uploads/2026/08/Cover-Berita-15.jpg,images\007_bupati-mahulu-teken-mou-bersama-brmp-kementan-dorong-pengemb.jpg,Adm,2026-08-27,"Jakarta – Bupati Mahakam Ulu (Mahulu), Angela Idang Belawan menandatangani Nota Kesepahaman (MoU) kerja sama pembangunan dan pengembangan inovasi pertanian bersama Kepala Badan Perakitan dan Modernisasi Pertanian (BRMP) Kementerian Pertanian, Prof. Dr. Ir. Fadjry Djufry, M.Si., di Ruang Rapat Kantor BRMP, Jakarta, Kamis (27/8/2026) pagi.

Penandatanganan kerja sama tersebut menjadi langkah strategis Pemerintah Kabupaten Mahulu dalam mendorong pengembangan sektor pertanian melalui pemanfaatan inovasi, teknologi, serta potensi daerah.

Dalam sambutannya, Bupati mengatakan, kerja sama tersebut merupakan bagian dari upaya Pemkab Mahulu untuk membuka jalan bagi kemajuan daerah, khususnya dalam meningkatkan sektor pertanian.

“Melalui kerja sama ini terdapat harapan masyarakat, terutama para petani dan keluarga yang menggantungkan penghidupan pada sektor pertanian,” ujar Bupati.

Ia menegaskan, Pemkab Mahulu berkomitmen mengembangkan setiap potensi daerah secara sungguh-sungguh dan berkelanjutan.

“Melalui kerja sama ini, kami berharap semakin banyak peluang yang dapat dibuka untuk meningkatkan produktivitas, memperkuat perekonomian masyarakat, dan mendorong kesejahteraan yang lebih merata,” lanjutnya.

Menurut Angela Idang Belawan, sinergi antara Pemkab Mahulu dan BRMP diharapkan dapat semakin diperkuat dalam mengembangkan sektor pertanian yang sesuai dengan potensi dan karakteristik wilayah Mahulu.

“Keahlian, pengalaman, serta dukungan teknologi dari BRMP akan menjadi kekuatan penting yang dipadukan dengan sumber daya dan pengetahuan lokal yang dimiliki Mahulu,” katanya.

Sementara itu, Kepala BRMP Kementerian Pertanian, Prof. Dr. Ir. Fadjry Djufry, M.Si., menyambut baik kerja sama tersebut. Ia menilai kolaborasi antara pemerintah daerah dan BRMP dapat menjadi kekuatan dalam mengoptimalkan potensi pertanian di daerah.

Ia juga mengatakan, BRMP memiliki tugas untuk mendampingi dan mendorong percepatan pembangunan pertanian di berbagai daerah di Indonesia.

“Bupati dan jajaran datang ke kantor yang tepat, karena kami memang disiapkan untuk melayani seluruh Indonesia. Kami diminta untuk mendampingi dan berakselerasi bersama pimpinan daerah untuk menggerakkan pertanian di seluruh wilayah Indonesia,” jelasnya.

Karena itu, Ia berharap kerja sama ini dapat menjadi langkah awal untuk mengoptimalkan potensi pertanian Mahulu melalui penerapan teknologi dan inovasi yang sesuai dengan kondisi daerah.

Turut mendampingi Bupati Mahulu dalam kegiatan tersebut, Sekretaris Daerah Mahulu, Dr. Stephanus Madang, S.Sos., M.M., Kepala Bappelitbangda Pemkab Mahulu Yohanes Andy Abeh, S.Sos., M.Si., Kepala Dinas Ketahanan Pangan dan Pertanian (DKPP) Kabupaten Mahulu Engelbertus Ibrahim, S.E., M.Si., serta sejumlah kepala bagian dan jajaran terkait di lingkungan Pemerintah Kabupaten Mahulu, serta jajaran BRMP. (Prokopim/aim)

Berita TerkiniBidang Ekonomi dan PembangunanKerja SamaPertanian

Alamat email Anda tidak akan dipublikasikan. Ruas yang wajib ditandai *

Simpan nama, email, dan situs web saya pada peramban ini untuk komentar saya berikutnya.",#PressRelease #Pembangunan #Pemerintahan #Ekonomi #Kesehatan #Pendidikan #Pertanian #Sosial #Pariwisata #Pengumuman #BeritaTerkini #BidangEkonomidanPembangunan #KerjaSama #BidangPemerintahandanKesejahteraanRakyat #Pembinaan #PenanggulanganBencana #Perhubungan #BantuanSosial,59,https://prokopim.mahakamulukab.go.id/bupati-mahulu-teken-mou-bersama-brmp-kementan-dorong-pengembangan-inovasi-pertanian/
Pengumuman Hasil 3 (Tiga) Calon Terbaik Seleksi Terbuka Pengisian Jabatan Pimpinan Tinggi Pratama Di Lingkungan Pemerintah Kabupaten Mahakam Ulu,https://prokopim.mahakamulukab.go.id/wp-content/uploads/2026/08/Pengumuman-Hasil-3-Calon-Terbaik-Seleksi-Terbuka-JPTP.jpg,images\008_pengumuman-hasil-3-tiga-calon-terbaik-seleksi-terbuka-pengis.jpg,Admin,2026-08-22,"Informasi selengkapnya dapat dilihat pada tautan di bawah ini :

Pengumuman Nama 3 Besar SELTER JPTP Tahun 2026

Alamat email Anda tidak akan dipublikasikan. Ruas yang wajib ditandai *

Simpan nama, email, dan situs web saya pada peramban ini untuk komentar saya berikutnya.",#PressRelease #Pembangunan #Pemerintahan #Ekonomi #Kesehatan #Pendidikan #Pertanian #Sosial #Pariwisata #Pengumuman #Kepegawaian #BeritaTerkini #BidangAdministrasiUmum #Digitalisasi #Pelayanan #Penghargaan #Olahraga #PeraturandanHukum,89,https://prokopim.mahakamulukab.go.id/pengumuman-hasil-3-tiga-calon-terbaik-seleksi-terbuka-pengisian-jabatan-pimpinan-tinggi-pratama-di-lingkungan-pemerintah-kabupaten-mahakam-ulu/
"Siapkan SDM Pertanahan, Bupati Mahulu Dampingi Lima Taruna Asal Mahulu Di Politeknik Agraria STPN",https://prokopim.mahakamulukab.go.id/wp-content/uploads/2026/08/Cover-Berita-Edit-202644.jpg,images\009_siapkan-sdm-pertanahan-bupati-mahulu-dampingi-lima-taruna-as.jpg,Adm,2026-08-21,"Yogyakarta – Bupati Mahakam Ulu (Mahulu), Angela Idang Belawan, mendampingi lima taruna asal Mahulu dalam kegiatan Penyerahan Taruna Jalur Kerja Sama Politeknik Agraria Sekolah Tinggi Pertanahan Nasional (STPN) Tahun Akademik 2026/2027. Kegiatan berlangsung di Politeknik Agraria STPN, Sleman, Daerah Istimewa Yogyakarta, Jumat (21/08/2026).

Kelima taruna tersebut terdiri atas dua laki-laki dan tiga perempuan. Mereka menjadi bagian dari 345 mahasiswa baru Politeknik Agraria STPN Tahun Akademik 2026/2027.

Kehadiran lima taruna asal Mahulu menjadi bagian dari upaya Pemerintah Kabupaten Mahakam Ulu menyiapkan sumber daya manusia yang memiliki kompetensi di bidang pertanahan.

Rombongan Pemerintah Kabupaten (Pemkab) Mahulu diterima oleh Pelaksana Tugas Direktur Politeknik Agraria STPN, Dr. Sri Yanti Achmad, A.Ptnh., S.H., M.Kn., bersama jajaran pengelola akademik dan kemahasiswaan.

Dalam sambutannya, Bupati menyampaikan apresiasi kepada Kementerian Agraria dan Tata Ruang/Badan Pertanahan Nasional serta Politeknik Agraria STPN yang telah memberikan kesempatan kepada putra-putri Mahulu untuk menempuh pendidikan melalui jalur kerja sama.

Kelima taruna tersebut telah melewati proses seleksi dan ujian. Bupati mengingatkan bahwa kesempatan menempuh pendidikan di Politeknik Agraria STPN merupakan capaian yang disertai tanggung jawab untuk menjaga nama baik keluarga dan daerah.

“Kesempatan ini jangan hanya dipandang sebagai keberhasilan pribadi, tetapi juga sebagai tanggung jawab untuk membawa nama baik keluarga dan daerah,” ujar Bupati.

Menurut Angela Idang Belawan, penyiapan sumber daya manusia di bidang pertanahan memiliki arti penting bagi Mahakam Ulu. Hingga saat ini, Kabupaten Mahakam Ulu belum memiliki Kantor Pertanahan sendiri sehingga pelayanan masih bergantung pada Kantor Pertanahan Kabupaten Kutai Barat.

Kondisi tersebut menjadi salah satu tantangan dalam mendekatkan pelayanan pertanahan kepada masyarakat. Karena itu, Mahakam Ulu membutuhkan aparatur yang memiliki kompetensi dan pemahaman di bidang pertanahan.

“Pemerintah Kabupaten Mahakam Ulu juga terus berharap agar ke depan kami dapat memiliki Kantor Pertanahan sendiri sehingga pelayanan pertanahan semakin dekat, mudah, dan cepat,” ucapnya.

Dalam pertemuan tersebut, Pemkab Mahulu dan pihak Politeknik Agraria STPN turut membahas kebutuhan tenaga aparatur bidang pertanahan. Penyiapan sumber daya manusia melalui jalur pendidikan diharapkan dapat mendukung kesiapan daerah dalam meningkatkan pelayanan kepada masyarakat.

Bupati juga menitipkan kelima taruna asal Mahulu kepada pimpinan dan jajaran Politeknik Agraria STPN agar mendapatkan pendidikan serta pembinaan yang baik selama menjalani perkuliahan.

“Kepada Bapak dan Ibu pimpinan Kementerian ATR/BPN, kami titip anak-anak kami. Mohon dibimbing, dididik, dan dibina dengan sebaik-baiknya. Didik dan bentuk mereka menjadi tenaga yang kompeten, berintegritas, dan memiliki semangat pengabdian,” pesannya.

Kepada kelima taruna, Angela Idang Belawan berpesan agar belajar dengan sungguh-sungguh, menjaga disiplin, serta membawa nama baik Kabupaten Mahakam Ulu selama menempuh pendidikan.

Menutup sambutan dengan penuh haru, Bupati Angela menyampaikan rasa bangga dan keyakinannya terhadap kemampuan kelima taruna asal Mahulu tersebut.

“Saya bangga dengan pencapaian kalian. Saya yakin kalian akan lulus dengan baik dan kembali ke Mahakam Ulu,” ungkapnya.

Turut hadir dalam kegiatan tersebut Kepala Dinas Pendidikan dan Kebudayaan Kabupaten Mahakam Ulu, Samson Batang, S.Sos., M.Si., beserta jajaran serta Perancang Peraturan Perundang-undangan Ahli Muda pada Bagian Hukum, Fransiska W.L., S.H., M.Si. Hadir pula perwakilan Dinas Pemuda dan Olahraga Kabupaten Tabalong serta perwakilan Bagian Hukum Kabupaten Halmahera Tengah.

Dari Politeknik Agraria STPN turut hadir Kepala Bagian Administrasi, Kepala Bagian Akademik, Ketua Program Studi, Pembantu Ketua Bidang Kemahasiswaan, Kepala Subbagian Kerja Sama, serta Kepala Sub Bagian Kemahasiswaan. (Prokopim)

Berita TerkiniBidang Pemerintahan dan Kesejahteraan RakyatKerja SamaPendidikan

Alamat email Anda tidak akan dipublikasikan. Ruas yang wajib ditandai *

Simpan nama, email, dan situs web saya pada peramban ini untuk komentar saya berikutnya.",#PressRelease #Pembangunan #Pemerintahan #Ekonomi #Kesehatan #Pendidikan #Pertanian #Sosial #Pariwisata #Pengumuman #BeritaTerkini #BidangPemerintahandanKesejahteraanRakyat #KerjaSama #Pembinaan #BidangEkonomidanPembangunan #PenanggulanganBencana #Perhubungan #BantuanSosial,96,https://prokopim.mahakamulukab.go.id/siapkan-sdm-pertanahan-bupati-mahulu-dampingi-lima-taruna-asal-mahulu-di-politeknik-agraria-stpn/
"Paripurna Kesepakatan KUA dan PPAS TA 2027, Pemkab Mahulu Dorong APBD 2027 Pada Pelayanan, Pemerataan dan Kesejahteraan Masyarakat",https://prokopim.mahakamulukab.go.id/wp-content/uploads/2026/08/245.jpg,images\010_paripurna-kesepakatan-kua-dan-ppas-ta-2027-pemkab-mahulu-dor.jpg,Adm,2026-08-21,"Samarinda – Bupati Mahakam Ulu (Mahulu), Angela Idang Belawan, yang dalam kesempatan ini diwakili Wakil Bupati (Wabup) Mahulu, Suhuk, S.E., menghadiri Rapat Paripurna DPRD Kabupaten Mahakam Ulu dalam rangka kesepakatan bersama Kebijakan Umum Anggaran (KUA) dan Prioritas dan Plafon Anggaran Sementara (PPAS) APBD Kabupaten Mahakam Ulu Tahun Anggaran 2027, di Ballroom Lantai 17, Hotel Aston Samarinda. Jumat (21/08/2026)

Dalam sambutan Bupati Mahulu yang disampaikan Wabup Suhuk, ditegaskan bahwa kesepakatan KUA dan PPAS bukan sekadar menyepakati angka-angka dalam dokumen anggaran, tetapi merupakan kesepakatan mengenai arah pembangunan Mahulu pada tahun 2027.

“Kesepakatan yang kita capai pada hari ini bukan sekadar kesepakatan terhadap angka-angka anggaran, melainkan merupakan kesepakatan terhadap arah pembangunan Kabupaten Mahakam Ulu pada tahun 2027,” tegasnya.

KUA dan PPAS APBD 2027 disusun dengan mempertimbangkan arah pembangunan dalam RPJMD Kabupaten Mahakam Ulu Tahun 2025–2029, prioritas pembangunan Pemerintah Provinsi Kalimantan Timur dan Pemerintah Pusat, kondisi fiskal daerah, perkembangan ekonomi makro, kemampuan riil keuangan daerah, evaluasi pelaksanaan APBD 2026 serta kebutuhan pembangunan dan pelayanan masyarakat.

Berdasarkan proyeksi yang disusun, pendapatan daerah Tahun Anggaran 2027 direncanakan sekitar Rp1,256 triliun, sementara belanja daerah direncanakan sebesar Rp1,470 triliun. Adapun penerimaan pembiayaan daerah direncanakan sekitar Rp213,189 miliar.

Dengan kondisi fiskal tersebut, Pemerintah Kabupaten Mahulu menekankan pentingnya kehati-hatian dan ketepatan dalam menentukan prioritas anggaran.

“Setiap rupiah yang dialokasikan dalam APBD harus benar-benar diarahkan untuk program dan kegiatan yang memberikan manfaat sebesar-besarnya bagi masyarakat, mendukung pencapaian target pembangunan daerah, meningkatkan kualitas pelayanan publik, serta mempercepat pemerataan pembangunan di seluruh wilayah Kabupaten Mahakam Ulu,” tegas Wabup Suhuk membacakan sambutan Bupati.

Ia menegaskan, keterbatasan kemampuan fiskal daerah tidak boleh menjadi alasan untuk menurunkan kualitas pelayanan kepada masyarakat. Sebaliknya, kondisi tersebut harus mendorong pemerintah daerah bekerja lebih efektif, efisien, inovatif, transparan dan akuntabel.

“Kita harus memastikan bahwa keterbatasan kemampuan fiskal tidak mengurangi semangat kita untuk memberikan pelayanan terbaik kepada masyarakat. Justru kondisi tersebut harus mendorong kita untuk bekerja semakin efektif, efisien, inovatif, transparan dan akuntabel,” ujarnya.

Dalam kesempatan tersebut, Pemerintah Kabupaten Mahulu juga memberikan apresiasi kepada pimpinan dan seluruh anggota DPRD, khususnya Badan Anggaran DPRD, bersama Tim Anggaran Pemerintah Daerah yang telah menjalani proses pembahasan KUA dan PPAS secara bersama-sama.

Berbagai saran, masukan, koreksi dan pandangan DPRD, menurut pemerintah daerah, menjadi bagian penting dalam penyempurnaan kebijakan pembangunan dan penganggaran daerah. Kesepakatan yang dicapai juga mencerminkan kuatnya kemitraan antara pemerintah daerah dan DPRD dalam menjalankan amanat masyarakat.

“Kita boleh memiliki sudut pandang yang berbeda dalam proses pembahasan, tetapi kita memiliki tujuan yang sama, yaitu menghadirkan pembangunan yang semakin merata, meningkatkan kualitas pelayanan publik, memperkuat perekonomian daerah, serta meningkatkan kesejahteraan seluruh masyarakat Kabupaten Mahakam Ulu,” ungkapnya.

Setelah kesepakatan KUA dan PPAS ditandatangani, Wabup Suhuk meminta seluruh kepala perangkat daerah segera menindaklanjutinya dalam penyusunan Rencana Kerja dan Anggaran Perangkat Daerah.

Penyusunan tersebut harus tetap berpedoman pada plafon anggaran, target kinerja, prioritas pembangunan serta seluruh catatan dan hasil pembahasan yang telah disepakati bersama.

Yang menjadi perhatian khusus pemerintah daerah adalah memastikan APBD tidak hanya berorientasi pada penyerapan anggaran, tetapi pada hasil yang benar-benar dirasakan masyarakat.

“Saya juga menegaskan agar penyusunan anggaran tidak hanya berorientasi pada penyerapan anggaran, tetapi harus berorientasi pada hasil dan manfaat yang dapat dirasakan secara nyata oleh masyarakat,” tegasnya.

Karena itu, program pembangunan diarahkan semakin tepat sasaran dengan mengurangi kegiatan yang kurang memberikan dampak langsung, menghindari pemborosan serta memberikan perhatian sungguh-sungguh terhadap kebutuhan dasar masyarakat dan pembangunan yang menjadi prioritas Kabupaten Mahulu.

“Mari kita jadikan APBD Tahun Anggaran 2027 sebagai instrumen pembangunan yang realistis, sehat, efektif, efisien, transparan, akuntabel, dan berpihak pada kepentingan masyarakat,” pungkasnya.

Kesepakatan KUA dan PPAS Tahun Anggaran 2027 selanjutnya menjadi landasan untuk memasuki tahapan penyusunan dan pembahasan Rancangan APBD Kabupaten Mahakam Ulu Tahun Anggaran 2027.

Pemerintah Kabupaten Mahulu berharap semangat kebersamaan, keterbukaan dan kemitraan antara pemerintah daerah dan DPRD terus dipertahankan dalam setiap tahapan penganggaran, sehingga APBD 2027 benar-benar menjadi instrumen pembangunan yang mampu menjawab kebutuhan masyarakat dan mendorong kemajuan Mahakam Ulu. (Prokopim/tha)

Berita TerkiniBidang Ekonomi dan PembangunanParipurnaPembangunanPemerintahan

Alamat email Anda tidak akan dipublikasikan. Ruas yang wajib ditandai *

Simpan nama, email, dan situs web saya pada peramban ini untuk komentar saya berikutnya.",#PressRelease #Pembangunan #Pemerintahan #Ekonomi #Kesehatan #Pendidikan #Pertanian #Sosial #Pariwisata #Pengumuman #BeritaTerkini #BidangEkonomidanPembangunan #Paripurna #BidangPemerintahandanKesejahteraanRakyat #Pembinaan #PenanggulanganBencana #Perhubungan #BantuanSosial,79,https://prokopim.mahakamulukab.go.id/paripurna-kesepakatan-kua-dan-ppas-ta-2027-pemkab-mahulu-dorong-apbd-2027-pada-pelayanan-pemerataan-dan-kesejahteraan-masyarakat/
Wakil Bupati Mahulu Hadiri Rapat Paripurna Kesepakatan KUA dan PPAS TA 2027,https://prokopim.mahakamulukab.go.id/wp-content/uploads/2026/08/244.jpg,images\011_wakil-bupati-mahulu-hadiri-rapat-paripurna-kesepakatan-kua-d.jpg,Adm,2026-08-21,"Samarinda – Mewakili Bupati Mahakam Ulu (Mahulu), Angela Idang Belawan, Wakil Bupati (Wabup) Mahulu, Suhuk, S.E., menghadiri Rapat Paripurna Dewan Perwakilan Rakyat Daerah (DPRD) Kabupaten Mahakam Ulu dalam rangka Kesepakatan Kebijakan Umum Anggaran (KUA) dan Prioritas Plafon Anggaran Sementara (PPAS) Tahun Anggaran 2027, di Ballroom Lantai 17 Hotel Aston Samarinda. Jumat (21/08/2026)

Rapat paripurna yang merupakan bagian penting dalam tahapan penyusunan Anggaran Pendapatan dan Belanja Daerah (APBD) Kabupaten Mahakam Ulu Tahun Anggaran 2027, dipimpin langsung oleh Ketua DPRD Mahulu, Devung Paran, A.Md, Keb., SH.

Dalam Rapat paripurna ini, usai dibuka oleh pimpinan sidang, dilanjutkan dengan penyampaian laporan Badan Anggaran DPRD terhadap hasil pembahasan KUA dan PPAS Tahun Anggaran 2027. Kemudian dilanjutkan dengan penandatanganan Nota Kesepakatan KUA dan PPAS Tahun Anggaran 2027 serta pendapat akhir atau sambutan Bupati sebelum rapat ditutup.

Rapat paripurna turut dihadiri, Wakil Ketua I DPRD Mahulu, Nor Lili Bulan dan anggota DPRD Mahulu, Sekretaris Daerah Mahulu, Dr. Stephanus Madang, S.Sos., M.M., Asisten Bidang Pemerintahan dan Kesejahteraan Rakyat Mahulu, drg. Agustinus Teguh Santoso, M.Adm., Kes., unsur Forum Koordinasi Pimpinan Daerah, perangkat daerah, serta sejumlah pemangku kepentingan terkait di Lingkup Pemerintahan Kabupaten Mahulu.

Kesepakatan KUA dan PPAS Tahun Anggaran 2027 menjadi salah satu tahapan strategis dalam proses penyusunan APBD, sebagai landasan bagi pemerintah daerah dan DPRD dalam menetapkan arah kebijakan serta prioritas pembangunan daerah pada tahun anggaran mendatang. (Prokopim/tha)

Berita TerkiniBidang Ekonomi dan PembangunanParipurnaPembangunanPemerintahan

Alamat email Anda tidak akan dipublikasikan. Ruas yang wajib ditandai *

Simpan nama, email, dan situs web saya pada peramban ini untuk komentar saya berikutnya.",#PressRelease #Pembangunan #Pemerintahan #Ekonomi #Kesehatan #Pendidikan #Pertanian #Sosial #Pariwisata #Pengumuman #BeritaTerkini #BidangEkonomidanPembangunan #Paripurna #BidangPemerintahandanKesejahteraanRakyat #Pembinaan #PenanggulanganBencana #Perhubungan #BantuanSosial,80,https://prokopim.mahakamulukab.go.id/wakil-bupati-mahulu-hadiri-rapat-paripurna-kesepakatan-kua-dan-ppas-ta-2027/
"Pemkab Mahulu Matangkan Rumusan Tarif PLTS, Bupati Tegaskan Layanan Energi Harus Terjangkau dan Berkelanjutan",https://prokopim.mahakamulukab.go.id/wp-content/uploads/2026/08/Cover-Berita-Edit-202643.jpg,images\012_pemkab-mahulu-matangkan-rumusan-tarif-plts-bupati-tegaskan-l.jpg,Adm,2026-08-20,"Samarinda – Pemerintah Kabupaten (Pemkab) Mahakam Ulu (Mahulu), terus memperkuat langkah strategis dalam memastikan ketersediaan energi listrik yang terjangkau, andal, dan berkelanjutan bagi masyarakat hingga ke kampung-kampung yang belum sepenuhnya terjangkau jaringan listrik konvensional.

Komitmen tersebut didorong dalam Focus Group Discussion (FGD) Laporan Akhir Penyusunan Rumusan Tarif Layanan Energi Listrik Berbasis Pembangkit Listrik Tenaga Surya (PLTS) Kabupaten Mahakam Ulu, yang dilaksanakan di Hotel Fugo Samarinda. Kamis (20/8/2026)

Bupati Mahulu, Angela Idang Belawan, dalam kegiatan tersebut diwakili Sekretaris Daerah Kabupaten Mahulu, Dr. Stephanus Madang, S.Sos., M.M., menegaskan bahwa penyusunan rumusan tarif tidak semata-mata berbicara mengenai besaran biaya layanan, tetapi harus menjadi bagian dari upaya memastikan PLTS dapat dikelola secara berkelanjutan dan benar-benar memberikan manfaat bagi masyarakat.

Dalam sambutan Bupati yang dibacakan Sekda, disebutkan bahwa energi listrik merupakan kebutuhan dasar sekaligus salah satu fondasi pembangunan daerah karena berperan penting dalam mendukung pendidikan, pelayanan kesehatan, komunikasi, kegiatan ekonomi hingga pelayanan pemerintahan.

“Tarif yang kita rumuskan harus mencerminkan kondisi masyarakat dan sistem PLTS di Mahakam Ulu. Pengalaman pengguna dan kondisi fasilitas harus menjadi bagian dari kajian. Kemampuan pengelola serta kebutuhan biaya operasional juga perlu diperhitungkan,” demikian penegasan Bupati dalam sambutannya.

Menurutnya, kondisi geografis Mahulu dengan wilayah yang luas dan keterbatasan akses transportasi menjadi tantangan tersendiri dalam memperluas jaringan listrik konvensional. Karena itu, pengembangan PLTS menjadi salah satu solusi yang relevan untuk memenuhi kebutuhan listrik masyarakat di wilayah yang belum terjangkau jaringan konvensional.

FGD tersebut menjadi ruang penting untuk menguji sekaligus menyempurnakan hasil kajian agar rumusan tarif yang dihasilkan benar-benar berpijak pada kondisi faktual di lapangan. Pemkab Mahulu berharap kajian pada PLTS Batoq Kelo, Matalibaq, Wana Pariq, dan Tri Pariq Makmur dapat memberikan gambaran yang objektif dan representatif sebagai dasar perumusan kebijakan layanan PLTS ke depan.

Bupati juga menekankan pentingnya keterlibatan seluruh pihak dalam memberikan data dan informasi berdasarkan pengalaman pengelolaan PLTS. Rumusan yang dihasilkan harus bermuara pada satu kepentingan bersama, yakni menghadirkan layanan energi listrik yang bermutu dan dapat diandalkan bagi masyarakat Mahulu.

Selain aspek tarif, kajian tersebut juga diarahkan untuk memperjelas kelembagaan pengelola, mekanisme pemungutan tarif, pembagian peran, serta pembiayaan pemeliharaan. Kejelasan aspek tersebut dinilai penting agar pengelolaan PLTS dapat berjalan secara tertib, transparan, dan dapat dipertanggungjawabkan.

“PLTS harus menjadi aset yang produktif dan terawat agar dapat melayani masyarakat dalam jangka panjang,” tegas Bupati.

Pemkab Mahulu, lanjutnya berkomitmen memastikan manfaat pembangunan dapat dirasakan secara merata hingga kampung-kampung yang jauh dari pusat pemerintahan. Ketersediaan energi listrik yang andal bukan hanya menyangkut penerangan, tetapi juga membuka ruang yang lebih besar bagi peningkatan kualitas pendidikan, pelayanan kesehatan, komunikasi, pertumbuhan ekonomi dan kesejahteraan masyarakat.

Pada kesempatan tersebut, Pemkab Mahulu juga menyampaikan apresiasi kepada Bagian Perekonomian dan Sumber Daya Alam Sekretariat Daerah Kabupaten Mahulu, tim tenaga ahli, perangkat daerah terkait, pemerintah kecamatan dan kampung, serta para operator PLTS yang telah mendukung proses penyusunan kajian hingga tahap laporan akhir.

Melalui FGD ini, Pemkab Mahulu berharap rumusan tarif yang dihasilkan mampu menemukan titik keseimbangan antara keterjangkauan bagi masyarakat dan keberlanjutan pengelolaan layanan. Dengan demikian, pembangunan PLTS tidak berhenti pada penyediaan infrastruktur, tetapi memastikan infrastruktur tersebut terus berfungsi dan memberi manfaat nyata bagi masyarakat dalam jangka panjang.

“Keberhasilan pembangunan diukur dari kemampuan infrastruktur untuk terus memberi manfaat bagi masyarakat. Karena itu, keberlangsungan layanan PLTS harus menjadi tanggung jawab kita bersama,” tegasnya.

Pemkab Mahulu menegaskan, penguatan energi berbasis PLTS merupakan bagian dari ikhtiar membangun sistem energi yang mandiri, berkeadilan, dan berkelanjutan, sekaligus memperkuat pemerataan pembangunan hingga ke seluruh wilayah Mahakam Ulu.

Hadir dalam kegiatan ini Tim TP3D Mahulu, OPD terkait yakni Bappenda, DLH, DPMPTSP, Dinas PUPR, Bagian Kesra, Bagian Hukum, Bagian EkoSDA, dan Camat Long Hubung. Kemudian Petinggi dan BPK dari Kampung Batoq Kelo, Kampung Matalibaq, Kampung Wana Pariq, dan Kampung Tri Pariq Makmur. Turut hadir pula Operator PLTS dari Matalibaq dan Wana Pariq. Tenaga Ahli Penyusun Rumus Tarif Layanan Energi Listrik Berbasis PLTS Kabupaten Mahulu.

Pada kesempatan ini hadir Kepala Laboratorium Konversi Energi Elektrik Teknik Elektro, ITN Malang, Dr. Ir. Widodo Pudji Muljanto, MT, selaku ketua Tim dari ITN Malang bersama anggota. (Prokopim/tha)

Berita TerkiniBidang Ekonomi dan PembangunanPelayananPembangunan

Alamat email Anda tidak akan dipublikasikan. Ruas yang wajib ditandai *

Simpan nama, email, dan situs web saya pada peramban ini untuk komentar saya berikutnya.",#PressRelease #Pembangunan #Pemerintahan #Ekonomi #Kesehatan #Pendidikan #Pertanian #Sosial #Pariwisata #Pengumuman #BeritaTerkini #BidangEkonomidanPembangunan #Pelayanan #BidangPemerintahandanKesejahteraanRakyat #Pembinaan #PenanggulanganBencana #Perhubungan #BantuanSosial,95,https://prokopim.mahakamulukab.go.id/pemkab-mahulu-matangkan-rumusan-tarif-plts-bupati-tegaskan-layanan-energi-harus-terjangkau-dan-berkelanjutan/
"9,7 Ton Bantuan Pangan Tiba, Pemkab Mahulu Bergerak Jaga Kebutuhan Masyarakat Di Tengah Kemarau",https://prokopim.mahakamulukab.go.id/wp-content/uploads/2026/08/Cover-Berita-Edit-202641.jpg,images\013_97-ton-bantuan-pangan-tiba-pemkab-mahulu-bergerak-jaga-kebut.jpg,Adm,2026-08-19,"Ujoh Bilang – Bupati Mahakam Ulu (Mahulu), Angela Idang Belawan didampingi Wakil Bupati Mahulu, Suhuk, S.E., menerima sebanyak 9,7 ton bantuan cadangan pangan, bahan pokok penting, dan energi (LPG serta bahan bakar) pada Rabu (19/8/2026) sore.

Bantuan tersebut merupakan bagian dari upaya Pemerintah Provinsi (Pemprov) Kalimantan Timur (Kaltim) dan Pemerintah Kabupaten (Pemkab) Mahulu dalam menjaga ketersediaan kebutuhan pokok masyarakat di tengah kondisi kemarau yang berdampak terhadap distribusi barang ke wilayah hulu Mahakam.

Bupati Angela Idang Belawan mengatakan, bantuan tersebut akan disalurkan melalui skema Gerakan Pangan Murah (GPM) dan Operasi Pasar Murah (OPM). Untuk tahap awal, GPM dari Dinas Ketahanan Pangan dan Pertanian (DKPP) akan diarahkan ke Long Pahangai, sedangkan OPM dari Bagian Ekonomi dan Sumber Daya Alam (EkoSDA) dijadwalkan menyasar Long Apari sekitar 24 Agustus.

“Yang sudah sampai hari ini sebanyak 9,7 ton. Ini akan kita bawa ke Long Apari dan Long Pahangai. Kita bersyukur karena sudah ada sembako yang bisa kita kerahkan ke Long Pahangai maupun ke Long Apari,” kata Angela usai menerima bantuan.

Menurutnya, bantuan yang tiba tersebut belum merupakan keseluruhan bantuan pangan yang akan diterima Mahulu. DKPP masih mengirimkan sekitar tujuh ton bantuan yang diperkirakan tiba pada malam hari, sehingga total bantuan pangan yang akan dikerahkan mencapai lebih dari 16 ton.

“Tidak hanya 9,7 ton ini. Ada dari DKPP sekitar tujuh ton, jadi totalnya sekitar 16 sekian ton dan akan langsung disalurkan ke Long Pahangai. Sedangkan dari EkoSDA akan dibawa ke Long Apari. Kita akan berbagi,” jelas Angela.

Angela menjelaskan, salah satu kendala utama dalam pengiriman bantuan dari pemerintah provinsi saat ini adalah biaya angkutan. Karena itu, Pemkab Mahulu akan mengupayakan penggunaan armada pemerintah daerah maupun menanggung biaya angkut agar distribusi bantuan tidak terhambat.

“Bagaimanapun caranya yang penting tercukupi sembako yang ada di Long Apari, Long Pahangai, bahkan di tiga kecamatan yang di hilir ini. Entah nanti dengan armada kita sendiri ataupun dengan ongkos angkut yang kita bebankan ke Pemda. Setidaknya provinsi sudah membantu kita dengan barangnya, bahan sembakonya,” katanya.

Bantuan dari Pemerintah Provinsi Kalimantan Timur tersebut dikirim dari Samarinda menuju Long Bagun. Selain pangan, bantuan juga mencakup LPG untuk menjaga ketersediaan energi rumah tangga di tengah terganggunya distribusi akibat kondisi kemarau dan surutnya Sungai Mahakam.

Pertamina Patra Niaga melalui mitra penyalur atau agen LPG mengirimkan 720 tabung LPG 3 kilogram serta 200 tabung Bright Gas 12 kilogram. Sementara bantuan pangan terdiri atas 330 sak beras Premium Kita kemasan 5 kilogram, 600 pcs Minyakita kemasan 2 liter, dan 1.200 pcs gula Rose Brand kemasan 1 kilogram.

Bantuan tersebut sekaligus dirangkaikan dengan operasi pasar untuk menjaga ketersediaan pasokan sekaligus membantu mengendalikan harga kebutuhan pokok yang terdampak kendala distribusi.

Di tengah kondisi distribusi yang masih mahal, Pemkab Mahulu juga menyiapkan langkah melalui pemanfaatan Belanja Tidak Terduga (BTT). Namun, Angela menegaskan BTT tidak sepenuhnya diarahkan untuk pembelian sembako, melainkan diprioritaskan untuk memperbaiki akses jalan Long Pakaq menuju Tiong Ohang yang saat ini mengalami banyak titik putus.

“Untuk BTT Mahulu kita lebih mengutamakan untuk jalan dari Long Pakaq ke Tiong Ohang karena kondisi jalan di sana banyak yang terputus. Itu yang mau kita kerjakan supaya jalan Long Pakaq dan Tiong Ohang bisa punya kondisi yang lebih baik dan bisa tembus menggunakan mobil,” jelasnya.

Menurut Angela, pembukaan akses darat tersebut diharapkan dapat menekan biaya distribusi barang ke wilayah hulu. Selama ini, pengangkutan melalui sungai membutuhkan biaya besar sehingga turut mempengaruhi harga kebutuhan pokok masyarakat.

Berdasarkan laporan Camat Long Apari Petrus Ngo, tarif angkutan menggunakan perahu ketinting dari Long Lunuk menuju sejumlah wilayah mencapai jutaan rupiah per perjalanan. Untuk rute Long Lunuk–Tiong Ohang, tarif angkutan mencapai Rp2,75 juta per perahu, ditambah BBM 25 liter. Sementara rute Long Lunuk–Noha Silat mencapai Rp 4,25 juta ditambah 45 liter BBM, dan Long Lunuk–Long Apari/Noha Tivab mencapai Rp5,55 juta ditambah 65 liter BBM.

“Harapan kita dengan pembukaan jalan ini akan menekan harga, karena ongkos angkut lebih murah daripada sebelumnya. Kita tahu sendiri ongkos angkut lewat sungai lebih tinggi daripada lewat darat,” kata Angela.

Pemkab Mahulu selanjutnya akan membawa kebutuhan peningkatan akses tersebut kepada pemerintah provinsi maupun pemerintah pusat agar pembangunan infrastruktur dapat terus dilanjutkan. Langkah tersebut diharapkan dapat memperkuat konektivitas sekaligus mengurangi beban biaya distribusi ke wilayah hulu.

Selain kebutuhan pangan dan infrastruktur, Pemkab Mahulu juga akan memetakan kebutuhan kelompok masyarakat yang dinilai rentan selama kondisi kemarau dan gangguan distribusi. Obat-obatan serta kebutuhan balita, bayi, ibu hamil, lansia dan masyarakat yang sedang sakit akan menjadi perhatian khusus pemerintah daerah.

“Tidak hanya masyarakat umum, tapi yang spesial seperti ibu hamil, balita, bayi, lansia dan orang sakit juga perlu kita utamakan,” ujarnya.

Selanjutnya, seluruh organisasi perangkat daerah (OPD) terkait diminta menyusun kebutuhan berdasarkan data di lapangan agar penanganan yang dilakukan pemerintah benar-benar sesuai dengan kondisi masyarakat. (Prokopim)

Berita TerkiniBidang Ekonomi dan PembangunanKetahanan PanganPenanggulangan Bencana

Alamat email Anda tidak akan dipublikasikan. Ruas yang wajib ditandai *

Simpan nama, email, dan situs web saya pada peramban ini untuk komentar saya berikutnya.",#PressRelease #Pembangunan #Pemerintahan #Ekonomi #Kesehatan #Pendidikan #Pertanian #Sosial #Pariwisata #Pengumuman #BeritaTerkini #BidangEkonomidanPembangunan #KetahananPangan #PenanggulanganBencana #BidangPemerintahandanKesejahteraanRakyat #Pembinaan #Perhubungan #BantuanSosial,114,https://prokopim.mahakamulukab.go.id/97-ton-bantuan-pangan-tiba-pemkab-mahulu-bergerak-jaga-kebutuhan-masyarakat-di-tengah-kemarau/
Pemkab Mahulu Susun Langkah Terpadu Hadapi Dampak Kemarau,https://prokopim.mahakamulukab.go.id/wp-content/uploads/2026/08/Cover-Berita-Edit-202642.jpg,images\014_pemkab-mahulu-susun-langkah-terpadu-hadapi-dampak-kemarau.jpg,Adm,2026-08-19,"Ujoh Bilang – Bupati Mahakam Ulu (Mahulu), Angela Idang Belawan, memimpin Rapat Koordinasi Penanganan Dampak Kemarau di Kabupaten Mahulu, yang digelar di Kantor Bupati Mahakam Ulu, pada Rabu (19/08/2026) siang.

Rapat yang diinisiasi oleh Badan Penanggulangan Bencana Daerah (BPBD) Mahulu tersebut membahas kondisi terkini serta langkah pemerintah daerah dalam menjaga ketersediaan kebutuhan pokok masyarakat. Perhatian utama diarahkan pada Kecamatan Long Pahangai dan Long Apari yang menghadapi kendala distribusi akibat surutnya Sungai Mahakam.

Dalam rapat tersebut, Bupati Angela meminta seluruh organisasi perangkat daerah terkait bergerak secara terkoordinasi sesuai tugas masing-masing. Setiap langkah penanganan harus mengacu pada data lapangan agar bantuan dan kebijakan yang disiapkan sesuai dengan kebutuhan masyarakat.

Kondisi kemarau telah mempengaruhi kelancaran angkutan sungai yang selama ini menjadi jalur utama distribusi barang menuju wilayah hulu. Kapasitas angkut menjadi terbatas dan biaya perjalanan meningkat sehingga berpengaruh terhadap ketersediaan serta harga pangan dan energi.

Pemerintah daerah memprioritaskan beberapa langkah penanganan, mulai dari pemantauan stok dan harga kebutuhan pokok, pelaksanaan Gerakan Pangan Murah (GPM) dan Operasi Pasar Murah (OPM), hingga pengaturan distribusi bantuan menuju wilayah terdampak.

Berdasarkan paparan yang disampaikan oleh Kepala Bidang Ketersediaan dan Distribusi Pangan, Anatolius Bahalan Tigang, S.P., M.A.P dari Dinas Ketahanan Pangan dan Pertanian (DKPP), pemantauan harga pangan terus dilakukan di lima kecamatan. Koordinasi juga dilaksanakan bersama Pemerintah Provinsi Kalimantan Timur, Perum Bulog, dan pihak terkait untuk memperkuat ketersediaan serta kelancaran distribusi pangan.

Pada hari yang sama, bantuan cadangan pangan dari Pemerintah Provinsi Kalimantan Timur sebanyak 9.715 kilogram dijadwalkan tiba di Mahulu. Bantuan tersebut selanjutnya akan dipersiapkan untuk mendukung kebutuhan masyarakat di wilayah terdampak.

DKPP juga menyiapkan pelaksanaan GPM menuju Long Pahangai. Sementara itu, Bagian Ekonomi dan Sumber Daya Alam mempersiapkan OPM yang direncanakan menyasar sejumlah kampung di Kecamatan Long Apari diperkirakan mulai 24 Agustus 2026.

Selain pangan, rapat turut membahas ketersediaan energi rumah tangga dan bahan bakar. Pemantauan serta koordinasi distribusi akan terus dilakukan agar kebutuhan masyarakat tetap tersedia selama kondisi angkutan menuju wilayah hulu belum kembali normal.

Angela Idang Belawan juga meminta perangkat daerah memetakan kebutuhan kelompok masyarakat yang memerlukan perhatian khusus. Kebutuhan bayi, balita, ibu hamil, lanjut usia, dan masyarakat yang sedang sakit perlu menjadi bagian dari prioritas penanganan.

Pada sektor infrastruktur, Pemerintah Kabupaten Mahulu menyiapkan langkah untuk menangani akses Long Pakaq menuju Tiong Ohang. Jalur tersebut diharapkan dapat menjadi alternatif distribusi melalui darat sehingga ketergantungan terhadap angkutan sungai dapat dikurangi.

Dinas Pekerjaan Umum dan Penataan Ruang, Perumahan dan Kawasan Permukiman telah melakukan survei terhadap kondisi jalan dan jembatan di jalur tersebut. Pemerintah daerah selanjutnya akan menyusun kebutuhan penanganan agar akses dapat difungsikan untuk mendukung mobilitas barang dan masyarakat.

Pembukaan akses darat dinilai penting untuk menekan biaya angkutan yang meningkat selama Sungai Mahakam mengalami penyusutan debit air. Pemkab Mahulu juga akan membawa kebutuhan peningkatan konektivitas tersebut dalam koordinasi bersama pemerintah provinsi dan pemerintah pusat.

Melalui rapat koordinasi ini, Angela Idang Belawan berharap seluruh langkah penanganan dapat berjalan terpadu dan tepat sasaran. Perangkat daerah diminta terus memperbarui data, memantau perkembangan di lapangan, serta memastikan kebutuhan masyarakat tetap menjadi prioritas selama kemarau berlangsung.

Turut hadir dalam rapat tersebut Wakil Bupati Mahulu, Suhuk, S.E., Asisten I Bidang Pemerintahan dan Kesejahteraan Rakyat, drg. Agustinus Teguh Santoso, M.Adm., Kes., segenap kepala organisasi perangkat daerah di lingkungan Pemkab Mahulu, perwakilan Polres Mahulu, serta Perwira Penghubung Dandim 0912/Kutai Barat. (Prokopim)

Berita TerkiniBidang Ekonomi dan PembangunanKetahanan PanganPelayananPenanggulangan Bencana

Alamat email Anda tidak akan dipublikasikan. Ruas yang wajib ditandai *

Simpan nama, email, dan situs web saya pada peramban ini untuk komentar saya berikutnya.",#PressRelease #Pembangunan #Pemerintahan #Ekonomi #Kesehatan #Pendidikan #Pertanian #Sosial #Pariwisata #Pengumuman #BeritaTerkini #BidangEkonomidanPembangunan #KetahananPangan #Pelayanan #PenanggulanganBencana #BidangPemerintahandanKesejahteraanRakyat #Pembinaan #Perhubungan #BantuanSosial,106,https://prokopim.mahakamulukab.go.id/pemkab-mahulu-susun-langkah-terpadu-hadapi-dampak-kemarau/
"Bupati Launching E-Presensi dan SIMPEG, Dorong Birokrasi Lebih Disiplin dan Berbasis Data",https://prokopim.mahakamulukab.go.id/wp-content/uploads/2026/08/Cover-Berita-Edit-202640.jpg,images\015_bupati-launching-e-presensi-dan-simpeg-dorong-birokrasi-lebi.jpg,Adm,2026-08-18,"Ujoh Bilang – Bupati Mahakam Ulu (Mahulu), Angela Idang Belawan secara resmi meluncurkan Aplikasi E-Presensi dan Sistem Informasi Manajemen Kepegawaian (SIMPEG), yang dirangkaikan dengan Bimbingan Teknis Penggunaan Aplikasi, di Ujoh Bilang, Selasa (18/8/26).

Peluncuran tersebut menjadi bagian dari upaya Pemerintah Kabupaten Mahulu membenahi tata kelola birokrasi melalui pemanfaatan teknologi digital, khususnya dalam pengelolaan administrasi dan data kepegawaian.

Kegiatan ini turut hadir Sekretaris Daerah, Dr. Stephanus Madang, S.Sos., M.M., para pejabat pimpinan perangkat daerah, camat, serta jajaran ASN di lingkungan Pemkab Mahulu.

Dalam sambutannya, Bupati Angela Idang Belawan menerangkan penerapan E-Presensi dan SIMPEG merupakan bagian dari upaya membangun birokrasi yang lebih tertib, disiplin dan berbasis data. Menurutnya, semangat tersebut sejalan dengan nilai disiplin, tanggung jawab dan kesungguhan yang menjadi bagian dari perjuangan membangun bangsa.

“Bangsa ini besar bukan hanya karena semangatnya, tetapi karena para pendirinya punya disiplin, punya tanggung jawab, dan punya kesungguhan mengerjakan apa yang mereka mulai sampai tuntas,” ujarnya.

Bupati menegaskan, E-Presensi diharapkan menjadi instrumen untuk membangun budaya disiplin ASN, sementara SIMPEG menjadi pusat data kepegawaian yang akurat dan dapat diandalkan. Data tersebut nantinya dapat digunakan untuk perencanaan kebutuhan pegawai, pembinaan, evaluasi kinerja dan pengambilan kebijakan kepegawaian.

Dalam penerapannya, Ia meminta pimpinan perangkat daerah dan camat mengawal penggunaan sistem tersebut di unit kerja masing-masing. Ia juga menekankan pentingnya memastikan data kepegawaian dalam SIMPEG selalu benar, mutakhir dan dapat dipertanggungjawabkan.

“Percuma kita punya sistem yang canggih kalau isinya asal-asalan. Ingat, ini menyangkut hak ASN kita, menyangkut karir mereka, menyangkut masa depan pegawai kita sendiri,” tegas Angela

Angela juga menegaskan bahwa presensi menjadi bagian dari penilaian disiplin ASN, terintegrasi dengan kinerja, serta menjadi salah satu dasar dalam pemberian TPP sesuai ketentuan yang berlaku. Ia menyadari penerapan sistem baru membutuhkan proses penyesuaian. Namun, ia meminta ASN tidak menjadikan masa adaptasi sebagai alasan untuk menunda atau menolak perubahan.

“Saya paham, perubahan selalu ada masa penyesuaian. Ada yang mungkin masih gagap, masih terbiasa cara lama. Tidak apa-apa, saya beri waktu. Tapi saya ingatkan, jangan sampai penyesuaian ini kita jadikan alasan untuk berlama-lama, apalagi menolak perubahan,” tegas Bupati.

Angela Idang Belawan berharap implementasi E-Presensi dan SIMPEG dapat memperkuat tata kelola kepegawaian sekaligus meningkatkan kinerja ASN dan kualitas pelayanan kepada masyarakat.

“Tertib administrasi, melaju bersama. ASN bekerja mengabdi pada negara, memberi pelayanan terbaik untuk semua,” ajaknya.(Prokopim/vta)

Berita TerkiniBidang Administrasi UmumDigitalisasiKepegawaianPemerintahan

Alamat email Anda tidak akan dipublikasikan. Ruas yang wajib ditandai *

Simpan nama, email, dan situs web saya pada peramban ini untuk komentar saya berikutnya.",#PressRelease #Pembangunan #Pemerintahan #Ekonomi #Kesehatan #Pendidikan #Pertanian #Sosial #Pariwisata #Pengumuman #BeritaTerkini #BidangAdministrasiUmum #Digitalisasi #Kepegawaian #BidangPemerintahandanKesejahteraanRakyat #Pembinaan #BidangEkonomidanPembangunan #PenanggulanganBencana #Perhubungan #BantuanSosial,131,https://prokopim.mahakamulukab.go.id/bupati-launching-e-presensi-dan-simpeg-dorong-birokrasi-lebih-disiplin-dan-berbasis-data/
Bupati Mahulu Tutup Rangkaian HUT RI ke-81 dengan Pesan Kebersamaan dan Kepedulian,https://prokopim.mahakamulukab.go.id/wp-content/uploads/2026/08/Malam-syukur.jpg,images\016_bupati-mahulu-tutup-rangkaian-hut-ri-ke-81-dengan-pesan-kebe.jpg,Adm,2026-08-17,"Ujoh Bilang – Kebersamaan dan pesan kepedulian mewarnai Malam Syukuran Hari Ulang Tahun (HUT) ke-81 Kemerdekaan Republik Indonesia yang digelar Pemerintah Kabupaten (Pemkab) Mahakam Ulu (Mahulu) di Lapangan Alun-Alun Ujoh Bilang, Senin (17/8/2026) malam.

Acara yang dimulai sekitar pukul 20.00 WITA tersebut dibuka dengan penampilan Tarian tradisional Dayak Bahau dan Dayak Kenyah menyambut seluruh warga yang datang.

Ketua Panitia Acara, drg. Agustinus Teguh Santoso, M.Adm., Kes., kemudian menyampaikan laporan pelaksanaan kegiatan. Bupati Mahulu, Angela Idang Belawan, melanjutkan acara dengan menyampaikan sambutan sekaligus menutup seluruh rangkaian resmi peringatan HUT ke-81 Kemerdekaan RI di Kabupaten Mahulu.

Di tengah suasana perayaan, Bupati Mahulu Angela Idang Belawan, mengajak seluruh pihak memperhatikan masyarakat di Kecamatan Long Pahangai, Long Apari, dan wilayah sekitarnya yang menghadapi kesulitan akibat musim kemarau.

Kondisi sungai dan terganggunya akses transportasi telah mempengaruhi pemenuhan kebutuhan pokok masyarakat. Bupati menegaskan bahwa pemerintah dan masyarakat harus hadir serta berdiri bersama warga yang menghadapi kesulitan tersebut.

“Namun satu hal yang harus kita pastikan, saudara-saudara kita di wilayah paling ujung Mahakam Ulu tidak boleh merasa berjalan dan menghadapi kesulitan sendirian,” tegas Bupati.

Angela menyampaikan bahwa kepedulian dan kebersamaan menjadi bagian penting dalam memaknai kemerdekaan. Ia mengajak seluruh masyarakat Mahulu memandang kesulitan warga di wilayah hulu sebagai persoalan bersama.

“Bagi saya, kemerdekaan yang sesungguhnya adalah ketika kita mampu melihat kesulitan saudara kita sebagai kesulitan kita bersama. Ketika yang kuat mengulurkan tangan kepada yang membutuhkan, ketika pemerintah dan masyarakat berdiri bersama, dan ketika tidak ada satupun warga Mahakam Ulu yang merasa ditinggalkan karena jarak dan keadaan,” ujarnya.

Angela Idang Belawan juga mengajak jajaran pemerintah, dunia usaha, organisasi kemasyarakatan, tokoh adat, tokoh agama, dan seluruh masyarakat Mahulu membangun semangat gotong royong. Setiap pihak dapat membantu sesuai kemampuan dan perannya masing-masing.

“Untuk itu, saya mengajak seluruh jajaran pemerintah, dunia usaha, organisasi kemasyarakatan, tokoh adat, tokoh agama, serta seluruh masyarakat Mahakam Ulu, mari kita bangun semangat gotong royong dan kepedulian,” ajaknya.

Setelah menyampaikan sambutannya, Angela Idang Belawan menutup seluruh rangkaian resmi peringatan HUT ke-81 RI. Acara kemudian berlanjut ke sesi hiburan dengan penampilan Solo Sappe Toni.

Suasana malam syukuran semakin meriah saat Magnicentra Band tampil menghibur para tamu undangan. Penampilan musik tersebut melengkapi rangkaian kegiatan yang memadukan sukacita peringatan kemerdekaan dengan semangat kebersamaan.

Turut hadir Wakil Ketua I DPRD Mahakam Ulu, Anastasia Hiyang, S.I.P., M.Si., beserta jajaran DPRD Mahulu, Sekretaris Daerah Mahulu, Dr. Stephanus Madang, S.Sos., M.M., Kapolres Mahakam Ulu, AKBP Ronny Wijaya, S.I.K., Perwira Penghubung Kodim 0912/Kutai Barat, Asisten Bidang Administrasi Umum, Kristina Tening, S.H., M.Si., Ketua TP3D Mahulu, Dr. Bonifasius Belawan Geh, S.H., M.E., tamu undangan., dan masyarakat (Prokopim)

Berita TerkiniBidang Pemerintahan dan Kesejahteraan RakyatHut RI

Alamat email Anda tidak akan dipublikasikan. Ruas yang wajib ditandai *

Simpan nama, email, dan situs web saya pada peramban ini untuk komentar saya berikutnya.",#PressRelease #Pembangunan #Pemerintahan #Ekonomi #Kesehatan #Pendidikan #Pertanian #Sosial #Pariwisata #Pengumuman #BeritaTerkini #BidangPemerintahandanKesejahteraanRakyat #HutRI #Pembinaan #BidangEkonomidanPembangunan #PenanggulanganBencana #Perhubungan #BantuanSosial,132,https://prokopim.mahakamulukab.go.id/bupati-mahulu-tutup-rangkaian-hut-ri-ke-81-dengan-pesan-kebersamaan-dan-kepedulian/
Wabup Mahulu Pimpin Upacara Penurunan Bendera HUT ke-81 RI,https://prokopim.mahakamulukab.go.id/wp-content/uploads/2026/08/Penurunan.jpg,images\017_wabup-mahulu-pimpin-upacara-penurunan-bendera-hut-ke-81-ri.jpg,Adm,2026-08-17,"Ujoh Bilang – Wakil Bupati Mahakam Ulu (Mahulu), Suhuk, S.E., memimpin Upacara Penurunan Bendera Merah Putih dalam rangka memperingati Hari Ulang Tahun (HUT) ke-81 Kemerdekaan Republik Indonesia di Lapangan Alun-Alun Ujoh Bilang, Senin (17/08/2026) sore.

Wakil Bupati bertindak sebagai inspektur upacara. Ia memimpin prosesi yang dimulai pukul 17.00 WITA tersebut dengan tertib dan khidmat. Cuaca cerah turut mendukung kelancaran kegiatan.

Sebanyak 25 anggota Pasukan Pengibar Bendera Pusaka (Paskibraka) Kabupaten Mahulu bertugas menurunkan Bendera Merah Putih. Mereka memasuki lapangan dengan langkah tegap dan menjalankan setiap tahapan prosesi secara teratur diiringi penghormatan seluruh peserta upacara. Kedisiplinan, kekompakan, dan ketelitian para anggota Paskibraka mendukung kelancaran seluruh prosesi.

Upacara penurunan bendera menutup rangkaian upacara pengibaran dan penurunan Bendera Merah Putih di Kabupaten Mahulu. Kegiatan tersebut mengajak seluruh peserta menghormati perjuangan para pahlawan serta menjaga nasionalisme, persatuan, dan kecintaan terhadap Tanah Air.

Upacara berakhir sekitar pukul 18.00 WITA. Wakil Bupati, para pejabat, petugas upacara, dan anggota Paskibraka kemudian mengikuti sesi foto bersama. Pemerintah Kabupaten Mahulu melanjutkan rangkaian peringatan HUT ke-81 RI dengan Malam Syukuran HUT Ke-81 RI Tahun 2026 pada pukul 20.00 WITA.

Upacara turut diikuti oleh Wakil Ketua I DPRD Mahakam Ulu, Anastasia Hiyang, S.I.P., M.Si., Sekretaris Daerah Mahulu, Dr. Stephanus Madang, S.Sos., M.M., Asisten Bidang Pemerintahan dan Kesejahteraan Rakyat, drg. Agustinus Teguh Santoso, M.Adm., Kes., Asisten Bidang Administrasi Umum, Kristina Tening, S.H., M.Si., Wakil Ketua TP PKK Mahulu, Jerni Melen Suhuk, S.Pd., serta unsur TNI dan Polri. (Prokopim)

Berita TerkiniBidang Pemerintahan dan Kesejahteraan RakyatHut RI

Alamat email Anda tidak akan dipublikasikan. Ruas yang wajib ditandai *

Simpan nama, email, dan situs web saya pada peramban ini untuk komentar saya berikutnya.",#PressRelease #Pembangunan #Pemerintahan #Ekonomi #Kesehatan #Pendidikan #Pertanian #Sosial #Pariwisata #Pengumuman #BeritaTerkini #BidangPemerintahandanKesejahteraanRakyat #HutRI #Pembinaan #BidangEkonomidanPembangunan #PenanggulanganBencana #Perhubungan #BantuanSosial,122,https://prokopim.mahakamulukab.go.id/wabup-mahulu-pimpin-upacara-penurunan-bendera-hut-ke-81-ri/
"Momen Peringatan HUT RI ke-81, Bupati Mahulu Sampaikan Perjuangan Pembangunan Belum Selesai, Akses Long Apari Terus Diupayakan",https://prokopim.mahakamulukab.go.id/wp-content/uploads/2026/08/235.jpg,images\018_momen-peringatan-hut-ri-ke-81-bupati-mahulu-sampaikan-perjua.jpg,Adm,2026-08-17,"Ujoh Bilang – Kemerdekaan yang telah dirasakan masyarakat Kabupaten Mahakam Ulu (Mahulu) tidak berarti perjuangan pembangunan telah selesai. Pemerintah Kabupaten (Pemkab) Mahulu terus berupaya membuka akses dan meningkatkan konektivitas, khususnya menuju wilayah yang masih menghadapi keterbatasan infrastruktur.

Hal tersebut disampaikan Bupati Mahakam Ulu Angela Idang Belawan usai memimpin Upacara Peringatan HUT ke-81 Kemerdekaan Republik Indonesia di Lapangan Tribun Ujoh Bilang, Senin (17/8/2026).

Menurut Bupati, salah satu tantangan yang masih menjadi perhatian pemerintah daerah adalah akses menuju Kecamatan Long Apari. Kondisi tersebut semakin penting untuk ditangani di tengah situasi musim kemarau yang saat ini melanda Mahulu.

“Setelah pemekaran Mahulu, kita bisa merasakan akses jalan yang sudah ada, walaupun masih terkendala di daerah Long Apari, yang sampai saat ini kita upayakan dan usahakan akan membuka jalan tersebut,” ujar Angela.

Bupati Angela mengatakan, Pemkab Mahulu telah melakukan koordinasi bersama sejumlah perangkat daerah untuk mengetahui kondisi dan kebutuhan masyarakat di tengah situasi kemarau.

“Kemarin saya sempat mengajak beberapa OPD untuk mengadakan rapat terbatas. Saya ingin mengetahui keadaan Mahakam Ulu yang sedang mengalami kemarau. Jadi status kita sekarang sudah di tahap siaga dan akan masuk ke tahap tanggap darurat,” katanya.

Angela mengatakan menghadapi kondisi tersebut, perhatian pemerintah diarahkan terutama kepada masyarakat di wilayah Long Apari dan Long Pahangai. Salah satu langkah yang terus didorong adalah membuka akses jalan menuju wilayah Long Apari secara bertahap.

Ia menjelaskan, pembukaan akses dari Long Pahangai menuju Tiong Ohang hingga Long Apari menjadi salah satu upaya yang terus diperjuangkan. Menurutnya, pembangunan akses tidak harus menunggu seluruh infrastruktur selesai dalam bentuk ideal, tetapi dapat dimulai dengan membuka jalur terlebih dahulu.

“Tidak apa-apa untuk membuka jalannya mengaksesnya dengan jalan tanah terlebih dahulu. Yang penting pembukaan jalannya kita lakukan,” tuturnya.

Upaya tersebut juga terus dikoordinasikan dengan Pemerintah Provinsi Kalimantan Timur. Bupati menyampaikan bahwa dukungan alat berat dan dukungan lainnya terus diupayakan untuk membantu membuka akses menuju wilayah Long Apari.

“Ini masih terus diupayakan oleh Pak Gubernur dan Pak Wakil untuk membantu kita, pertama melalui bantuan alat berat dan support lainnya untuk jalan tersebut agar kedepan bisa lebih ditingkatkan lagi,” jelas Angela.

Angela Idang Belawan katakan bahwa pembukaan akses tersebut merupakan bagian dari upaya pemerintah untuk memastikan masyarakat di wilayah yang memiliki tantangan geografis tetap mendapatkan pelayanan dan perhatian pembangunan.

Ia menegaskan bahwa kemerdekaan harus dimaknai sebagai semangat untuk terus bergerak dan menjawab berbagai tantangan yang masih dihadapi daerah.

“Jadi kembali lagi jika ditanyakan Mahakam Ulu sebenarnya sudah merdeka, sudah merdeka,” tegas Bupati.

Selanjutnya disampaikan Bupati Angela juga dengan moment kemerdekaan ini harus terus diikuti dengan perjuangan untuk meningkatkan kualitas kehidupan masyarakat. Karena itu, pembangunan akses jalan, penguatan konektivitas digital, serta penanganan kondisi kemarau menjadi bagian dari pekerjaan bersama yang harus terus dilakukan.

“Saya berharap semangat HUT ke-81 Kemerdekaan RI menjadi momentum untuk memperkuat komitmen seluruh pihak dalam melanjutkan pembangunan Mahulu, sehingga kemerdekaan semakin nyata dirasakan oleh masyarakat hingga ke wilayah paling ujung,”ungkapnya.

Dengan semangat persatuan dan kerja bersama, Pemkab Mahulu berkomitmen untuk terus membuka keterisolasian, memperkuat konektivitas antar wilayah, serta menghadirkan pembangunan yang semakin merata bagi seluruh masyarakat Mahakam Ulu.(Prokopim/vta)

Berita TerkiniBidang Ekonomi dan PembangunanHut RIPembangunanPenanggulangan BencanaPerhubungan

Alamat email Anda tidak akan dipublikasikan. Ruas yang wajib ditandai *

Simpan nama, email, dan situs web saya pada peramban ini untuk komentar saya berikutnya.",#PressRelease #Pembangunan #Pemerintahan #Ekonomi #Kesehatan #Pendidikan #Pertanian #Sosial #Pariwisata #Pengumuman #BeritaTerkini #BidangEkonomidanPembangunan #HutRI #PenanggulanganBencana #Perhubungan #BidangPemerintahandanKesejahteraanRakyat #Pembinaan #BantuanSosial,144,https://prokopim.mahakamulukab.go.id/momen-peringatan-hut-ri-ke-81-bupati-mahulu-sampaikan-perjuangan-pembangunan-belum-selesai-akses-long-apari-terus-diupayakan/
"Pimpin Upacara Peringatan HUT RI ke-81, Bupati Mahulu Tegaskan Pembangunan Terus Dilanjutkan",https://prokopim.mahakamulukab.go.id/wp-content/uploads/2026/08/234.jpg,images\019_pimpin-upacara-peringatan-hut-ri-ke-81-bupati-mahulu-tegaska.jpg,Adm,2026-08-17,"Ujoh Bilang – Bupati Mahakam Ulu (Mahulu) Angela Idang Belawan memimpin Upacara Peringatan Hari Ulang Tahun (HUT) ke-81 Kemerdekaan Republik Indonesia di Lapangan Tribun Ujoh Bilang, Senin (17/8/2026).

Upacara berlangsung khidmat dan lancar dengan kondisi cuaca yang mendukung. Momentum peringatan HUT ke-81 Kemerdekaan RI tersebut menjadi kesempatan bagi seluruh masyarakat Mahulu untuk mengungkapkan rasa syukur sekaligus merefleksikan perjalanan pembangunan daerah dalam mengisi kemerdekaan.

Rangkaian upacara turut dihadiri Wakil Bupati Mahulu, Suhuk, S.E., Wakil Ketua I DPRD Mahulu, Nor Lili Bulan beserta anggota DPRD Mahulu, Sekretaris Daerah Mahulu, Dr. Stephanus Madang, S.Sos., M.M., Ketua TP PKK Mahulu, Mega Petra Marten, S.H., M.H., Wakil Ketua TP PKK Mahulu, Jerni Melen Suhuk, S.Pd., Ketua DWP Mahulu, Marite Devung Madang, S.Kep., Ners., M.K.M., Ketua TP3D, Dr. Bonifasius Belawan Geh, S.H., M.E., Kapolres Mahulu, AKBP Ronny Wijaya, S.I.K. beserta istri, jajaran Pemerintah Kabupaten Mahulu, unsur TNI-Polri, instansi vertikal, pelajar, organisasi, serta berbagai elemen masyarakat.

Usai memimpin upacara, Bupati Angela Idang Belawan menyampaikan rasa syukur atas kelancaran pelaksanaan peringatan HUT ke-81 Kemerdekaan RI di Kabupaten Mahakam Ulu.

“Puji Tuhan, alhamdulillah pelaksanaan HUT RI berjalan dengan lancar dengan cuaca yang baik. Tentunya, di usia Republik Indonesia yang ke-81 ini, kita bersama-sama bersyukur dan terus berdoa agar negara kita tercinta semakin makmur, semakin baik, serta semakin mampu mensejahterakan masyarakat,” ujar Bupati saat diwawancarai usai upacara.

Angela Idang Belawan menerangkan bahwa, peringatan kemerdekaan tidak hanya menjadi momentum untuk mengenang perjuangan para pahlawan, tetapi juga menjadi kesempatan untuk melihat berbagai perubahan yang telah dirasakan masyarakat melalui pembangunan yang terus dilaksanakan. berbagai kemajuan telah dirasakan masyarakat sejak terbentuknya Mahulu sebagai daerah otonom. Salah satunya adalah semakin terbukanya akses dan konektivitas wilayah.

Ketika ditanya apakah Mahakam Ulu sudah dapat dikatakan merdeka, Bupati dengan tegas menyampaikan bahwa Mahulu secara bertahap telah keluar dari keterisolasian.

“Kalau dipertanyakan seperti itu, saya bisa bilang Mahakam Ulu sebenarnya sudah merdeka,” ungkapnya.

Bupati menjelaskan, terbukanya akses jalan menjadi salah satu perubahan yang dirasakan masyarakat setelah Mahulu dimekarkan. Meskipun masih terdapat sejumlah wilayah yang membutuhkan perhatian, pembangunan akses telah memberikan perubahan terhadap mobilitas dan keterhubungan masyarakat.

“Setelah pemekaran Mahulu, kita bisa merasakan akses jalan yang sudah ada, walaupun masih terkendala di daerah Long Apari,” jelas Angela.

Selain akses fisik, Bupati Angela menilai kemajuan Mahulu juga terlihat dari semakin terbukanya akses informasi dan komunikasi melalui perkembangan teknologi digital.

“Dari jalan yang sudah ada, akses internet yang sudah ada, kita tidak lagi terisolasi dari dunia luar. Apalagi sekarang kita memakai dunia digitalisasi yang luar biasa, media sosial, kita mendapatkan informasi,” katanya.

Angela menyampaikan bahwa, perkembangan internet dan teknologi digital telah menjadi jendela bagi masyarakat Mahulu untuk berkomunikasi dan memperoleh berbagai informasi dari dunia luar.

“Entah informasi itu benar atau tidak, tetapi informasi yang ada di dunia internet ini adalah jendela kita. Jadi saya rasa Mahakam Ulu sebenarnya sudah merdeka,” tegasnya.

Bupati Angela Idang Belawan menilai kemerdekaan yang telah dirasakan tersebut harus terus diisi dengan pembangunan dan kerja bersama. Kemajuan yang telah dicapai menjadi modal untuk terus membuka keterhubungan wilayah, meningkatkan pelayanan, serta mendorong kesejahteraan masyarakat.

Karena itu, pada momentum HUT ke-81 Kemerdekaan RI, Bupati mengajak seluruh masyarakat untuk terus menjaga persatuan dan bersama-sama mendoakan Indonesia agar semakin maju, makmur dan sejahtera.

“Pokoknya kita doakan yang terbaik untuk negara kita,” pungkasnya.(Prokopim/vta)

Berita TerkiniBidang Ekonomi dan PembangunanHut RIPembangunanPerhubungan

Alamat email Anda tidak akan dipublikasikan. Ruas yang wajib ditandai *

Simpan nama, email, dan situs web saya pada peramban ini untuk komentar saya berikutnya.",#PressRelease #Pembangunan #Pemerintahan #Ekonomi #Kesehatan #Pendidikan #Pertanian #Sosial #Pariwisata #Pengumuman #BeritaTerkini #BidangEkonomidanPembangunan #HutRI #Perhubungan #BidangPemerintahandanKesejahteraanRakyat #Pembinaan #PenanggulanganBencana #BantuanSosial,137,https://prokopim.mahakamulukab.go.id/pimpin-upacara-peringatan-hut-ri-ke-81-bupati-mahulu-tegaskan-pembangunan-terus-dilanjutkan/
"Bupati Mahulu Resmikan Playground Ujoh Bilang, Dukung Terwujudnya Kabupaten Layak Anak",https://prokopim.mahakamulukab.go.id/wp-content/uploads/2026/08/Cover-Berita.jpg,,Adm,2026-08-17,"Ujoh Bilang – Bupati Mahakam Ulu (Mahulu), Angela Idang Belawan dan Wakil Bupati Mahulu, Suhuk, S.E., meresmikan Playground Ujoh Bilang sebagai fasilitas ruang bermain bagi anak-anak di Kampung Ujoh Bilang, pada Senin (17/08/26)

Peresmian tersebut menjadi langkah positif dalam menghadirkan ruang bermain yang dapat mendukung tumbuh kembang anak sekaligus memperkuat komitmen Pemerintah Kabupaten Mahulu dalam mewujudkan Kabupaten Layak Anak (KLA).

Bupati Angela Idang Belawan menyampaikan apresiasi atas inisiatif Badan Usaha Milik Kampung Adat (Bumka) Ujoh Bilang yang telah memfasilitasi dan menghadirkan playground tersebut. Menurutnya, keberadaan ruang bermain anak memiliki nilai penting, terutama dalam menciptakan lingkungan yang mendukung kebutuhan dan perkembangan anak.

“Saya sangat senang. Pertama karena saya memang adalah Bunda PAUD, lalu kedua dari bidang perempuan dan anak juga punya target untuk KLA, Kabupaten Layak Anak,” ujar Bupati.

Angela katakan bahwa keberadaan playground dapat menjadi salah satu fasilitas yang mendukung pemenuhan indikator Kabupaten Layak Anak. Ruang bermain yang tersedia di lingkungan masyarakat juga memberikan kesempatan bagi anak-anak untuk bermain, bersosialisasi, dan mengembangkan kreativitas dalam lingkungan yang lebih baik.

“Playground ini akan membantu meningkatkan penilaian kita tentang KLA. Jadi luar biasa, terima kasih untuk Bumka Ujoh Bilang yang sudah memfasilitasi, membuka playground ini, dan saya mengapresiasi niat baiknya,” ungkap Bupati.

Bupati berharap kehadiran Playground Ujoh Bilang dapat menjadi contoh bagi wilayah lainnya di Kabupaten Mahulu. Menurutnya, inisiatif yang dilakukan Bumka Ujoh Bilang dapat direplikasi di kecamatan maupun kampung lainnya sesuai dengan potensi dan kemampuan masing-masing.

“Kita tentunya akan mendorong beberapa kecamatan. Dengan adanya Bumka yang bisa membuat seperti ini menjadi contoh, saya rasa Bumka lainnya juga bisa,” katanya.

Angela menilai, pembangunan ruang bermain anak tidak harus selalu menunggu program pemerintah. Keterlibatan berbagai pihak, termasuk Bumka, pemerintah kampung, dan masyarakat, sangat diperlukan untuk menciptakan lingkungan yang ramah dan mendukung tumbuh kembang anak.

“Dimanapun Bumka ini berada, kalau memang niat dari Bumka-nya sendiri untuk membuka seperti ini, saya rasa bisa,” tuturnya.

Lebih lanjut, Bupati menjelaskan bahwa Playground Ujoh Bilang akan dikelola oleh Bumka bersama Kampung Ujoh Bilang. Pengelolaan tersebut diharapkan tidak hanya memastikan keberlangsungan fasilitas, tetapi juga memberikan manfaat bagi kampung.

“Ini akan dikelola oleh Bumka. Jadi punya Kampung Ujoh Bilang,” jelas Angela.

Angela Idang Belawan mengatakan, pengelolaan playground secara komersial menjadi salah satu upaya untuk memastikan fasilitas tersebut dapat terus dipelihara dan dikembangkan. Dengan adanya sumber pembiayaan dari pengelolaan tersebut, kebutuhan pemeliharaan maupun aspek keamanan anak dapat dipersiapkan secara berkelanjutan.

“Ini akan menambah PAD kampung. Dan tentunya, kenapa nantinya akan dibuat komersil? Karena memang untuk pemeliharaan playground sendiri tentunya butuh dana,” ujar Bupati.

Menurut Bupati, aspek keamanan dan kenyamanan anak harus menjadi perhatian utama dalam pengelolaan fasilitas tersebut. Karena itu, pendapatan yang diperoleh dapat dimanfaatkan untuk memastikan fasilitas playground tetap terawat serta kebutuhan keselamatan anak dapat dipenuhi dengan baik.

“Untuk keamanan anak-anak juga dari dana tersebut bisa dipersiapkan segala halnya dengan baik dan matang,” pungkasnya.

Bupati berharap Playground Ujoh Bilang dapat menjadi ruang yang memberikan manfaat bagi masyarakat, khususnya anak-anak, sekaligus menjadi bagian dari gerakan bersama untuk menghadirkan lingkungan yang aman, nyaman, dan ramah anak di Kabupaten Mahulu.

Melalui kolaborasi pemerintah, pemerintah kampung, Bumka, serta seluruh elemen masyarakat, upaya mewujudkan Kabupaten Mahulu sebagai Kabupaten Layak Anak diharapkan dapat terus diperkuat dan diwujudkan secara bertahap di seluruh wilayah.(Prokopim/vta)

Berita TerkiniBidang Pemerintahan dan Kesejahteraan RakyatKerja SamaPeresmian

Alamat email Anda tidak akan dipublikasikan. Ruas yang wajib ditandai *

Simpan nama, email, dan situs web saya pada peramban ini untuk komentar saya berikutnya.",#PressRelease #Pembangunan #Pemerintahan #Ekonomi #Kesehatan #Pendidikan #Pertanian #Sosial #Pariwisata #Pengumuman #BeritaTerkini #BidangPemerintahandanKesejahteraanRakyat #KerjaSama #Peresmian #Pembinaan #BidangEkonomidanPembangunan #PenanggulanganBencana #Perhubungan #BantuanSosial,131,https://prokopim.mahakamulukab.go.id/bupati-mahulu-resmikan-playground-ujoh-bilang-dukung-terwujudnya-kabupaten-layak-anak/
"Jelang Upacara HUT RI ke-81, Paskibraka Mahulu Laksanakan Prosesi Pelipatan Bendera",https://prokopim.mahakamulukab.go.id/wp-content/uploads/2026/08/Cover-Berita-Edit-202639.jpg,images\021_jelang-upacara-hut-ri-ke-81-paskibraka-mahulu-laksanakan-pro.jpg,Adm,2026-08-16,"Ujoh Bilang – Usai melepas Pawai Obor dalam rangka memperingati Hari Ulang Tahun (HUT) ke-81 Kemerdekaan Republik Indonesia, Wakil Bupati Suhuk, S.E Mahakam Ulu (Mahulu) melanjutkan rangkaian kegiatan dengan menyaksikan prosesi pelipatan Bendera Merah Putih oleh Pasukan Pengibar Bendera Pusaka (Paskibraka) Kabupaten Mahakam Ulu, Minggu (16/8/2026) malam.

Prosesi pelipatan bendera tersebut menjadi salah satu rangkaian penting menjelang pelaksanaan Upacara Peringatan HUT ke-81 Kemerdekaan Republik Indonesia yang akan dilaksanakan pada Senin, 17 Agustus 2026.

Kehadiran Wakil Bupati Suhuk, S.E dalam prosesi tersebut menjadi bentuk penghormatan sekaligus dukungan kepada para anggota Paskibraka yang telah mendapat amanah untuk menjalankan tugas negara dalam rangkaian peringatan Hari Kemerdekaan.

Sebanyak 25 putra-putri terbaik Kabupaten Mahulu sebelumnya telah dikukuhkan sebagai Paskibraka Tahun 2026 , Mereka akan bertugas dalam pengibaran dan penurunan Bendera Merah Putih pada Upacara Peringatan HUT ke-81 Kemerdekaan RI di Kabupaten Mahulu.

Dalam kesempatan tersebut, Wakil Bupati Suhuk menyaksikan secara langsung para anggota Paskibraka melaksanakan prosesi pelipatan bendera dengan penuh ketelitian dan penghormatan. Prosesi ini sekaligus menjadi bagian dari persiapan akhir sebelum mereka menjalankan tugas pada puncak peringatan HUT Kemerdekaan RI.

Pelaksanaan prosesi pelipatan Bendera Merah Putih juga menjadi momentum untuk menanamkan nilai kedisiplinan, tanggung jawab, dan penghormatan terhadap simbol negara kepada generasi muda.

Sebelumnya, Wabup Suhuk dalam pengukuhan Paskibraka menyampaikan bahwa tugas Paskibraka tidak berhenti pada pelaksanaan upacara 17 Agustus. Nilai disiplin, kerja sama, keteguhan, dan persaudaraan yang diperoleh selama proses pembinaan harus terus diterapkan dalam kehidupan sehari-hari.

Para Paskibraka juga diharapkan mampu menjadi teladan bagi generasi muda lainnya serta terus membawa semangat Merah Putih dalam setiap langkah dan pengabdian mereka.

Dengan terlaksananya prosesi pelipatan bendera, seluruh rangkaian persiapan menuju Upacara Peringatan HUT ke-81 Kemerdekaan Republik Indonesia di Kabupaten Mahulu terus dimatangkan, dengan harapan pelaksanaan upacara pada 17 Agustus 2026 dapat berlangsung khidmat, tertib, dan lancar.(Prokopim/vta)

Berita TerkiniBidang Pemerintahan dan Kesejahteraan RakyatHut RI

Alamat email Anda tidak akan dipublikasikan. Ruas yang wajib ditandai *

Simpan nama, email, dan situs web saya pada peramban ini untuk komentar saya berikutnya.",#PressRelease #Pembangunan #Pemerintahan #Ekonomi #Kesehatan #Pendidikan #Pertanian #Sosial #Pariwisata #Pengumuman #BeritaTerkini #BidangPemerintahandanKesejahteraanRakyat #HutRI #Pembinaan #BidangEkonomidanPembangunan #PenanggulanganBencana #Perhubungan #BantuanSosial,129,https://prokopim.mahakamulukab.go.id/jelang-upacara-hut-ri-ke-81-paskibraka-mahulu-laksanakan-prosesi-pelipatan-bendera/
"Pawai Obor HUT RI ke-81, Bupati Mahulu Ajak Masyarakat Kobarkan Semangat Nasionalisme",https://prokopim.mahakamulukab.go.id/wp-content/uploads/2026/08/232.jpg,images\022_pawai-obor-hut-ri-ke-81-bupati-mahulu-ajak-masyarakat-kobark.jpg,Adm,2026-08-16,"Ujoh Bilang – Bupati Mahakam Ulu (Mahulu), Angela Idang Belawan yang dalam kesempatan ini diwakili, Wakil Bupati (Wabup) Mahulu, Suhuk, S.E., melepas peserta Pawai Obor dalam rangka memperingati Hari Ulang Tahun (HUT) ke-81 Kemerdekaan Republik Indonesia (RI) di Lapangan Tribun Ujoh Bilang, Minggu Malam (16/8/202)

Pawai obor ini menjadi salah satu rangkaian peringatan HUT ke-81 Kemerdekaan RI sekaligus momentum untuk menumbuhkan kembali semangat kepahlawanan, nasionalisme, persatuan dan kesatuan di tengah masyarakat.

Dalam amanat Bupati Angela Idang Belawan, yang disampaikan Wabup Mahulu Suhuk mengatakan, cahaya obor yang dibawa para peserta merupakan simbol semangat nasionalisme yang diharapkan terus menyala dan menerangi perjalanan bangsa menuju persatuan, kemajuan, dan kesejahteraan bersama.

“Melalui pawai obor ini, marilah kita menyalakan kembali api semangat kepahlawanan yang diwariskan oleh para pejuang bangsa. Semoga cahaya obor yang kita bawa menjadi simbol berkobarnya nasionalisme di dada kita, yang terus menyinari jalan menuju persatuan, kemajuan, dan kesejahteraan bersama,” ujarnya.

Wabup Suhuk sampaikan momentum peringatan kemerdekaan juga harus menjadi pengingat bagi seluruh masyarakat untuk menjaga persatuan dan kesatuan bangsa tanpa membeda-bedakan suku, agama maupun warna kulit. Ia juga mengajak masyarakat meninggalkan segala bentuk kebencian dan provokasi yang berpotensi memecah belah persatuan.

“Mari kita rapatkan barisan, berjalan seirama, satu langkah, satu tujuan membangun bangsa yang kuat dan bermartabat,” katanya.

Lanjut Suhuk juga mengajak seluruh masyarakat menguatkan semangat kerja bersama, dengan menjunjung nilai kebhinekaan dan persatuan.

“Dengan semangat kerja bersama, Bhinneka dalam Persatuan, Satu dalam Kebhinekaan, saling asah, saling asuh, dan saling asih, kita teguhkan tekad untuk terus mengukir masa depan yang lebih baik,” lanjut Wabup.

Selain membawa pesan nasionalisme, Bupati melalui amanatnya memberikan perhatian khusus terhadap aspek keselamatan selama pelaksanaan pawai. Ia mengingatkan bahwa api obor yang menjadi simbol semangat dan penerang juga harus diperlakukan dengan penuh kewaspadaan. Terlebih, kondisi musim kemarau dan kekeringan saat ini menyebabkan lingkungan sekitar lebih mudah terbakar.

“Setiap nyala api harus dijaga dengan penuh kewaspadaan. Bawa obor dengan hati-hati, jangan sampai nyala semangat berubah menjadi kobaran yang tidak terkendali,” tegasnya.

Suhuk meminta seluruh peserta menjaga keselamatan diri dan sesama, termasuk memberikan perhatian kepada anak-anak yang ikut dalam kegiatan tersebut.

“Kita memeriahkan bukan untuk mencelakakan, kita bersukacita bukan untuk menciptakan derita. Jaga diri, jaga sesama, awasi anak-anak kita, dan pastikan malam ini menjadi kenangan yang indah dan aman bagi semua,” pesannya.

Menutup amanat Bupati Mahulu, Wabup Suhuk menyampaikan apresiasi kepada jajaran TNI, Polri, dan seluruh pihak yang terlibat dalam pengawalan rangkaian Pawai Obor sehingga dapat berlangsung tertib, aman, dan lancar.(Prokopim/vta)

Berita TerkiniBidang Pemerintahan dan Kesejahteraan RakyatHut RI

Alamat email Anda tidak akan dipublikasikan. Ruas yang wajib ditandai *

Simpan nama, email, dan situs web saya pada peramban ini untuk komentar saya berikutnya.",#PressRelease #Pembangunan #Pemerintahan #Ekonomi #Kesehatan #Pendidikan #Pertanian #Sosial #Pariwisata #Pengumuman #BeritaTerkini #BidangPemerintahandanKesejahteraanRakyat #HutRI #Pembinaan #BidangEkonomidanPembangunan #PenanggulanganBencana #Perhubungan #BantuanSosial,126,https://prokopim.mahakamulukab.go.id/pawai-obor-hut-ri-ke-81-bupati-mahulu-ajak-masyarakat-kobarkan-semangat-nasionalisme/
25 Putra-Putri Terbaik Mahulu Dikukuhkan sebagai Paskibraka HUT RI ke-81,https://prokopim.mahakamulukab.go.id/wp-content/uploads/2026/08/231.jpg,,Adm,2026-08-15,"Ujoh Bilang – Bupati Mahakam Ulu (Mahulu), Angela Idang Belawan, yang diwakili oleh Wakil Bupati (Wabup) Mahulu, Suhuk, S.E., mengukuhkan 25 putra-putri terbaik Kabupaten Mahakam Ulu sebagai Pasukan Pengibar Bendera Pusaka (Paskibraka) Tahun 2026, di Ballroom kantor Bupati Lt.3, Sabtu (15/8/26).

Pengukuhan tersebut menjadi bagian penting menjelang pelaksanaan Upacara Peringatan Hari Ulang Tahun (HUT) ke-81 Kemerdekaan Republik Indonesia yang akan digelar pada 17 Agustus 2026. Ke-25 anggota Paskibraka tersebut mendapat amanah untuk mengibarkan Bendera Merah Putih pada upacara peringatan HUT Kemerdekaan RI di Kabupaten Mahulu.

Sambutan Bupati Mahulu Angela Idang Belawan dibacakan langsung oleh Wabup Mahulu menyampaikan atas nama pribadi, masyarakat, dan Pemerintah Kabupaten Mahakam Ulu, mengucapkan selamat sekaligus rasa bangga kepada seluruh anggota Paskibraka yang telah mendapatkan kehormatan dan amanah tersebut.

Ia menegaskan, menjadi bagian dari Paskibraka merupakan sebuah kehormatan sekaligus tanggung jawab besar. Tugas mengibarkan Bendera Merah Putih bukan sekadar tugas seremonial, tetapi memiliki makna historis dan nilai kebangsaan yang harus dihayati oleh setiap anggota.

“Hari ini adalah hari yang akan kalian ingat seumur hidup. Sebab tidak setiap insan diberi kesempatan untuk memegang tugas yang begitu sakral mengibarkan bendera Merah Putih di hadapan seluruh rakyat, di hadapan para sesepuh, dan di hadapan para pejuang yang telah menorehkan kemerdekaan dengan darah dan air mata,” pesannya.

Suhuk, juga mengingatkan bahwa tugas dan nilai-nilai yang diperoleh selama menjadi Paskibraka tidak berhenti setelah pelaksanaan upacara 17 Agustus. Disiplin, kerja sama, keteguhan, dan persaudaraan yang telah dibangun selama proses pembinaan harus terus diterapkan dalam kehidupan sehari-hari.

“Misi Paskibraka tidak berhenti di sini. Tidak berhenti di tanggal 17 Agustus. Tidak berhenti di lapangan upacara. Nilai-nilai yang kalian dapatkan, baik itu disiplin, kerja sama, keteguhan, dan persaudaraan, itulah yang harus terus hidup di setiap langkah perjalanan kalian,” ujar Wabup.

Lanjut Wabup menyampaikan bahwa, para anggota Paskibraka juga memiliki tanggung jawab moral untuk menjadi teladan dan menularkan semangat positif kepada generasi muda lainnya.

“Seperti obor yang diestafetkan dari satu tangan ke tangan berikutnya, semangat yang kalian bawa hari ini harus kalian serahkan kepada generasi berikutnya,” lanjut Suhuk.

Wabup Suhuk juga turut menyampaikan apresiasi kepada para orang tua, pembina, pelatih, pendamping, serta pihak sekolah yang telah memberikan dukungan selama proses seleksi dan pelatihan. Menurutnya, keberhasilan para anggota Paskibraka merupakan hasil dari kerja dan dukungan banyak pihak.

“Proses panjang yang telah dilalui tentu penuh peluh dan tantangan. Tetapi dari setiap tetes keringat, lahirlah ketangguhan. Dari setiap kesulitan, lahirlah kekuatan. Dan dari setiap kesalahan, lahirlah pembelajaran yang akan membentuk karakter,” ungkapnya.

Kepada seluruh anggota Paskibraka, Wabup Suhuk berpesan agar tidak gentar menghadapi tantangan dan masa depan. Ia mendorong generasi muda tersebut untuk terus membawa nama baik Kabupaten Mahakam Ulu serta menjaga semangat kebangsaan.

“Tunjukkan bahwa kalian adalah generasi yang siap mengharumkan nama Kabupaten Mahakam Ulu. Tunjukkan bahwa di dada kalian berkibar bendera yang tidak akan pernah luntur warnanya, meski waktu terus berjalan. Mari kobarkan semangat Merah Putih, dengan hati yang bersih, pikiran yang jernih, dan tekad yang teguh,” tegasnya.(Prokopim/vta)

Berita TerkiniBidang Pemerintahan dan Kesejahteraan RakyatHut RIPembinaan

Alamat email Anda tidak akan dipublikasikan. Ruas yang wajib ditandai *

Simpan nama, email, dan situs web saya pada peramban ini untuk komentar saya berikutnya.",#PressRelease #Pembangunan #Pemerintahan #Ekonomi #Kesehatan #Pendidikan #Pertanian #Sosial #Pariwisata #Pengumuman #BeritaTerkini #BidangPemerintahandanKesejahteraanRakyat #HutRI #Pembinaan #BidangEkonomidanPembangunan #PenanggulanganBencana #Perhubungan #BantuanSosial,101,https://prokopim.mahakamulukab.go.id/25-putra-putri-terbaik-mahulu-dikukuhkan-sebagai-paskibraka-hut-ri-ke-81/
Bupati Mahulu Hadiri Pisah Sambut Kepala Kejaksaan Tinggi Kalimantan Timur,https://prokopim.mahakamulukab.go.id/wp-content/uploads/2026/08/Cover-Berita-Edit-202638.jpg,images\024_bupati-mahulu-hadiri-pisah-sambut-kepala-kejaksaan-tinggi-ka.jpg,Adm,2026-08-14,"Samarinda – Bupati Mahakam Ulu (Mahulu), Angela Idang Belawan, menghadiri acara pisah sambut Kepala Kejaksaan Tinggi (Kajati) Kalimantan Timur dari Assoc. Prof. Dr. Supandi, S.H., M.H., kepada Dr. Chatarina Muliana, S.H., S.E., M.H., yang berlangsung di Gedung Lamin Etam, Kompleks Rumah Jabatan Gubernur Kalimantan Timur, Samarinda Jumat (14/08/2026), Malam.

Kehadiran Bupati Mahulu menjadi bagian dari silaturahmi sekaligus bentuk penghormatan Pemerintah Kabupaten Mahakam Ulu atas pergantian kepemimpinan di lingkungan Kejaksaan Tinggi Kalimantan Timur.

Bupati Angela menyampaikan ucapan selamat datang dan selamat bertugas kepada Kajati Kaltim yang baru, seraya berharap kepemimpinan yang baru dapat melanjutkan berbagai hal positif yang telah berjalan serta melakukan penyempurnaan terhadap hal-hal yang masih perlu ditingkatkan.

“Saya mengucapkan selamat kepada Kajati yang baru, selamat datang di Kalimantan Timur. Semoga selama menjalankan tugas di Kalimantan Timur, khususnya di Kejaksaan Tinggi Kalimantan Timur, dapat berjalan dengan baik dan sukses,” ujar Angela, saat temui usah mengikuti acara tersebut.

Menurutnya, keberlanjutan terhadap berbagai program dan kerja sama yang telah terbangun menjadi hal penting, termasuk dalam memperkuat pendampingan dan sinergi dengan pemerintah daerah di wilayah Kalimantan Timur.

“Harapan saya kedepan, Kajati yang baru dapat meneruskan segala sesuatu yang baik dari Kajati sebelumnya dan memperbaiki hal-hal yang masih kurang baik,” tuturnya.

Angela juga berharap pendampingan serta koordinasi antara Kejaksaan dan pemerintah daerah terus diperkuat, sehingga mampu memberikan kontribusi positif bagi penyelenggaraan pemerintahan dan pembangunan daerah.

“Saya berharap pendampingan yang ada di wilayah Kalimantan Timur terus diperkuat dan ditingkatkan. Saya yakin, jika ada niat baik dan tulus untuk masyarakat, tentunya kita dapat berkolaborasi dan bersinergi dengan lebih baik lagi untuk menjaga Kalimantan Timur dan menjadikannya yang terbaik,” katanya.

Pada kesempatan tersebut, Bupati Mahulu juga menyampaikan apresiasi dan ucapan selamat bertugas kepada Kajati Kaltim sebelumnya, Supandi, yang melanjutkan pengabdian di tempat tugas yang baru.

“Kepada Kajati yang lama, saya mengucapkan selamat bertugas di tempat yang baru. Semoga sukses, karier terus berjalan dengan baik, dan tugas yang baru dapat berjalan dengan baik dan lancar. Kita mendoakan semoga Bapak Kajati selalu diberikan kesehatan di tempat yang baru bersama keluarga,” tutup Bupati, mengakhiri wawancara.

Acara tersebut turut dihadiri unsur Forum Koordinasi Pimpinan Daerah (Forkopimda) Provinsi Kalimantan Timur, para kepala daerah kabupaten/kota se-Kalimantan Timur, jajaran Kejaksaan Tinggi Kalimantan Timur, serta sejumlah pemangku kepentingan di daerah. (Prokopim/tha)

Berita TerkiniBidang Pemerintahan dan Kesejahteraan RakyatForkopimdaKerja Sama

Alamat email Anda tidak akan dipublikasikan. Ruas yang wajib ditandai *

Simpan nama, email, dan situs web saya pada peramban ini untuk komentar saya berikutnya.",#PressRelease #Pembangunan #Pemerintahan #Ekonomi #Kesehatan #Pendidikan #Pertanian #Sosial #Pariwisata #Pengumuman #BeritaTerkini #BidangPemerintahandanKesejahteraanRakyat #Forkopimda #KerjaSama #Pembinaan #BidangEkonomidanPembangunan #PenanggulanganBencana #Perhubungan #BantuanSosial,106,https://prokopim.mahakamulukab.go.id/bupati-mahulu-hadiri-pisah-sambut-kepala-kejaksaan-tinggi-kalimantan-timur/
"Wakil Bupati Mahulu Hadiri Rapat Paripurna DPRD, Dengarkan Pidato Kenegaraan Presiden",https://prokopim.mahakamulukab.go.id/wp-content/uploads/2026/08/Cover-Berita-Edit-202637.jpg,images\025_wakil-bupati-mahulu-hadiri-rapat-paripurna-dprd-dengarkan-pi.jpg,Adm,2026-08-14,"Ujoh Bilang – Mewakili Bupati Mahakam Ulu (Mahulu), Angela Idang Belawan, Wakil Bupati (Wabup) Mahulu, Suhuk, S.E., menghadiri Rapat Paripurna DPRD Kabupaten Mahakam Ulu dengan agenda mendengarkan Pidato Kenegaraan Presiden Republik Indonesia Prabowo Subianto dalam rangka memperingati Hari Ulang Tahun (HUT) ke-81 Kemerdekaan Republik Indonesia.

Kegiatan yang berlangsung di Ruang Rapat Paripurna Lantai II, Sekretariat DPRD Kabupaten Mahakam Ulu, pada hari Jumat (14/8/2026).

Rapat paripurna tersebut turut dihadiri Sekretaris Daerah Mahulu, Dr. Stephanus Madang, S.Sos., M.M., Asisten I Bidang Pemerintahan dan Kesejahteraan Rakyat, drg. Agustinus Teguh Santoso, M.Adm.Kes., Wakil Ketua I DPRD Mahulu, Nor Lili Bulan, Wakil Ketua II DPRD Mahulu, Desiderius Dalung Lasah, Kapolres Mahulu AKBP, Roni Wijaya, anggota DPRD Mahulu, unsur Forkopimda, serta para kepala perangkat daerah di lingkungan Pemerintah Kabupaten Mahakam Ulu.

Pidato Kenegaraan Presiden Prabowo Subianto yang disampaikan dalam Sidang Tahunan MPR RI serta Sidang Bersama DPR RI dan DPD RI pada 14 Agustus 2026 memuat sejumlah hal penting terkait capaian 20 bulan kinerja pemerintahan.

Dalam pidatonya, Presiden juga menyampaikan evaluasi terhadap berbagai kebijakan dan langkah pemerintah dalam menyelesaikan persoalan struktural serta berbagai kebutuhan mendesak masyarakat.

Selain itu, Presiden memaparkan perkembangan sejumlah program strategis yang berorientasi pada penguatan ekonomi dan kesejahteraan rakyat, termasuk program Koperasi Desa/Kelurahan Merah Putih.

Pidato tersebut juga menjadi bagian dari penyampaian pokok-pokok Rancangan Anggaran Pendapatan dan Belanja Negara (RAPBN) Tahun Anggaran 2027 sebagai arah kebijakan pembangunan nasional ke depan.

Beberapa poin utama yang disampaikan Presiden meliputi laporan dan evaluasi capaian 20 bulan pemerintahan, penyelesaian berbagai persoalan struktural bangsa, pemenuhan kebutuhan mendesak masyarakat, perkembangan program strategis seperti Koperasi Desa/Kelurahan Merah Putih, serta pokok-pokok RAPBN 2027.

Melalui rapat paripurna tersebut, Pemerintah Kabupaten Mahakam Ulu bersama DPRD dan unsur Forkopimda mengikuti secara langsung penyampaian arah kebijakan nasional sebagai bagian dari momentum peringatan HUT ke-81 Kemerdekaan Republik Indonesia. (Prokopim/aim)

Berita TerkiniBidang Pemerintahan dan Kesejahteraan RakyatParipurnaPemerintahan

Alamat email Anda tidak akan dipublikasikan. Ruas yang wajib ditandai *

Simpan nama, email, dan situs web saya pada peramban ini untuk komentar saya berikutnya.",#PressRelease #Pembangunan #Pemerintahan #Ekonomi #Kesehatan #Pendidikan #Pertanian #Sosial #Pariwisata #Pengumuman #BeritaTerkini #BidangPemerintahandanKesejahteraanRakyat #Paripurna #Pembinaan #BidangEkonomidanPembangunan #PenanggulanganBencana #Perhubungan #BantuanSosial,139,https://prokopim.mahakamulukab.go.id/wakil-bupati-mahulu-hadiri-rapat-paripurna-dprd-dengarkan-pidato-kenegaraan-presiden/
Bupati Mahulu Perkuat Peran Kader Pendamping Keluarga Untuk Percepatan Penurunan Stunting,https://prokopim.mahakamulukab.go.id/wp-content/uploads/2026/08/Cover-Berita-Edit-202636.jpg,images\026_bupati-mahulu-perkuat-peran-kader-pendamping-keluarga-untuk-.jpg,Adm,2026-08-13,"Long Melaham – Mewakili Bupati Mahakam Ulu (Mahulu), Angela Idang Belawan, Wakil Bupati (Wabup), Suhuk, S.E., membuka kegiatan Revitalisasi Kader Pendamping Keluarga (KPK) Kabupaten Mahulu di Bumi Perkemahan Pramuka ‘Tanaa Mekaam Jaya’ long melaham, Kamis (13/8/26).

Kegiatan ini menjadi momentum untuk memperkuat kapasitas kader dalam menjalankan peran pendampingan keluarga di tingkat lapangan.

Dalam sambutan Bupati Angela Idang Belawan yang dibacakan oleh Wabup Mahulu, menegaskan bahwa keluarga merupakan pondasi penting dalam membentuk generasi yang sehat dan berkualitas. Karena itu, peningkatan kualitas keluarga menjadi bagian penting dalam mempersiapkan generasi Mahulu yang lebih baik.

“Sebagai tempat pertama dimulainya pertumbuhan, pembelajaran, dan penataan masa depan, keluarga merupakan pondasi penting dalam membentuk generasi yang sehat dan berkualitas. Di sinilah Kader Pendamping Keluarga memiliki peran yang sangat penting,” ujarnya.

Wabup Suhuk, menyatakan bahwa kegiatan revitalisasi KPK harus menjadi sarana untuk memperkuat kemampuan para kader, baik dari sisi pengetahuan maupun keterampilan, sehingga dapat mendukung pelaksanaan Program Pembangunan Keluarga, Kependudukan, dan Keluarga Berencana (Bangga Kencana).

Ia juga menyoroti tantangan dalam upaya pencegahan dan penurunan stunting di Kabupaten Mahakam Ulu. Ia menekankan pentingnya pendampingan sejak dini serta kemampuan kader dalam mengenali kondisi keluarga yang didampingi.

“Para kader harus mengenali kondisi keluarga yang didampingi dan memberikan edukasi dengan bahasa yang hangat dan mudah dipahami. Sebab saya percaya tata cara kita menyampaikan sebuah pesan, sama pentingnya dengan isi pesan yang ingin kita sampaikan,” katanya.

Suhuk, berharap pendampingan yang dilakukan para kader tidak berhenti pada pencatatan maupun tahapan administratif. Lebih dari itu, kader diharapkan memastikan keluarga benar-benar memperoleh informasi dan pelayanan yang dibutuhkan.

“Ketika Anda menemukan persoalan di lapangan, bangun komunikasi dengan pihak terkait agar dapat segera ditindaklanjuti,” pesan wabup.

Dalam kegiatan revitalisasi tersebut, para kader mendapatkan berbagai materi untuk memperkuat kompetensi, diantaranya Program Bangga Kencana, pencegahan stunting, penguatan calon pengantin, 1.000 Hari Pertama Kehidupan, serta penguatan peran kader.

Wabup Suhuk,S.E berharap seluruh pengetahuan yang diperoleh selama kegiatan dapat diterapkan di kampung masing-masing dan memberikan dampak nyata bagi masyarakat melalui pendampingan yang semakin baik, informasi yang lebih mudah dipahami, serta akses terhadap pelayanan sesuai kebutuhan keluarga.

“Ukuran keberhasilan kegiatan ini bukanlah selesainya seluruh rangkaian acara, melainkan perubahan dalam kualitas pendampingan setelah Bapak dan Ibu kembali bertugas,” tegasnya.

Lebih lanjut, Suhuk menekankan bahwa upaya meningkatkan kualitas keluarga dan menurunkan stunting membutuhkan kerja bersama. Untuk itu, ia mengajak seluruh perangkat daerah, pemerintah kecamatan dan kampung, serta unsur terkait untuk terus memperkuat sinergi dalam mendukung tugas para kader.

“Berikan dukungan kepada para kader agar pendampingan kepada masyarakat dapat berjalan dengan baik,” ujar Wabup.

Akhir Sambutan Wabup Suhuk,S.E juga menyampaikan apresiasi kepada Perwakilan BKKBN Provinsi Kalimantan Timur, Dinas Kesehatan, Pengendalian Penduduk dan Keluarga Berencana Kabupaten Mahakam Ulu, serta seluruh pihak yang telah mendukung pelaksanaan kegiatan tersebut.

Secara khusus, Wabup menyampaikan terima kasih kepada seluruh Kader Pendamping Keluarga atas pengabdian dan peran mereka dalam mendampingi masyarakat. Dengan harapannya dapat memperkuat kualitas pendampingan keluarga dan memberikan manfaat nyata bagi masyarakat di seluruh wilayah Kabupaten Mahulu.(Prokopim/vta)

Berita TerkiniBidang Pemerintahan dan Kesejahteraan RakyatKesehatanPelayananSosial

Alamat email Anda tidak akan dipublikasikan. Ruas yang wajib ditandai *

Simpan nama, email, dan situs web saya pada peramban ini untuk komentar saya berikutnya.",#PressRelease #Pembangunan #Pemerintahan #Ekonomi #Kesehatan #Pendidikan #Pertanian #Sosial #Pariwisata #Pengumuman #BeritaTerkini #BidangPemerintahandanKesejahteraanRakyat #Pelayanan #Pembinaan #BidangEkonomidanPembangunan #PenanggulanganBencana #Perhubungan #BantuanSosial,139,https://prokopim.mahakamulukab.go.id/bupati-mahulu-perkuat-peran-kader-pendamping-keluarga-untuk-percepatan-penurunan-stunting/
"Perkuat Sinergi Kamtibmas, Pemkab Mahulu Ikuti Apel Gabungan di Polres Mahulu",https://prokopim.mahakamulukab.go.id/wp-content/uploads/2026/08/227.jpg,images\027_perkuat-sinergi-kamtibmas-pemkab-mahulu-ikuti-apel-gabungan-.jpg,Adm,2026-08-13,"Ujoh Bilang – Bupati Mahakam Ulu (Mahulu), Angela Idang Belawan, yang diwakili Wakil Bupati (Wabup), Mahulu Suhuk, S.E., menghadiri sekaligus mengikuti Apel Sabuk Kamtibmas Guyub Rukun Benua Etam Bersatu menuju Indonesia Berdaulat, Adil, dan Makmur. Kegiatan tersebut digelar di Halaman Mako Polres Mahakam Ulu, Kamis (13/8/2026) pagi.

Apel dipimpin oleh Wakapolres Mahakam Ulu, Kompol Djoko Purwanto, dan diikuti seluruh jajaran Polres Mahulu, unsur TNI, BPBD Mahulu, Satpol PP Mahulu, Tim Pemadam Kebakaran Mahulu, serta tokoh masyarakat, tokoh agama, lembaga adat, unsur Pemerintah Kabupaten Mahulu, dan tamu undangan lainnya.

Apel gabungan tersebut menjadi momentum untuk memperkuat sinergi dan kerja sama antara kepolisian, pemerintah daerah, TNI, serta berbagai elemen masyarakat dalam menjaga keamanan dan ketertiban masyarakat (kamtibmas), khususnya di wilayah Kabupaten Mahakam Ulu.

Dalam kegiatan tersebut, Wakil Bupati Mahulu Suhuk bersama Wakapolres Mahakam Ulu Kompol Djoko Purwanto juga meninjau peralatan serta kesiapan personel dari masing-masing unsur yang terlibat dalam apel gabungan.

Peninjauan tersebut dilakukan untuk memastikan seluruh personel dan sarana pendukung dalam kondisi siap, sehingga dapat mendukung pelaksanaan tugas dalam menjaga keamanan, ketertiban, dan kondusifitas wilayah Kabupaten Mahakam Ulu.

Melalui kegiatan ini, sinergi antar lembaga dan seluruh elemen masyarakat diharapkan semakin kuat dalam menciptakan situasi kamtibmas yang aman, tertib, dan kondusif di Kabupaten Mahakam Ulu. (Prokopim/aim)

Berita TerkiniBidang Pemerintahan dan Kesejahteraan RakyatKerja SamaPemerintahan

Alamat email Anda tidak akan dipublikasikan. Ruas yang wajib ditandai *

Simpan nama, email, dan situs web saya pada peramban ini untuk komentar saya berikutnya.",#PressRelease #Pembangunan #Pemerintahan #Ekonomi #Kesehatan #Pendidikan #Pertanian #Sosial #Pariwisata #Pengumuman #BeritaTerkini #BidangPemerintahandanKesejahteraanRakyat #KerjaSama #Pembinaan #BidangEkonomidanPembangunan #PenanggulanganBencana #Perhubungan #BantuanSosial,139,https://prokopim.mahakamulukab.go.id/perkuat-sinergi-kamtibmas-pemkab-mahulu-ikuti-apel-gabungan-di-polres-mahulu/
Pemkab Mahulu Semarakkan HUT RI ke-81 melalui Olahraga dan Permainan Rakyat,https://prokopim.mahakamulukab.go.id/wp-content/uploads/2026/08/226.jpg,images\028_pemkab-mahulu-semarakkan-hut-ri-ke-81-melalui-olahraga-dan-p.jpg,Adm,2026-08-12,"Ujoh Bilang – Bupati Mahakam Ulu (Mahulu), Angela Idang Belawan yang dalam hal ini diwakili oleh Wakil Bupati (Wabup) Mahulu, Suhuk, S.E., secara resmi membuka rangkaian perlombaan dalam rangka memeriahkan Hari Ulang Tahun (HUT) Kemerdekaan Republik Indonesia ke-81 Tahun 2026, di Lapangan Tribun Ujoh Bilang, Rabu (12/8/26).

Pembukaan rangkaian perlombaan tersebut menjadi bagian dari semangat memperingati kemerdekaan sekaligus momentum untuk mempererat silaturahmi, kebersamaan, dan persaudaraan masyarakat Kabupaten Mahakam Ulu.

Turut hadir dalam kegiatan tersebut Asisten Bidang Pemerintahan dan kesejahteraan masyarakat drg. Agustinus Teguh Santoso, M.Adm., Kes, perwakilan Kapolres Mahakam Ulu, perwakilan Kodim 0912/Kubar, Camat Long Bagun, para ketua dan pengurus cabang olahraga, pelaku UMKM, serta tokoh adat, tokoh agama, dan tokoh masyarakat.

Dalam sambutan Bupati Angela Idang Belawan yang dibacakan Wabup Suhuk, menyampaikan bahwa peringatan kemerdekaan tidak hanya menjadi momentum untuk mengenang perjuangan para pendahulu bangsa, tetapi juga menjadi kesempatan untuk menerjemahkan semangat perjuangan tersebut melalui kegiatan positif yang memperkuat persatuan di tengah masyarakat.

“Saya menyambut baik dan mengapresiasi panitia penyelenggara yang telah menyiapkan berbagai cabang perlombaan. Mulai dari pertandingan futsal, voli terpal, adu lari, hingga berbagai permainan tradisional,” ujarnya.

Wabup Mahulu menyampaikan, bahwa setiap perlombaan tidak sekedar menjadi ajang untuk menunjukkan kemampuan dan keterampilan, tetapi juga memiliki nilai penting dalam membentuk karakter, kedisiplinan, sportivitas, serta kekompakan masyarakat.

Karena itu, Ia mengajak seluruh peserta untuk mengikuti setiap pertandingan dengan penuh semangat dan tetap menjunjung tinggi sportivitas.

“Tunjukkan semangat juang yang tinggi, junjung tinggi sportivitas, dan jadikan ajang ini sebagai ruang mempererat persaudaraan, bukan sebagai arena perselisihan. Kemenangan adalah bonus, namun kebersamaan adalah tujuan yang lebih utama,” tegasnya.

Lanjut Wabup katakan bahwa Selain kegiatan olahraga dan permainan rakyat, rangkaian kegiatan tersebut juga memberikan ruang bagi pelaku Usaha Mikro, Kecil, dan Menengah (UMKM) untuk memasarkan berbagai produk dan dagangan mereka.

Ia memberikan apresiasi atas keterlibatan para pelaku UMKM yang turut memeriahkan peringatan HUT Kemerdekaan RI. Menurutnya, kehadiran UMKM menunjukkan bahwa aktivitas ekonomi masyarakat terus bergerak sekaligus menjadi bagian penting dalam mendorong kemandirian ekonomi daerah.

“UMKM merupakan bukti nyata bahwa denyut perekonomian rakyat terus bergerak. Ini sekaligus menjadi wujud kemandirian ekonomi yang patut kita dukung bersama, sekalipun kita sedang menghadapi tantangan musim kemarau,” ungkap Suhuk.

Suhuk menegaskan, Pemerintah Kabupaten Mahakam Ulu berkomitmen untuk terus memberikan ruang dan dukungan bagi tumbuh dan berkembangnya usaha masyarakat sebagai bagian dari upaya mewujudkan kesejahteraan yang berkeadilan.

Lebih lanjut, Ia mengajak seluruh masyarakat menjadikan peringatan HUT Kemerdekaan RI ke-81 sebagai momentum untuk meningkatkan semangat bekerja, berkarya, dan bergotong royong dalam membangun daerah.

“Marilah kita jadikan semangat kemerdekaan sebagai pemicu untuk terus bekerja, berkarya, dan bergotong royong membangun Mahakam Ulu Melaju, Maju Merata dan Berkelanjutan,” ajak Wabup.

Dengan dibukanya rangkaian perlombaan tersebut, Wabup Mahulu Suhuk, berharap seluruh kegiatan dapat berlangsung dengan meriah, aman, tertib, dan penuh semangat kebersamaan sebagai bagian dari perayaan HUT Kemerdekaan RI ke-81 di Kabupaten Mahakam Ulu.

Dalam kesempatan tersebut, panitia pelaksana yang disampaikan oleh perwakilan Dinas Kepemudaan dan Olahraga Kabupaten (Disparpora) Mahulu, Joko, melaporkan bahwa rangkaian kegiatan dalam rangka memeriahkan HUT Kemerdekaan RI ke-81 Tahun 2026 dilaksanakan melalui kolaborasi lintas pihak.

Kegiatan tersebut berpedoman pada Dokumen Pelaksanaan Anggaran (DPA) Disparpora Mahulu Tahun Anggaran 2026, serta dilaksanakan melalui kolaborasi antara perangkat daerah, AFI, KONI, pihak kampung, dan Karang Taruna Ujoh Bilang.

“Adapun maksud dan tujuan kegiatan ini adalah meningkatkan peran masyarakat sebagai penggemar olahraga, khususnya futsal dan olahraga masyarakat, sehingga dapat turut berperan dalam upaya meningkatkan prestasi olahraga,” jelas Joko dalam laporannya.

Joko katakan Selain meningkatkan partisipasi masyarakat dalam olahraga, kegiatan ini juga bertujuan memperkuat rasa persatuan dan sportivitas di antara para atlet sekaligus memeriahkan peringatan HUT Kemerdekaan RI ke-81. Selaku ketua Panitia Ia berharap turnamen tersebut tidak hanya menjadi ajang hiburan bagi masyarakat, tetapi juga mampu menjadi wadah untuk menemukan dan mendorong atlet-atlet muda potensial Kabupaten Mahakam Ulu.

“Harapannya dari kegiatan turnamen ini, masyarakat Kabupaten Mahulu dapat bersama-sama memeriahkan HUT RI ke-81 sekaligus memberikan semangat kepada atlet-atlet muda potensial yang nantinya dapat menjadi wakil Kabupaten Mahulu pada kejuaraan tingkat provinsi maupun nasional,” lanjutnya.

Untuk turnamen futsal, kegiatan dilaksanakan selama empat hari, mulai 12 hingga 15 Agustus 2026. Turnamen tersebut diikuti sebanyak 21 tim, yang terdiri atas 17 tim putra dan 4 tim putri. Selain turnamen futsal, rangkaian kegiatan juga akan diisi dengan berbagai kegiatan lainnya, diantaranya pasar malam, pertandingan voli terpal, perlombaan anak-anak tingkat sekolah dasar, serta lomba lari estafet yang diselenggarakan bersama KONI.

Rangkaian kegiatan tersebut diharapkan dapat menjadi ruang bagi masyarakat untuk merayakan HUT Kemerdekaan RI ke-81 dengan penuh semangat, sekaligus memperkuat kebersamaan dan mendorong lahirnya bibit-bibit atlet potensial dari Kabupaten Mahakam Ulu.(Prokopim/vta)

Berita TerkiniBidang Pemerintahan dan Kesejahteraan RakyatHut RIOlahraga

Alamat email Anda tidak akan dipublikasikan. Ruas yang wajib ditandai *

Simpan nama, email, dan situs web saya pada peramban ini untuk komentar saya berikutnya.",#PressRelease #Pembangunan #Pemerintahan #Ekonomi #Kesehatan #Pendidikan #Pertanian #Sosial #Pariwisata #Pengumuman #BeritaTerkini #BidangPemerintahandanKesejahteraanRakyat #HutRI #Olahraga #Pembinaan #BidangEkonomidanPembangunan #PenanggulanganBencana #Perhubungan #BantuanSosial,104,https://prokopim.mahakamulukab.go.id/pemkab-mahulu-semarakkan-hut-ri-ke-81-melalui-olahraga-dan-permainan-rakyat/
"Pemkab Mahulu Tandatangani PKS Bersama Bankaltimtara, Perkuat Sinergi Ekonomi Kampung",https://prokopim.mahakamulukab.go.id/wp-content/uploads/2026/08/225.jpg,images\029_pemkab-mahulu-tandatangani-pks-bersama-bankaltimtara-perkuat.jpg,Adm,2026-08-12,"Samarinda – Pemerintah Kabupaten (Pemkab) Mahakam Ulu (Mahulu) memperkuat sinergi pengembangan ekonomi kampung melalui keterlibatan dalam Penandatanganan Perjanjian Kerja Sama (PKS) Sinergi Pengembangan Ekosistem Desa antara Pemerintah Provinsi Kalimantan Timur dan Bankaltimtara, yang berlangsung di Pendopo Odah Etam, Kantor Gubernur Kalimantan Timur,. Rabu (12/08/2026)

Dalam agenda tersebut, Bupati Mahulu, Angela Idang Belawan diwakili Pelaksana Tugas (Plt) Kepala Dinas Pemberdayaan Masyarakat dan Kampung (DPMK) Mahulu, Surianto, S.E., M.E. Turut hadir Asisten II Sekretariat Daerah Provinsi Kaltim, Ir. Ujang Rachmad, M.Si., mewakili Gubernur Kaltim, Pemimpin Divisi Funding dan Customer Management PT BPD Kaltim Kaltara mewakili Direktur Utama Bankaltimtara, serta Kepala DPMPD Provinsi Kaltim, Siti Sugiyanti, S.E., M.Si.

Kerja sama tersebut diarahkan untuk memperkuat ekosistem ekonomi desa dan kampung melalui kolaborasi pemerintah daerah, perbankan, pemerintah kampung, serta Badan Usaha Milik Desa (BUMDes). Penandatanganan PKS ini, dilakukan antara Bankaltimtara dengan DPMPD Provinsi Kalimantan Timur, dilanjutkan Pemimpin Cabang Bankaltimtara 7 (Tujuh) Kabupaten dengan 7 (Tujuh) DPMD/DPMK Kabupaten se Kalimantan Timur.

Melalui sinergi tersebut, Pemkab Mahulu terus mendorong BUMDes agar tidak hanya menjadi lembaga usaha di tingkat kampung, tetapi mampu tumbuh produktif, profesional, dan menjadi penggerak ekonomi kampung yang memberikan nilai tambah serta manfaat nyata bagi masyarakat.

Untuk diketahui dari sebanyak 180 BUMDes/BUMK se-Kalimantan Timur yang terlibat dalam program tersebut, Mahulu menjadi salah satu daerah peserta melalui DPMK Mahulu bersama Bankaltimtara Cabang Ujoh Bilang. Sebanyak 10 BUMDesa Mahulu masuk dalam program Sinergi Pengembangan Ekosistem Desa.

Rangkaian kegiatan juga diisi dengan sosialisasi literasi keuangan oleh Otoritas Jasa Keuangan (OJK) Kaltim serta sosialisasi Ekosistem Desa/Laku Pandai oleh Bankaltimtara. Kegiatan kemudian dilanjutkan dengan pengumuman pemenang lomba BUMDes/BUMK yang diselenggarakan DPMPD Provinsi Kaltim tahun 2026.

Pada kategori Inovasi Terbaik, penghargaan diraih Pelangi Murai Bersatu, Desa Murai, Kecamatan Kembang Janggut, Kabupaten Kutai Kartanegara; Maju Bersama, Desa Senlung Jaya, Kecamatan Paser Belengkong, Kabupaten Paser; Sido Langgeng, Desa Sidorejo, Kecamatan Penajam, Kabupaten Penajam Paser Utara; serta Usaha Bersama, Desa Suka Maju, Kecamatan Kongbeng, Kabupaten Kutai Timur.

Sementara pada kategori Pengelolaan Keuangan dan Aset, penghargaan diraih Parasel Jaya, Desa Prangat Selatan, Kecamatan Marangkayu, Kabupaten Kutai Kartanegara, Ubing Lestari, Kampung Lirung Ubing, Kecamatan Long Pahangai, Kabupaten Mahakam Ulu, Danum Taka, Desa Sangkuriman, Kecamatan Paser Belengkong, Kabupaten Paser, serta Harapan Bersama, Desa Karang Jinawi, Kecamatan Sepaku, Kabupaten Penajam Paser Utara.

Adapun pada kategori KP-SPAM, penghargaan diraih Kampung Linggang Muara Leban, Kecamatan Long Iram, Kabupaten Kutai Barat; Desa Mulawarman, Kecamatan Tenggarong Seberang, Kabupaten Kutai Kartanegara; dan Desa Muara Lesan, Kecamatan Kelay, Kabupaten Berau.

Keterlibatan Mahulu dalam program ini sekaligus memperkuat komitmen pemerintah daerah dalam membangun ekonomi kampung yang lebih mandiri melalui penguatan kelembagaan usaha, perluasan akses pembiayaan dan layanan keuangan, serta pemanfaatan potensi lokal secara berkelanjutan. (Prokopim/tha)

Berita TerkiniBidang Ekonomi dan PembangunanEkonomiKerja Sama

Alamat email Anda tidak akan dipublikasikan. Ruas yang wajib ditandai *

Simpan nama, email, dan situs web saya pada peramban ini untuk komentar saya berikutnya.",#PressRelease #Pembangunan #Pemerintahan #Ekonomi #Kesehatan #Pendidikan #Pertanian #Sosial #Pariwisata #Pengumuman #BeritaTerkini #BidangEkonomidanPembangunan #KerjaSama #BidangPemerintahandanKesejahteraanRakyat #Pembinaan #PenanggulanganBencana #Perhubungan #BantuanSosial,139,https://prokopim.mahakamulukab.go.id/pemkab-mahulu-tandatangani-pks-bersama-bankaltimtara-perkuat-sinergi-ekonomi-kampung/
"HLM Transformasi PAD, Bupati Mahulu Tegaskan Peningkatan PAD Jadi Gerakan Bersama",https://prokopim.mahakamulukab.go.id/wp-content/uploads/2026/08/224.jpg,images\030_hlm-transformasi-pad-bupati-mahulu-tegaskan-peningkatan-pad-.jpg,Adm,2026-08-11,"Balikpapan – Bupati Mahakam Ulu (Mahulu), Angela Idang Belawan, menegaskan peningkatan Pendapatan Asli Daerah (PAD) harus menjadi gerakan bersama seluruh perangkat daerah, bukan hanya menjadi tanggung jawab satu instansi.

Penegasan tersebut disampaikan Bupati Angela ketika membuka High Level Meeting Transformasi Tata Kelola Pendapatan Asli Daerah melalui Strategi Kolaboratif Antar Instansi dan Percepatan Digitalisasi Daerah, di Maxone Hotels Balikpapan. Selasa (11/8/2026)

Menurut Bupati, kemandirian fiskal merupakan salah satu ukuran keberhasilan penyelenggaraan pemerintahan daerah. Karena itu, seluruh perangkat daerah harus mengambil bagian dalam mengoptimalkan setiap potensi penerimaan sesuai kewenangannya, baik dari pajak maupun retribusi daerah.

“Peningkatan Pendapatan Asli Daerah tidak dapat hanya menjadi tanggung jawab Bapenda semata. Seluruh perangkat daerah harus menjadi bagian dari gerakan bersama untuk mengoptimalkan setiap potensi penerimaan yang dimiliki pemerintah daerah,” tegasnya.

Bupati meminta komitmen dan kesepahaman antar perangkat daerah yang telah dibangun tidak berhenti pada koordinasi, tetapi menjadi pedoman nyata dalam pengelolaan dan pengamanan sumber-sumber penerimaan daerah. Kerja sama tersebut juga harus terus disesuaikan dengan perkembangan regulasi dan potensi daerah.

Angela Idang Belawan juga menekankan pentingnya sinergi Pemerintah Kabupaten Mahulu dengan Pemerintah Provinsi Kalimantan Timur dalam optimalisasi pemungutan pajak dan opsen.

Ia menilai peningkatan penerimaan dari Opsen Pajak Kendaraan Bermotor dan Opsen Bea Balik Nama Kendaraan Bermotor sangat bergantung pada kepatuhan masyarakat. Karena itu, pendataan kepemilikan kendaraan dan penertiban administrasi harus dilakukan secara sistematis dan berkelanjutan.

Pada saat yang sama, Bupati mengingatkan ASN di lingkungan Pemerintah Kabupaten Mahulu agar menjadi teladan dalam memenuhi kewajiban perpajakan. Kendaraan dinas pemerintah daerah yang masih memiliki tunggakan pajak juga diminta segera diselesaikan sebagai bentuk kepatuhan terhadap aturan.

Bupati turut menekankan kesiapan pembentukan UPTD PPRD di Kabupaten Mahulu sebagai langkah strategis untuk menghadirkan layanan Samsat yang lebih dekat, cepat, mudah dan efisien bagi masyarakat. Persiapan regulasi, sarana prasarana, lahan hingga sumber daya manusia harus dilakukan secara matang.

Selain itu, pengelolaan Pajak Mineral Bukan Logam dan Batuan (MBLB) menjadi perhatian serius. Bupati meminta rekomendasi hasil pemeriksaan BPK ditindaklanjuti melalui pembenahan tata kelola, termasuk penetapan, rekonsiliasi dan pengawasan terhadap proyek yang memanfaatkan material daerah.

“Saya menginstruksikan agar setiap temuan segera ditindaklanjuti sesuai rencana aksi yang telah ditetapkan,” tegasnya.

Bupati Angela juga menyampaikan apresiasi kepada Bankaltimtara Cabang Ujoh Bilang atas dukungannya dalam kegiatan tersebut. Menurutnya, kolaborasi pemerintah daerah dengan BPD Kaltimtara menjadi modal penting dalam mempercepat transformasi digital sekaligus memperkuat tata kelola keuangan daerah.

Bupati berharap High Level Meeting tidak berhenti sebagai forum pembahasan, tetapi menghasilkan langkah nyata dan memperkuat sinergi seluruh pihak dalam meningkatkan penerimaan daerah secara berkelanjutan.

“Mari kuatkan sinergi dan kebersamaan, untuk PAD meningkat dan berkelanjutan,” tutup Bupati Angela mengakhiri Sambutannya. (Prokopim/tha)

Berita TerkiniBidang Ekonomi dan PembangunanDigitalisasiEkonomiKerja Sama

Alamat email Anda tidak akan dipublikasikan. Ruas yang wajib ditandai *

Simpan nama, email, dan situs web saya pada peramban ini untuk komentar saya berikutnya.",#PressRelease #Pembangunan #Pemerintahan #Ekonomi #Kesehatan #Pendidikan #Pertanian #Sosial #Pariwisata #Pengumuman #BeritaTerkini #BidangEkonomidanPembangunan #Digitalisasi #KerjaSama #BidangPemerintahandanKesejahteraanRakyat #Pembinaan #PenanggulanganBencana #Perhubungan #BantuanSosial,146,https://prokopim.mahakamulukab.go.id/hlm-transformasi-pad-bupati-mahulu-tegaskan-peningkatan-pad-jadi-gerakan-bersama/
Bupati Mahulu Buka High Level Meeting Transformasi Tata Kelola Pendapatan Asli Daerah,https://prokopim.mahakamulukab.go.id/wp-content/uploads/2026/08/223.jpg,images\031_bupati-mahulu-buka-high-level-meeting-transformasi-tata-kelo.jpg,Adm,2026-08-11,"Balikpapan – Bupati Mahakam Ulu (Mahulu), Angela Idang Belawan, membuka secara langsung High Level Meeting Transformasi Tata Kelola Pendapatan Asli Daerah melalui Strategi Kolaboratif Antar Instansi dan Percepatan Digitalisasi Daerah, di MaxOne Hotels Balikpapan. Selasa (11/08/2026)

Kegiatan yang diselenggarakan Pemkab Mahulu melalui Badan Pendapatan Daerah (Bapenda) ini menjadi forum strategis dalam memperkuat tata kelola dan optimalisasi Pendapatan Asli Daerah (PAD), sekaligus mendorong penguatan sinergi antar instansi dan percepatan digitalisasi daerah.

High Level Meeting tersebut dihadiri unsur pemerintah daerah, Bank Indonesia, Bankaltimtara, Bapenda Provinsi Kalimantan Timur melalui UPTD PPRD Wilayah Kutai Barat, serta Kepala OPD dan Camat di lingkup Pemkab Mahulu. Turut hadir Tim Pertimbangan, Pengawalan, Percepatan dan Pembangunan Daerah ( TP3D ) Mahulu.

Forum ini mengangkat sejumlah agenda penting, di antaranya optimalisasi PAD melalui kolaborasi dan kesepakatan bersama antar-OPD, penguatan peran Bank Indonesia dalam percepatan dan perluasan digitalisasi transaksi pemerintah daerah, serta penguatan peran Bankaltimtara dalam mendukung digitalisasi transaksi pemerintah daerah.

Selain itu, dibahas pula sinergi pemungutan Pajak Kendaraan Bermotor (PKB), Bea Balik Nama Kendaraan Bermotor (BBNKB) dan opsen, termasuk percepatan pembentukan UPTD PPRD Wilayah Mahakam Ulu.

Agenda tersebut menjadi bagian dari upaya memperkuat koordinasi dan efektivitas pengelolaan penerimaan daerah. Dan kegiatan dilanjutkan dengan pembahasan sinergi pemungutan Pajak Mineral Bukan Logam dan Batuan (MBLB), rancangan SHS material MBLB baru, rekonsiliasi data MBLB, serta penandatanganan berita acara rekonsiliasi data antara Bapenda dan perangkat daerah teknis.

Kemudian, pada akhir agenda kegiatan ini yang merupakan bagian dari penguatan komitmen bersama, ditandai dengan penandatanganan Kesepakatan Bersama 2026 oleh seluruh kepala perangkat daerah.

Langkah ini memperkuat arah kolaborasi lintas perangkat daerah dalam mendukung optimalisasi PAD dan transformasi tata kelola pendapatan daerah. Melalui High Level Meeting ini, Pemkab Mahulu mendorong terbangunnya tata kelola PAD yang semakin terintegrasi, kolaboratif dan berbasis digital, sehingga pengelolaan potensi pendapatan daerah dapat dilakukan secara lebih efektif dan mendukung keberlanjutan pembangunan daerah. (Prokopim/tha)

Berita TerkiniBidang Ekonomi dan PembangunanDigitalisasiEkonomiKerja Sama

Alamat email Anda tidak akan dipublikasikan. Ruas yang wajib ditandai *

Simpan nama, email, dan situs web saya pada peramban ini untuk komentar saya berikutnya.",#PressRelease #Pembangunan #Pemerintahan #Ekonomi #Kesehatan #Pendidikan #Pertanian #Sosial #Pariwisata #Pengumuman #BeritaTerkini #BidangEkonomidanPembangunan #Digitalisasi #KerjaSama #BidangPemerintahandanKesejahteraanRakyat #Pembinaan #PenanggulanganBencana #Perhubungan #BantuanSosial,146,https://prokopim.mahakamulukab.go.id/bupati-mahulu-buka-high-level-meeting-transformasi-tata-kelola-pendapatan-asli-daerah/
"Dialog Publika TVRI Kaltim, Wabup Suhuk Ungkap Dampak Kemarau Terhadap Distribusi Pangan dan BBM Mahulu",https://prokopim.mahakamulukab.go.id/wp-content/uploads/2026/08/Cover-Berita-Edit-202635.jpg,images\032_dialog-publika-tvri-kaltim-wabup-suhuk-ungkap-dampak-kemarau.jpg,Adm,2026-08-11,"Ujoh Bilang – Musim kemarau panjang memberikan tekanan terhadap distribusi logistik dan ketersediaan kebutuhan pokok di Kabupaten Mahakam Ulu (Mahulu). Kondisi tersebut disampaikan Wakil Bupati (Wabup) Mahulu, Suhuk, S.E., saat mengikuti Zoom Live Dialog Publika “Live” TVRI Kalimantan Timur, Selasa (11/8/2026).

Dalam acara tersebut, Wabup Suhuk menyampaikan bahwa penurunan debit dan permukaan air sungai berdampak langsung terhadap jalur transportasi sungai yang selama ini menjadi salah satu akses utama distribusi kebutuhan pokok menuju Mahakam Ulu.

“Penurunan permukaan air menyebabkan kapasitas angkutan menjadi terbatas, waktu tempuh lebih panjang, dan biaya distribusi menjadi lebih tinggi,” ujar Suhuk.

Menurutnya, kapal angkutan barang saat ini hanya dapat mencapai Kabupaten Kutai Barat. Dari titik tersebut, barang harus kembali didistribusikan menuju Mahakam Ulu menggunakan moda transportasi dengan kapasitas lebih terbatas. Kondisi itu menyebabkan biaya distribusi menjadi lebih besar.

Dampak kemarau juga mulai terlihat pada harga beras, khususnya di Kecamatan Long Pahangai dan Long Apari. Berdasarkan pemantauan tim di lapangan hingga 10 Agustus 2026, informasi harga beras yang mencapai Rp1 juta per sak belum ditemukan.

“Saat ini harga yang berlaku berada pada kisaran Rp 750 ribu sampai Rp 850 ribu per 25 kilogram. Namun, harga mencapai Rp1 juta per sak tetap perlu kita antisipasi apabila kondisi kemarau dan hambatan distribusi berlangsung lebih lama,” jelasnya.

Menghadapi kondisi tersebut, Pemerintah Kabupaten Mahakam Ulu terus melakukan pemantauan terhadap ketersediaan bahan pokok serta intervensi melalui operasi pasar murah dan Gerakan Pangan Murah.

Pemerintah daerah juga telah berkoordinasi dengan Pemerintah Provinsi Kalimantan Timur. Sebagai langkah antisipasi jangka pendek, UPTD alat berat siap membantu memperlancar akses jalan guna mendukung kelancaran distribusi logistik.

Suhuk menjelaskan, aktivitas pasar secara umum masih berjalan normal. Namun, ketersediaan sejumlah kebutuhan pokok mulai berkurang sehingga masyarakat mengalami keterbatasan dalam memperoleh barang yang dibutuhkan. Kondisi tersebut turut mempengaruhi daya beli masyarakat.

Sementara itu, ketersediaan BBM di ibu kota Kabupaten Mahakam Ulu masih terpantau aman. Namun, stok BBM di wilayah hulu, khususnya Kecamatan Long Pahangai dan Long Apari, mulai menipis.

Keterbatasan BBM tersebut menjadi perhatian pemerintah daerah karena dikhawatirkan berdampak terhadap operasional PLN dan fasilitas pelayanan kesehatan. Apabila pasokan BBM semakin terbatas, pelayanan dasar kepada masyarakat berpotensi ikut terganggu.

Menutup dialog, Wabup Suhuk menyampaikan terima kasih kepada TVRI atas perhatian terhadap kondisi Mahakam Ulu. Ia berharap kesepakatan bersama Pemerintah Provinsi Kalimantan Timur terkait bantuan pangan dapat segera direalisasikan dan disalurkan untuk menambah stok serta mengurangi dampak kemarau terhadap ketersediaan kebutuhan pokok masyarakat.

“Pesan kami, apa yang telah kita sepakati bersama Pemerintah Provinsi Kalimantan Timur kemarin, kami berharap bantuan pangan dapat disalurkan secepatnya sehingga dapat mengurangi dampak sekaligus menambah stok barang,” pungkasnya.

Dialog Publika “Live” TVRI Kaltim tersebut turut menghadirkan Kepala Bidang Perdagangan DPPKUKM Provinsi Kalimantan Timur Ali Wardana, Plh. Kepala Bidang Kedaruratan dan Logistik BPBD Provinsi Kalimantan Timur Sugeng Priyanto, serta Pengamat Ekonomi Universitas Mulawarman Aji Sofyan.

Berita TerkiniBidang Ekonomi dan PembangunanKetahanan PanganPenanggulangan Bencana

Alamat email Anda tidak akan dipublikasikan. Ruas yang wajib ditandai *

Simpan nama, email, dan situs web saya pada peramban ini untuk komentar saya berikutnya.",#PressRelease #Pembangunan #Pemerintahan #Ekonomi #Kesehatan #Pendidikan #Pertanian #Sosial #Pariwisata #Pengumuman #BeritaTerkini #BidangEkonomidanPembangunan #KetahananPangan #PenanggulanganBencana #BidangPemerintahandanKesejahteraanRakyat #Pembinaan #Perhubungan #BantuanSosial,96,https://prokopim.mahakamulukab.go.id/dialog-publika-tvri-kaltim-wabup-suhuk-ungkap-dampak-kemarau-terhadap-distribusi-pangan-dan-bbm-mahulu/
"Pemkab Mahulu Perkuat Penerapan Manajemen Talenta ASN, Dorong ASN Tingkatkan Kinerja dan Kontribusi Bagi Masyarakat",https://prokopim.mahakamulukab.go.id/wp-content/uploads/2026/08/221.jpg,images\033_pemkab-mahulu-perkuat-penerapan-manajemen-talenta-asn-dorong.jpg,Adm,2026-08-11,"Ujoh Bilang – Mewakili Bupati Mahakam Ulu (Mahulu), Angela Idang Belawan, Asisten Bidang Administrasi Umum, Kristina Tening, S.H., M.Si., mengikuti Zoom Meeting Sharing Session bertema “Menghargai Dedikasi dan Mengapresiasi Prestasi”, sekaligus menghadiri prosesi penganugerahan penghargaan bagi instansi pemerintah daerah yang telah memperoleh Surat Keputusan Kepala Badan Kepegawaian Negara (BKN) tentang Persetujuan Penerapan Manajemen Talenta, Selasa (11/8/2026).

Kegiatan yang berlangsung secara daring tersebut diikuti dari Ruang Kerja Asisten Bidang Administrasi Umum, Lantai II Kantor Bupati Mahakam Ulu. Forum ini menjadi wadah berbagi praktik baik antarpemerintah daerah dalam membangun budaya kerja yang menghargai dedikasi, prestasi, kompetensi, dan kontribusi Pegawai Aparatur Sipil Negara (ASN).

Dalam rangkaian kegiatan tersebut, Pemerintah Kabupaten (Pemkab) Mahulu menjadi salah satu dari 33 instansi pemerintah daerah di wilayah kerja Kantor Regional VIII BKN yang memperoleh penghargaan atas telah diperolehnya Surat Keputusan Kepala BKN tentang Persetujuan Penerapan Manajemen Talenta.

Capaian tersebut menjadi bentuk apresiasi atas komitmen pemkab Mahulu dalam membangun fondasi penerapan Manajemen Talenta ASN. Persetujuan tersebut menjadi langkah penting untuk mengembangkan pengelolaan ASN secara lebih sistematis, dengan memperhatikan potensi, kompetensi, kinerja dan kebutuhan organisasi.

Penerapan Manajemen Talenta juga sejalan dengan amanat Undang-Undang Nomor 20 Tahun 2023 tentang Aparatur Sipil Negara, yang menempatkan pengembangan talenta dan karier serta pemberian penghargaan dan pengakuan sebagai bagian dari Manajemen ASN. Pengembangan talenta dan karir dilakukan dengan mempertimbangkan kualifikasi, kompetensi, kinerja dan kebutuhan instansi serta diselenggarakan berdasarkan Sistem Merit melalui Manajemen Talenta.

Asisten Bidang Administrasi Umum, Kristina Tening, menyampaikan bahwa pemerintah Mahulu perlu terus mendorong ASN untuk meningkatkan kinerja agar memperoleh penghargaan dan pengakuan sesuai ketentuan yang berlaku. ASN juga diharapkan aktif mengikuti perkembangan regulasi serta memastikan kinerjanya memberikan dampak nyata bagi masyarakat.

“Penghargaan terhadap ASN tidak hanya sebatas Satyalancana, tetapi juga dapat berupa kenaikan pangkat luar biasa berdasarkan inovasi dan kontribusi yang menghasilkan capaian nyata bagi instansi maupun daerah. Tentunya hal tersebut berdasarkan penilaian tim penilai. Penghargaan juga dapat diberikan dalam bentuk gaji dan tunjangan khusus,” ujarnya.

Menurutnya, pemahaman terhadap berbagai bentuk penghargaan tersebut perlu menjadi perhatian ASN sekaligus dorongan untuk terus meningkatkan kinerja. Hal ini juga menjadi bagian dari upaya membangun pengelolaan ASN yang memberikan ruang bagi pegawai berprestasi untuk memperoleh pengakuan sesuai kontribusi dan capaian kerjanya.

Manajemen Talenta diharapkan dapat membantu pemerintah daerah mengidentifikasi dan mengembangkan ASN yang memiliki potensi serta kinerja sesuai kebutuhan organisasi. Dengan demikian, penghargaan dan pengakuan terhadap dedikasi dan prestasi pegawai dapat berjalan seiring dengan pengembangan kompetensi, karir dan peningkatan kinerja.

Keikutsertaan Mahakam Ulu dalam prosesi penganugerahan bersama instansi pemerintah daerah lainnya juga menjadi momentum untuk memperkuat kolaborasi dan berbagi praktik baik dalam penerapan Manajemen Talenta. Pengalaman tersebut diharapkan dapat mendukung penyempurnaan pengelolaan ASN sesuai karakteristik dan kebutuhan Pemerintah Kabupaten Mahakam Ulu.

Melalui capaian ini, Pemkab Mahulu berkomitmen untuk terus memperkuat Manajemen Talenta sebagai bagian dari pembangunan ASN yang profesional, kompeten, berintegritas dan berorientasi pada kinerja. Pengelolaan talenta yang semakin baik diharapkan dapat mendukung penyelenggaraan pemerintahan yang efektif sekaligus meningkatkan kualitas pelayanan publik bagi masyarakat Mahakam Ulu. (Prokopim)

Berita TerkiniBidang Administrasi UmumKepegawaianPelayananPenghargaan

Alamat email Anda tidak akan dipublikasikan. Ruas yang wajib ditandai *

Simpan nama, email, dan situs web saya pada peramban ini untuk komentar saya berikutnya.",#PressRelease #Pembangunan #Pemerintahan #Ekonomi #Kesehatan #Pendidikan #Pertanian #Sosial #Pariwisata #Pengumuman #BeritaTerkini #BidangAdministrasiUmum #Kepegawaian #Pelayanan #Penghargaan #BidangPemerintahandanKesejahteraanRakyat #Pembinaan #BidangEkonomidanPembangunan #PenanggulanganBencana #Perhubungan #BantuanSosial,87,https://prokopim.mahakamulukab.go.id/pemkab-mahulu-perkuat-penerapan-manajemen-talenta-asn-dorong-asn-tingkatkan-kinerja-dan-kontribusi-bagi-masyarakat/
"Sebagai Upaya Peningkatan SDM, Pemkab Mahulu Kembali Gelar Seleksi Beasiswa Gerbang Cerdas",https://prokopim.mahakamulukab.go.id/wp-content/uploads/2026/08/220.jpg,images\034_sebagai-upaya-peningkatan-sdm-pemkab-mahulu-kembali-gelar-se.jpg,Adm,2026-08-11,"Ujoh Bilang – Bupati Mahakam Ulu (Mahulu) Angela Idang Belawan, yang diwakili Wakil Bupati (Wabup) Mahulu, Suhuk, S.E., secara resmi membuka pelaksanaan Seleksi Beasiswa Gerbang Cerdas Mahakam Ulu Tahun 2026 yang bekerja sama dengan Universitas Dhyana Pura Bali (UNDHIRA). Kegiatan tersebut berlangsung di Ruang Rapat Dinas Pendidikan Lantai 2, Selasa (11/08/2026).

Dalam sambutan Bupati Angela Idang Belawan, yang dibacakan oleh Wabup Suhuk, disampaikan bahwa kerja sama antara Pemerintah Kabupaten Mahakam Ulu dan UNDHIRA Bali bukan merupakan hal yang baru. Kerja sama tersebut telah dibangun dan terus dikembangkan sebagai bagian dari upaya memperkuat pelaksanaan Tri Dharma Perguruan Tinggi sekaligus mendukung percepatan pembangunan daerah, khususnya dalam peningkatan kualitas sumber daya manusia.

“Kerja sama ini telah kita bangun dan kembangkan dalam semangat memperkuat Tri Dharma Perguruan Tinggi, sekaligus mendukung percepatan pembangunan daerah, khususnya melalui peningkatan kualitas sumber daya manusia,” ungkapnya.

Melalui sambutannya, Bupati juga berpesan kepada seluruh peserta agar mengikuti setiap tahapan seleksi dengan sungguh-sungguh, jujur, disiplin, serta percaya pada kemampuan diri sendiri.

“Jangan takut menghadapi proses seleksi. Hasil memang penting, tetapi proses untuk meraihnya juga akan membentuk karakter dan kedewasaan kalian,” pesannya.

Ia berharap para peserta yang nantinya mendapatkan kesempatan melalui program beasiswa tersebut tidak hanya menjadi lulusan yang berhasil secara akademik, tetapi juga memiliki integritas, kepedulian sosial, serta semangat untuk kembali berkontribusi dalam pembangunan Kabupaten Mahakam Ulu.

“Saya berharap mereka yang nantinya memperoleh kesempatan ini tidak hanya menjadi lulusan yang berhasil secara akademik, tetapi juga menjadi insan yang memiliki integritas, kepedulian sosial, dan semangat untuk kembali membangun Mahulu,” katanya.

Sementara itu, Kepala Dinas Pendidikan Kabupaten Mahakam Ulu, Samson Batang, menyampaikan bahwa terdapat 18 calon mahasiswa yang mengikuti seleksi Beasiswa Gerbang Cerdas Mahakam Ulu Tahun 2026.

“Dari jumlah 18 tersebut, sebanyak 7 peserta mendaftar pada Program Studi Manajemen Informasi Kesehatan, sedangkan 11 peserta lainnya mendaftar pada Program Studi S1 Psikologi,”jelasnya.

Ia menambahkan, Pemerintah Kabupaten Mahakam Ulu menyambut baik kerja sama dengan UNDHIRA Bali sebagai salah satu upaya dalam membuka akses pendidikan tinggi bagi generasi muda Mahulu.

“Tentunya kita bersyukur karena adanya kerja sama antara Pemerintah Kabupaten Mahakam Ulu dengan UNDHIRA Bali. Ini merupakan kesempatan yang baik bagi anak-anak kita untuk melanjutkan pendidikan dan meningkatkan kualitas sumber daya manusia di Mahulu,” pungkasnya. (Prokopim/aim)

Berita TerkiniBidang Pemerintahan dan Kesejahteraan RakyatKerja SamaPendidikan

Alamat email Anda tidak akan dipublikasikan. Ruas yang wajib ditandai *

Simpan nama, email, dan situs web saya pada peramban ini untuk komentar saya berikutnya.",#PressRelease #Pembangunan #Pemerintahan #Ekonomi #Kesehatan #Pendidikan #Pertanian #Sosial #Pariwisata #Pengumuman #BeritaTerkini #BidangPemerintahandanKesejahteraanRakyat #KerjaSama #Pembinaan #BidangEkonomidanPembangunan #PenanggulanganBencana #Perhubungan #BantuanSosial,155,https://prokopim.mahakamulukab.go.id/sebagai-upaya-peningkatan-sdm-pemkab-mahulu-kembali-gelar-seleksi-beasiswa-gerbang-cerdas/
"Buka Bimtek Aparatur Kampung, Bupati Mahulu Tegaskan Perkuat Tata Kelola Kampung: RPJM Selaras, Keuangan Transparan, Pemberdayaan Tepat Sasaran",https://prokopim.mahakamulukab.go.id/wp-content/uploads/2026/08/219.jpg,images\035_buka-bimtek-aparatur-kampung-bupati-mahulu-tegaskan-perkuat-.jpg,Adm,2026-08-10,"Balikpapan – Bupati Mahakam Ulu (Mahulu), Angela Idang Belawan, menegaskan bahwa penyusunan Rencana Pembangunan Jangka Menengah (RPJM) Kampung harus selaras dengan arah pembangunan daerah dan tidak boleh berjalan sendiri.

Hal tersebut disampaikan dalam Bimbingan Teknis Aparatur Pemerintahan Kampung se-Kabupaten Mahulu Tahun Anggaran 2026 di Balikpapan. Senin (10/08/2026)

“RPJM Kampung itu tidak boleh berdiri sendiri. Harus sejalan dengan RPJM Kabupaten, provinsi, sampai nasional,” tegas Bupati.

Menurutnya, keselarasan ini menjadi kunci agar seluruh program pembangunan memiliki arah yang jelas, terukur, dan memberikan dampak nyata bagi masyarakat.

Bupati juga mengingatkan bahwa RPJM Kampung bukan sekadar dokumen administratif, tetapi menjadi pedoman utama dalam menentukan prioritas pembangunan.

“Kalau perencanaan tidak sinkron, maka program tidak akan maksimal. Ini yang harus kita benahi bersama,” ujarnya.

Selain itu, Bupati Mahulu mengingatkan disiplin dalam tata kelola pemerintahan kampung dengan melarang petinggi mengganti perangkat kampung tanpa dasar yang jelas serta menegaskan bahwa petinggi tidak boleh mengelola keuangan secara langsung.

“Perangkat kampung itu sudah dilatih. Tidak bisa diganti begitu saja. Harus ada alasan yang jelas,” tegas Bupati.

Ia juga menekankan bahwa dalam pengelolaan keuangan, petinggi hanya bertindak sebagai pengambil kebijakan, bukan pelaksana teknis.

“Petinggi tidak boleh pegang uang. Itu sudah ada mekanismenya, ada bendahara dan sistemnya,” ujarnya tegas.

Lebih lanjut, Bupati mendorong penggunaan sistem non-tunai dalam pengelolaan keuangan kampung guna meningkatkan transparansi dan mencegah potensi penyimpangan.

Dalam sambutannya Angela Idang Belawan mengingatkan kembali pentingnya musyawarah bersama BPK dan masyarakat dalam setiap pengambilan keputusan.

“Semua harus melalui musyawarah. Tidak boleh diputuskan sendiri,” katanya.

Disampaikan pula pentingnya penguatan peran Tim Penggerak PKK serta pemanfaatan Dana RT yang tepat sasaran dalam mendukung kesejahteraan masyarakat.

“PKK harus aktif. Ini ujung tombak pemberdayaan keluarga di kampung,” jelas Bupati.

Ia menyampaikan bahwa peran PKK sangat strategis, terutama dalam penanganan stunting melalui kegiatan posyandu dan Dasawisma.

Selain itu, Dana RT yang telah dialokasikan pemerintah harus benar-benar dimanfaatkan untuk kebutuhan masyarakat.

“Dana RT itu untuk masyarakat. Gunakan sesuai kebutuhan riil di lapangan,” ujarnya.

Bupati juga mengingatkan pentingnya tertib administrasi dan pertanggungjawaban dalam setiap penggunaan anggaran.

“Setiap rupiah harus jelas penggunaannya dan bisa dipertanggungjawabkan,” tegasnya.

Melalui penguatan peran PKK dan optimalisasi Dana RT, Pemerintah Kabupaten Mahulu terus mendorong pembangunan berbasis masyarakat yang langsung menyentuh kebutuhan warga. Selain itu pesan ini menjadi bagian dari komitmen Pemerintah Kabupaten Mahulu dalam membangun tata kelola pemerintahan kampung yang tertib, transparan, dan akuntabel. (Prokopim/tha)

Berita TerkiniBidang Pemerintahan dan Kesejahteraan RakyatPelatihanPembangunan

Alamat email Anda tidak akan dipublikasikan. Ruas yang wajib ditandai *

Simpan nama, email, dan situs web saya pada peramban ini untuk komentar saya berikutnya.",#PressRelease #Pembangunan #Pemerintahan #Ekonomi #Kesehatan #Pendidikan #Pertanian #Sosial #Pariwisata #Pengumuman #BeritaTerkini #BidangPemerintahandanKesejahteraanRakyat #Pelatihan #Pembinaan #BidangEkonomidanPembangunan #PenanggulanganBencana #Perhubungan #BantuanSosial,141,https://prokopim.mahakamulukab.go.id/buka-bimtek-aparatur-kampung-bupati-mahulu-tegaskan-perkuat-tata-kelola-kampung-rpjm-selaras-keuangan-transparan-pemberdayaan-tepat-sasaran/
"Bupati Mahulu Buka Bimtek Aparatur Kampung, Dorong Sinkronisasi Perencanaan Pembangunan",https://prokopim.mahakamulukab.go.id/wp-content/uploads/2026/08/218.jpg,images\036_bupati-mahulu-buka-bimtek-aparatur-kampung-dorong-sinkronisa.jpg,Adm,2026-08-10,"Balikpapan – Bupati Mahakam Ulu (Mahulu), Angela Idang Belawan, secara resmi membuka kegiatan Bimbingan Teknis (Bimtek) Aparatur Pemerintahan Kampung se-Kabupaten Mahakam Ulu Tahun Anggaran 2026, yang ditandai dengan pemukulan gong dan penyematan tanda peserta secara simbolis, yang berlangsung di Swiss Bell Hotel, Ocean Square, Balikpapan. Senin (10/08/2026)

Kegiatan ini diikuti oleh para petinggi kampung, Ketua BPK, camat, serta perangkat kampung, dengan menghadirkan narasumber dari Kementerian Dalam Negeri dan berbagai instansi terkait. Bimtek ini mengusung tema sinkronisasi RPJM Kampung dengan RPJM Kabupaten Mahakam Ulu periode 2025–2029 dalam rangka mewujudkan pembangunan daerah yang maju, merata, dan berkelanjutan.

Dalam sambutannya, Bupati menekankan bahwa pembangunan kampung merupakan bagian integral dari pembangunan kabupaten, sehingga perencanaan di tingkat kampung harus selaras dengan kebijakan daerah, provinsi, hingga nasional.

Selain itu, Bupati juga mengingatkan pentingnya sinergi antara Pemerintah Kampung, BPK, serta masyarakat dalam setiap tahapan perencanaan pembangunan. Forum musyawarah kampung dinilai sebagai wadah strategis untuk menjaring aspirasi masyarakat dan memastikan program yang disusun benar-benar menjawab kebutuhan riil warga.

“Dan dengan harapan pesan yang sudah saya sampaikan bapak /ibu catat. Dan bisa menyimpulkan setiap yang disampaikan narasumber dengan sebaik baiknya dan dimanfaatkan dengan sebaik baiknya, sehingga dengan harapan yang besar saya berikan pada para petinggi untuk berdampak lebih besar lagi untuk masyarakat kabupaten mahulu terkhusus bagi masyarakat di masing – masing kampung bapak/ibu,” harap Bupati.

Kegiatan Bimtek ini juga membekali peserta dengan berbagai materi strategis, mulai dari tata kelola pemerintahan dan keuangan kampung, penggunaan sistem transaksi non-tunai, hingga pencegahan tindak pidana korupsi.

Melalui kegiatan ini, Pemerintah Kabupaten Mahakam Ulu berharap kapasitas aparatur kampung semakin meningkat, sehingga mampu menjalankan roda pemerintahan secara profesional, transparan, dan akuntabel demi percepatan pembangunan daerah.

Pada kegiatan yang difasilitasi Dinas Pemberdayaan Masyarakat Kampung ( DPMK ) Mahulu ini, hadir Tim Percepatan Pembangunan (TP3D) Kabupaten Mahakam Ulu, Dinas Pemberdayaan Masyarakat dan Pemerintahan Desa ( DPMPD ) Kaltim, Kepala DPMK Mahulu dan Jajarannya, serta Kepala OPD di lingkup Pemkab Mahulu. Dan turut hadir Koordinator & Anggota Tenaga Teknis Gerbangmas P2MKM Kabupaten Mahulu. (Prokopim/tha)

Berita TerkiniBidang Pemerintahan dan Kesejahteraan RakyatPelatihanPembangunanPemerintahan

Alamat email Anda tidak akan dipublikasikan. Ruas yang wajib ditandai *

Simpan nama, email, dan situs web saya pada peramban ini untuk komentar saya berikutnya.",#PressRelease #Pembangunan #Pemerintahan #Ekonomi #Kesehatan #Pendidikan #Pertanian #Sosial #Pariwisata #Pengumuman #BeritaTerkini #BidangPemerintahandanKesejahteraanRakyat #Pelatihan #Pembinaan #BidangEkonomidanPembangunan #PenanggulanganBencana #Perhubungan #BantuanSosial,148,https://prokopim.mahakamulukab.go.id/bupati-mahulu-buka-bimtek-aparatur-kampung-dorong-sinkronisasi-perencanaan-pembangunan/
Pemkab Mahulu Bahas Langkah Penanganan Dampak Kemarau terhadap Kebutuhan Pokok dan BBM,https://prokopim.mahakamulukab.go.id/wp-content/uploads/2026/08/Cover-Berita-Edit-202634.jpg,images\037_pemkab-mahulu-bahas-langkah-penanganan-dampak-kemarau-terhad.jpg,Adm,2026-08-10,"Ujoh Bilang – Mewakili Bupati Mahakam Ulu (Mahulu), Angela Idang Belawan, Wakil Bupati (Wabup) Mahulu, Suhuk., mengikuti koordinasi lintas instansi dalam mengantisipasi dampak kemarau terhadap distribusi kebutuhan pokok, bahan bakar minyak (BBM), LPG, hingga keberlangsungan pelayanan publik di sejumlah wilayah di Kabupaten Mahulu bersama Pemerintah Provinsi Kalimantan Timur (Pemprov Kaltim).

Rapat yang digelar secara daring tersebut, dilaksanakan di Ruang Rapat Wakil Bupati, Lantai III Kantor Bupati Mahakam Ulu, Senin (10/8/2026). Turut hadir bersama Wabup Suhuk, Sekda Mahakam Ulu, Dr. Stephanus Madang, S.Sos., M.M., Asisten I Bidang Pemerintahan dan Kesejahteraan Rakyat, drg. Agustinus Teguh Santoso, M.Adm.Kes., Kepala Pelaksana BPBD Mahakam Ulu, H. Agus Darmawan, S.Pd., M.Si., Sekretaris Bapelitbangda, Franciskus Hului, S.E., M.Si.; Kabid Ketersediaan dan Distribusi Pangan DKPP, Anatolius Bahalan Tigang, S.P., M.A.P.; serta Analis Kebijakan Ahli Muda EkoSDA, Indira Reisa Anggun.

Dalam rapat tersebut, Pemkab Mahulu menyampaikan apresiasi kepada Pemerintah Provinsi Kalimantan Timur, Gubernur Kalimantan Timur, Sekretaris Daerah Provinsi, Bulog, Pertamina, serta berbagai unsur pemerintah dan lembaga di tingkat provinsi yang telah memberikan perhatian terhadap kondisi terkini di Mahakam Ulu.

Pemerintah Kabupaten Mahakam Ulu juga menyampaikan bahwa sejumlah langkah administratif telah dipersiapkan menindaklanjuti arahan Pemerintah Provinsi, khususnya berkaitan dengan permohonan cadangan beras maupun pelaksanaan Gerakan Pangan, dengan tetap menyesuaikan kemampuan dan kondisi daerah.

Adapun Pemerintah Kabupaten Mahulu akan menyampaikan surat kepada Pemerintah Provinsi untuk menjembatani komunikasi dengan Pemerintah Pusat melalui Bappenas, sebagai bagian dari upaya mencari dukungan terhadap kebutuhan daerah.

Dalam rapat tersebut disampaikan bahwa kondisi ketersediaan kebutuhan pokok di ibu kota Kabupaten Mahakam Ulu mulai mendapat perhatian serius. Meskipun kondisi BBM dinilai belum berada pada situasi yang sama, persediaan sejumlah bahan pokok mulai menipis.

“Situasi ibu kota Kabupaten Mahakam Ulu saat ini sudah mulai rawan. Untuk BBM mungkin belum, tetapi untuk bahan pokok, persediaannya sudah mulai menipis,” demikian disampaikan dalam rapat koordinasi tersebut.

Persoalan yang dibahas tidak hanya menyangkut kebutuhan pangan, tetapi juga kebutuhan non pangan, termasuk BBM dan LPG. Pemerintah Kabupaten Mahakam Ulu menilai persoalan tersebut perlu diantisipasi secara menyeluruh agar tidak berkembang dan mengganggu aktivitas masyarakat.

Perhatian khusus juga diarahkan kepada masyarakat di Kecamatan Long Apari dan Long Pahangai. Dampak keterbatasan pasokan tidak hanya berpotensi mempengaruhi kebutuhan masyarakat, tetapi juga keberlangsungan pelayanan publik.

Salah satu perhatian utama adalah ketersediaan solar untuk operasional pembangkit listrik PLN. Keterbatasan pasokan solar berpotensi mempengaruhi pelayanan ketenagalistrikan, yang pada akhirnya dapat berdampak terhadap fasilitas pelayanan masyarakat, termasuk puskesmas, sekolah, dan layanan publik lainnya.

Selain persoalan kelistrikan, gangguan juga terjadi pada salah satu tower Telkom di Long Apari yang tidak berfungsi akibat tersambar petir. Kondisi tersebut dinilai perlu mendapat perhatian dari pihak terkait untuk mendukung keberlangsungan komunikasi masyarakat di wilayah tersebut.

Persoalan infrastruktur jalan turut menjadi bagian penting dalam pembahasan. Ruas jalan yang menuju wilayah dalam Kabupaten Mahakam Ulu merupakan ruas jalan nasional sehingga kewenangan penanganannya berada pada Pemerintah Pusat.

Pemerintah Kabupaten Mahakam Ulu berharap dapat ditemukan ruang solusi agar pemerintah daerah tetap dapat memberikan intervensi sesuai ketentuan peraturan perundang-undangan dan kewenangan yang dimiliki.

Hal tersebut menjadi penting mengingat kondisi geografis dan potensi bencana di Mahakam Ulu yang dapat terjadi setiap tahun, baik banjir maupun kekeringan. Ruas Long Pakaq menuju Long Apari sebagai salah satu penghubung melalui jalur darat dinilai memiliki posisi strategis dalam mendukung mobilitas dan distribusi logistik masyarakat.

Di sisi lain, keterbatasan Transfer ke Daerah (TKD) juga menjadi salah satu tantangan yang dihadapi Pemerintah Kabupaten Mahakam Ulu dalam merespons kebutuhan tersebut. Karena itu, Pemkab berharap dukungan program Pemerintah Provinsi dapat mempertimbangkan kebutuhan logistik Mahakam Ulu dengan pendekatan dan kriteria yang sesuai dengan karakteristik serta kondisi geografis daerah.

Pemerintah Kabupaten Mahakam Ulu menyampaikan terima kasih atas dukungan, perhatian, dan empati yang telah diberikan oleh Pemerintah Provinsi serta berbagai pihak. Dukungan tersebut diharapkan dapat membantu meringankan beban masyarakat sekaligus memperkuat langkah penanganan dampak kemarau.

“Negara harus hadir dalam kondisi seperti saat ini, sesuai dengan tugas pokok dan fungsi kita masing-masing, termasuk dalam menjalankan kewenangan yang ada di Kabupaten Mahakam Ulu,” disampaikan dalam rapat tersebut.

Pemerintah Kabupaten Mahakam Ulu menegaskan bahwa penanganan kondisi tersebut membutuhkan sinergi lintas pemerintahan dan lembaga, dengan tetap berpedoman pada tugas, fungsi, kewenangan, serta ketentuan peraturan perundang-undangan yang berlaku. (Prokopim)

Berita TerkiniBidang Ekonomi dan PembangunanKetahanan PanganPenanggulangan Bencana

Alamat email Anda tidak akan dipublikasikan. Ruas yang wajib ditandai *

Simpan nama, email, dan situs web saya pada peramban ini untuk komentar saya berikutnya.",#PressRelease #Pembangunan #Pemerintahan #Ekonomi #Kesehatan #Pendidikan #Pertanian #Sosial #Pariwisata #Pengumuman #BeritaTerkini #BidangEkonomidanPembangunan #KetahananPangan #PenanggulanganBencana #BidangPemerintahandanKesejahteraanRakyat #Pembinaan #Perhubungan #BantuanSosial,91,https://prokopim.mahakamulukab.go.id/pemkab-mahulu-bahas-langkah-penanganan-dampak-kemarau-terhadap-kebutuhan-pokok-dan-bbm/
"Rakor TP Posyandu, Bupati Mahulu Tegaskan Harus Terintegrasi, Disiplin Kerja dan Fokus Dampak Nyata",https://prokopim.mahakamulukab.go.id/wp-content/uploads/2026/08/216.jpg,images\038_rakor-tp-posyandu-bupati-mahulu-tegaskan-harus-terintegrasi-.jpg,Adm,2026-08-08,"Samarinda – Bupati Mahakam Ulu (Mahulu), Angela Idang Belawan, menegaskan bahwa Pos Pelayanan Terpadu (Posyandu) harus dikelola secara terintegrasi lintas sektor, dengan menempatkan manfaat nyata bagi masyarakat sebagai tujuan utama.

Penegasan tersebut disampaikan saat membuka Rapat Koordinasi (Rakor) Sosialisasi Tugas dan Fungsi Tim Pembina Posyandu Kabupaten Mahakam Ulu Tahun 2026, di Hotel Puri Senyiur, Samarinda, Sabtu (08/08/2026)

Bupati menekankan bahwa paradigma Posyandu telah berubah seiring hadirnya Permendagri Nomor 13 Tahun 2024, dimana Posyandu menjadi wadah integrasi enam bidang Standar Pelayanan Minimal (SPM).

“Posyandu bukan hanya urusan Dinas Kesehatan. Seluruh perangkat daerah memiliki peran sesuai bidangnya, dan harus berjalan dalam satu koordinasi. Tidak boleh ada ego sektoral,” tegasnya.

Lebih lanjut, Bupati mengingatkan bahwa keterlibatan dalam Tim Pembina Posyandu tidak boleh bersifat administratif semata, tetapi harus diwujudkan dalam kinerja yang aktif, terukur, dan berdampak.

Ia juga menyoroti pentingnya keseriusan aparatur dalam mengikuti setiap kegiatan, termasuk dalam menyerap materi, arahan, dan kebijakan yang disampaikan.

“Setiap kegiatan harus diikuti dengan sungguh-sungguh. Pahami materi yang disampaikan, catat arahannya, dan pastikan dapat ditindaklanjuti. Jangan sampai kegiatan hanya dihadiri secara formalitas tanpa memberikan pemahaman dan kontribusi nyata dalam pelaksanaan tugas,” ujarnya.

Angela Idang Belawan juga menegaskan pentingnya komunikasi yang efektif antar perangkat daerah, dengan menempatkan personil yang kompeten dan aktif sebagai penghubung koordinasi.

“Komunikasi yang baik akan melahirkan koordinasi yang kuat. Karena itu, tunjuk personil yang benar-benar mampu bekerja, aktif berkoordinasi, dan memahami substansi tugasnya,” tegasnya.

Ia kembali mengingatkan bahwa seluruh program yang dilaksanakan harus bermuara pada manfaat nyata bagi masyarakat, bukan sekadar memenuhi target kegiatan administratif.

“Kita tidak sedang mengejar penilaian semata. Yang kita kejar adalah manfaat. Percuma jika laporan kita baik, tetapi masyarakat di kampung masih menghadapi persoalan yang belum terselesaikan,” ungkapnya.

Bupati juga menekankan pentingnya pemetaan kebutuhan masyarakat secara detail hingga tingkat kecamatan dan kampung, serta sinkronisasi program sejak tahap perencanaan agar tidak terjadi tumpang tindih kegiatan.

Bupati menggarisbawahi prinsip kerja yang harus dibangun bersama, yakni satu data, satu koordinasi, satu gerakan, dan satu tujuan, sebagai fondasi dalam menghadirkan pelayanan dasar yang lebih tepat sasaran dan berdampak luas.

“Posyandu harus benar-benar hadir di tengah masyarakat, bukan hanya dalam struktur. Masyarakat tidak boleh hanya menjadi objek pendataan, tetapi harus merasakan pelayanan dan penyelesaian atas persoalan yang dihadapi,” tegasnya.

Dengan komitmen bersama, Bupati optimistis Tim Pembina Posyandu Kabupaten Mahakam Ulu akan menjadi motor penggerak dalam memperkuat pelayanan dasar dan mendorong peningkatan kesejahteraan masyarakat secara berkelanjutan. (Prokopim/tha)

Berita TerkiniBidang Pemerintahan dan Kesejahteraan RakyatKesehatanPelayananSosialisasi

Alamat email Anda tidak akan dipublikasikan. Ruas yang wajib ditandai *

Simpan nama, email, dan situs web saya pada peramban ini untuk komentar saya berikutnya.",#PressRelease #Pembangunan #Pemerintahan #Ekonomi #Kesehatan #Pendidikan #Pertanian #Sosial #Pariwisata #Pengumuman #BeritaTerkini #BidangPemerintahandanKesejahteraanRakyat #Pelayanan #Sosialisasi #Pembinaan #BidangEkonomidanPembangunan #PenanggulanganBencana #Perhubungan #BantuanSosial,145,https://prokopim.mahakamulukab.go.id/rakor-tp-posyandu-bupati-mahulu-tegaskan-harus-terintegrasi-disiplin-kerja-dan-fokus-dampak-nyata/
"Bupati Mahulu Buka Rakor Sosialisasi TP Posyandu, Perkuat Integrasi Pelayanan Dasar",https://prokopim.mahakamulukab.go.id/wp-content/uploads/2026/08/215.jpg,images\039_bupati-mahulu-buka-rakor-sosialisasi-tp-posyandu-perkuat-int.jpg,Adm,2026-08-08,"Samarinda – Bupati Mahakam Ulu (Mahulu), Angela Idang Belawan, secara resmi membuka Rapat Koordinasi (Rakor) Sosialisasi Tugas dan Fungsi Tim Pembina Pos Pelayanan Terpadu (TP Posyandu) Kabupaten Mahakam Ulu, sebagai langkah strategis memperkuat pelayanan dasar yang terintegrasi lintas sektor, bertempat di Hotel Puri Senyiur Samarinda. Sabtu (08/08/2026)

Rakor yang difasilitasi Dinas Pemberdayaan Masyarakat dan Kampung (DPMK) Mahulu, menjadi awal dalam membangun tata kelola Posyandu yang lebih kuat, terarah, dan berdampak bagi masyarakat.

Dalam kegiatan ini, hadir Sekretaris Daerah Mahulu, Dr. Stephanus Madang, S.Sos., M.M., Ketua Tim Pembina Posyandu Kabupaten Mahulu, Mega Petra Marten, S.H., M.H., bersama Wakil Ketua Tim Pembina Posyandu Kabupaten Mahulu, Jerni Melen Suhuk, S.Pd. Turut dihadiri Tim Percepatan Pembangunan Daerah (TP3D) Kabupaten Mahulu; Asisten Bidang Pemerintahan dan Kesejahteraan Rakyat Setkab Mahulu, Kepala Kantor Kementerian Agama Kabupaten Mahulu; Plt Kepala DPMK Mahulu dan jajarannya, Inspektur Daerah Mahulu, Sekretaris DPRD Mahulu, serta Kepala OPD terkait dan Camat di lingkungan Pemerintah Kabupaten Mahulu.

Mengawali sambutannya, Bupati Mahulu menegaskan bahwa Posyandu kini tidak lagi dipandang semata sebagai layanan kesehatan, tetapi telah berkembang menjadi wadah pelayanan dasar yang mencakup enam bidang Standar Pelayanan Minimal (SPM).

“Posyandu bukan hanya urusan kesehatan, tetapi menjadi tanggung jawab bersama seluruh perangkat daerah,” ujarnya.

Ia menyampaikan bahwa penguatan Posyandu harus diiringi dengan sinergi lintas sektor, mulai dari bidang pendidikan, kesehatan, pekerjaan umum, perumahan rakyat, ketentraman dan perlindungan masyarakat, hingga sosial.

Melalui kegiatan Rakor ini, Bupati berharap seluruh perangkat daerah mampu menyatukan persepsi, memperkuat koordinasi, serta menyelaraskan program dan kegiatan agar lebih efektif dan tepat sasaran hingga ke tingkat kampung.

Lebih lanjut, ia menekankan bahwa keberhasilan penyelenggaraan Posyandu harus berorientasi pada manfaat nyata bagi masyarakat.

“Keberhasilan tidak diukur dari banyaknya kegiatan, tetapi dari manfaat yang benar-benar dirasakan masyarakat,” tegasnya.

Dengan mengusung prinsip satu data, satu koordinasi, satu gerakan, dan satu tujuan, Pemerintah Kabupaten Mahakam Ulu berkomitmen menghadirkan pelayanan dasar yang semakin dekat, berkualitas, dan berkelanjutan.

Pada kesempatan ini hadir sebagai narasumber Kepala Dinas Pemberdayaan Masyarakat dan Pemerintahan Desa (DPMPD) Provinsi Kaltim, Siti Sugianti, SE, M.Si., dan Kepala Bidang Pemberdayaan Kelembagaan Sosial Budaya Masyarakat DPMPD Provinsi Kaltim, Mahezha Jennar, S.STP, M.Si. (Prokopim/tha)

Berita TerkiniBidang Pemerintahan dan Kesejahteraan RakyatKesehatanPelayananSosialisasi

Alamat email Anda tidak akan dipublikasikan. Ruas yang wajib ditandai *

Simpan nama, email, dan situs web saya pada peramban ini untuk komentar saya berikutnya.",#PressRelease #Pembangunan #Pemerintahan #Ekonomi #Kesehatan #Pendidikan #Pertanian #Sosial #Pariwisata #Pengumuman #BeritaTerkini #BidangPemerintahandanKesejahteraanRakyat #Pelayanan #Sosialisasi #Pembinaan #BidangEkonomidanPembangunan #PenanggulanganBencana #Perhubungan #BantuanSosial,145,https://prokopim.mahakamulukab.go.id/bupati-mahulu-buka-rakor-sosialisasi-tp-posyandu-perkuat-integrasi-pelayanan-dasar/
"Wabup Mahulu Buka Lomba Mancing Dasaran, Ajak Masyarakat Jaga Kelestarian Sungai Mahakam",https://prokopim.mahakamulukab.go.id/wp-content/uploads/2026/08/Cover-Berita-Edit-2026-4.jpg,images\040_wabup-mahulu-buka-lomba-mancing-dasaran-ajak-masyarakat-jaga.jpg,Admin,2026-08-08,"Ujoh Bilang – Dalam rangka memeriahkan Hari Ulang Tahun (HUT) ke-81 Kemerdekaan Republik Indonesia Tahun 2026, Bupati Mahakam Ulu (Mahulu), Angela Idang Belawan, yang diwakili Wakil Bupati (Wabup) Mahulu, Suhuk, S.E., membuka kegiatan Lomba Memancing Dasaran yang diprakarsai oleh komunitas Angler Mahakam Ulu.

Kegiatan tersebut dirangkaikan dengan pelepasan bibit ikan dan berlangsung di Balai Pertemuan Umum (BPU) Ujoh Bilang, Sabtu (8/8/2026).

Dalam arahannya, Wakil Bupati Suhuk menyampaikan bahwa kegiatan tersebut tidak hanya menjadi bagian dari rangkaian perayaan HUT ke-81 Kemerdekaan RI, tetapi juga menjadi momentum untuk meningkatkan kepedulian masyarakat terhadap kelestarian Sungai Mahakam dan sumber daya perikanan.

“Melalui pelepasan bibit ikan ini, kita bersama-sama menjaga kelestarian sumber daya perikanan sekaligus mensosialisasikan pentingnya menjaga ekosistem Sungai Mahakam,” ujar Wabup.

Menurutnya, Sungai Mahakam merupakan aset vital bagi masyarakat Mahakam Ulu, baik dari sisi budaya, ekonomi maupun sebagai bagian dari identitas daerah. Karena itu, diperlukan keseimbangan antara pemanfaatan sumber daya alam dan upaya pemulihannya.

Wabup juga mengimbau, kepada seluruh peserta dan komunitas pemancing agar turut menjaga kelestarian sungai dengan tidak menggunakan racun maupun setrum dalam menangkap ikan, tidak merusak habitat perairan, serta menjaga kebersihan lingkungan sekitar.

Selain menjaga kelestarian lingkungan, Wabup juga menekankan pentingnya menjunjung tinggi sportivitas selama perlombaan. Panitia diharapkan dapat mengatur pembagian lokasi memancing secara adil serta melakukan pengawasan guna mencegah terjadinya kecurangan.

“Yang tidak kalah penting adalah menjaga sportivitas dan kebersamaan. Mari kita jadikan kegiatan ini sebagai sarana mempererat persaudaraan sekaligus membangun semangat bersama dalam membangun Mahakam Ulu,” katanya.

Lebih lanjut, Wabup menyampaikan bahwa momentum HUT ke-81 Kemerdekaan Republik Indonesia hendaknya menjadi penyemangat bagi seluruh masyarakat untuk terus berkontribusi dalam pembangunan daerah.

“Semangat kemerdekaan harus menjadi semangat bagi kita semua untuk terus membangun Mahakam Ulu agar semakin maju, merata dan berkelanjutan,” pungkasnya. (Prokopim/aim)

Alamat email Anda tidak akan dipublikasikan. Ruas yang wajib ditandai *

Simpan nama, email, dan situs web saya pada peramban ini untuk komentar saya berikutnya.",#PressRelease #Pembangunan #Pemerintahan #Ekonomi #Kesehatan #Pendidikan #Pertanian #Sosial #Pariwisata #Pengumuman #BeritaTerkini #HutRI #BidangPemerintahandanKesejahteraanRakyat #Pembinaan #BidangEkonomidanPembangunan #PenanggulanganBencana #Perhubungan #BantuanSosial,156,https://prokopim.mahakamulukab.go.id/wabup-mahulu-buka-lomba-mancing-dasaran-ajak-masyarakat-jaga-kelestarian-sungai-mahakam/
"Antisipasi Kelangkaan dan Kenaikan Harga, Pemkab Mahulu Gelar Operasi Pasar Murah",https://prokopim.mahakamulukab.go.id/wp-content/uploads/2026/08/Cover-Berita-Edit-2026-3.jpg,images\041_antisipasi-kelangkaan-dan-kenaikan-harga-pemkab-mahulu-gelar.jpg,Admin,2026-08-08,"Ujoh Bilang – Bupati Mahakam Ulu (Mahulu), Angela Idang Belawan, yang diwakili Wakil Bupati (Wabup) Mahulu, Suhuk, S.E., melepas Tim Operasi Pasar Murah Kabupaten Mahakam Ulu yang akan mendistribusikan kebutuhan pokok ke Kecamatan Long Apari, kegiatan pelepasan berlangsung di Alun-Alun Ujoh Bilang, pada Sabtu (8/8/2026) siang.

Saat membacakan sambutan Bupati Mahulu, Wakil Bupati Suhuk, S.E., menyampaikan, bahwa Pemerintah Kabupaten Mahakam Ulu memahami kondisi Kecamatan Long Apari yang masih bergantung pada transportasi sungai sebagai jalur utama distribusi barang.

Memasuki musim kemarau, kondisi tersebut berpotensi menghambat kelancaran pasokan kebutuhan pokok ke wilayah tersebut.

“Jika tidak diantisipasi, keadaan ini dapat mempengaruhi ketersediaan barang dan harga di tingkat masyarakat. Karena itu, pada hari ini kita mengambil langkah cepat agar pasokan kebutuhan pokok tetap tersedia dan harganya tetap terjangkau bagi saudara-saudara kita di Kecamatan Long Apari,” ungkapnya.

Ia menegaskan, kesejahteraan masyarakat merupakan salah satu prioritas utama dalam setiap kebijakan Pemerintah Kabupaten Mahakam Ulu.

“Oleh karena itu, kita terus berupaya memastikan seluruh masyarakat, tanpa terkecuali, memiliki akses terhadap kebutuhan pokok dengan harga yang terjangkau. Semangat pengabdian itulah yang melandasi pelaksanaan Operasi Pasar Murah pada hari ini,” lanjutnya.

Lebih lanjut, Suhuk menjelaskan bahwa melalui Operasi Pasar Murah tersebut, Pemerintah Kabupaten Mahakam Ulu menyalurkan sebanyak 700 sak beras premium kemasan 5 kilogram, 700 bungkus gula kemasan 1 kilogram, dan 700 kemasan minyak goreng ukuran 2 liter.

Komoditas tersebut akan didistribusikan kepada masyarakat di Kampung Tiong Ohang dan Kampung Long Apari.

“Saya berharap komoditas yang disalurkan pada hari ini dapat meringankan beban masyarakat sekaligus menjaga stabilitas harga di wilayah tersebut,” harapnya.

Kepada seluruh tim yang bertugas, Wakil Bupati berpesan agar melaksanakan amanah tersebut dengan penuh tanggung jawab serta menjaga koordinasi selama berada di lapangan.

Ia juga mengingatkan agar keselamatan menjadi prioritas, baik selama perjalanan maupun saat menjalankan tugas.

“Pastikan seluruh komoditas dapat disalurkan tepat waktu dan tepat sasaran sehingga manfaatnya benar-benar dirasakan oleh masyarakat,” pesannya.

“Saya percaya saudara-saudara mampu menjalankan tugas ini dengan sebaik-baiknya sebagai wujud pengabdian kepada masyarakat Mahakam Ulu,” tandasnya. (Prokopim/aim)

Bantuan SosialBerita TerkiniBidang Ekonomi dan PembangunanPemerintahanPenanggulangan BencanaSosial

Alamat email Anda tidak akan dipublikasikan. Ruas yang wajib ditandai *

Simpan nama, email, dan situs web saya pada peramban ini untuk komentar saya berikutnya.",#PressRelease #Pembangunan #Pemerintahan #Ekonomi #Kesehatan #Pendidikan #Pertanian #Sosial #Pariwisata #Pengumuman #BantuanSosial #BeritaTerkini #BidangEkonomidanPembangunan #PenanggulanganBencana #BidangPemerintahandanKesejahteraanRakyat #Pembinaan #Perhubungan,164,https://prokopim.mahakamulukab.go.id/antisipasi-kelangkaan-dan-kenaikan-harga-pemkab-mahulu-gelar-operasi-pasar-murah/
"Wabup Mahulu Sambut Audiensi Komandan Kompi 2 Batalyon B Pelopor, Bahas Penguatan Dukungan Brimob di Mahulu",https://prokopim.mahakamulukab.go.id/wp-content/uploads/2026/08/Cover-Berita-Edit-202633.jpg,images\042_wabup-mahulu-sambut-audiensi-komandan-kompi-2-batalyon-b-pel.jpg,Adm,2026-08-06,"Ujoh Bilang – Bupati Mahakam Ulu (Mahulu), Angela Idang Belawan, yang diwakili Wakil Bupati (Wabup) Mahulu, Suhuk, S.E., menerima kunjungan audiensi Komandan Kompi 2 Batalyon B Pelopor, Ipda Abdullah Hadi Iswanto, di Ruang Kerja Wakil Bupati Mahulu, Lantai III Kantor Bupati Mahulu, Kamis (6/8/2026).

Pertemuan berlangsung dalam suasana hangat dan penuh keakraban. Audiensi tersebut menjadi wadah silaturahmi sekaligus koordinasi antara Pemerintah Kabupaten (Pemkab) Mahulu dengan jajaran Brigade Mobil (Brimob) terkait program kerja, peningkatan kinerja organisasi, serta pengembangan wilayah tugas Brimob di Kabupaten Mahakam Ulu.

Wabup Mahulu, Suhuk menyambut baik kunjungan dan koordinasi yang dilakukan jajaran Brimob. Ia juga mengenang sinergi yang telah terjalin antara Pemerintah Kabupaten Mahakam Ulu dengan Brimob dalam mendukung berbagai kegiatan pemerintahan maupun pelayanan kepada masyarakat.

Saya akan sampaikan segera hal ini kepada Ibu Bupati Mahulu dan Pemkab Mahulu akan terlebih dahulu mengkonfirmasi ketersediaan lahan yang memungkinkan untuk mendukung rencana pembangunan Mako Brimob. Selanjutnya, hasil audiensi tersebut akan dilaporkan kepada Bupati Mahakam Ulu sebagai bahan pertimbangan dalam pengambilan kebijakan.

Dalam kesempatan tersebut, Ipda Abdullah Hadi Iswanto menyampaikan bahwa saat ini dukungan personel Brimob di wilayah Mahakam Ulu masih dibantu oleh Kompi dari Kabupaten Kutai Barat. Seiring dengan perkembangan daerah, pertumbuhan jumlah penduduk, serta meningkatnya kebutuhan pelayanan keamanan, diperlukan penguatan organisasi melalui pembangunan Markas Komando (Mako) Brimob di Mahakam Ulu.

Untuk mendukung rencana tersebut, pihak Brimob mengajukan permohonan dukungan Pemerintah Kabupaten Mahakam Ulu berupa hibah lahan sebagai lokasi pembangunan Mako. Keberadaan Mako dinilai penting mengingat secara ideal setiap Kepolisian Resor (Polres) didukung oleh satuan Brimob setingkat kompi guna memperkuat kesiapsiagaan dalam menjaga keamanan dan ketertiban masyarakat.

Ipda Abdullah Hadi Iswanto juga menyampaikan bahwa rencana pembangunan Mako Brimob tersebut sebelumnya pernah dibahas secara lisan bersama Bupati Mahakam Ulu periode sebelumnya. Namun, hingga saat ini belum sempat ditindaklanjuti melalui proses administrasi secara formal.

Sementara itu, pihak Brimob menyampaikan bahwa hasil pertemuan ini akan dilaporkan kepada pimpinan di Polda Kalimantan Timur sebagai bahan tindak lanjut dan dasar penyusunan langkah-langkah pengembangan organisasi Brimob di Kabupaten Mahakam Ulu. (Prokopim/aim)

AudiensiBerita TerkiniBidang Pemerintahan dan Kesejahteraan RakyatPemerintahan

Alamat email Anda tidak akan dipublikasikan. Ruas yang wajib ditandai *

Simpan nama, email, dan situs web saya pada peramban ini untuk komentar saya berikutnya.",#PressRelease #Pembangunan #Pemerintahan #Ekonomi #Kesehatan #Pendidikan #Pertanian #Sosial #Pariwisata #Pengumuman #Audiensi #BeritaTerkini #BidangPemerintahandanKesejahteraanRakyat #Pembinaan #BidangEkonomidanPembangunan #PenanggulanganBencana #Perhubungan #BantuanSosial,153,https://prokopim.mahakamulukab.go.id/wabup-mahulu-sambut-audiensi-komandan-kompi-2-batalyon-b-pelopor-bahas-penguatan-dukungan-brimob-di-mahulu/
"Audiensi dengan FIA UI, Bupati Mahulu Dorong Skema Pembelajaran Fleksibel Bagi ASN",https://prokopim.mahakamulukab.go.id/wp-content/uploads/2026/08/Cover-Berita-Edit-2026-2.jpg,images\043_audiensi-dengan-fia-ui-bupati-mahulu-dorong-skema-pembelajar.jpg,Admin,2026-08-05,"Jakarta – Bupati Mahakam Ulu (Mahulu), Angela Idang Belawan, didampingi Sekretaris Daerah Mahulu, Dr. Stephanus Madang, S.Sos., M.M., melaksanakan audiensi sekaligus mengikuti monitoring dan evaluasi pelaksanaan kerja sama pendidikan bersama Fakultas Ilmu Administrasi (FIA) Universitas Indonesia (UI), Rabu (05/08/2026).

Pertemuan tersebut diterima langsung oleh Dekan FIA UI, Prof. Dr. Retno Kusumastuti Hardjono, M.Si., beserta jajaran sebagai forum untuk memperkuat kemitraan sekaligus membahas tindak lanjut penyelenggaraan program pendidikan bagi Aparatur Sipil Negara (ASN) Kabupaten Mahakam Ulu.

Membuka sambutannya, Bupati menyampaikan bahwa kemitraan antara Pemerintah Kabupaten (Pemkab) Mahulu dan FIA UI telah memberikan kontribusi nyata terhadap peningkatan kualitas sumber daya manusia aparatur serta penguatan tata kelola pemerintahan melalui berbagai program pendidikan dan kajian ilmiah.

“Bagi kami, perguruan tinggi bukan hanya tempat lahirnya ilmu pengetahuan, tetapi juga mitra strategis yang membantu pemerintah menyiapkan sumber daya manusia yang berkualitas sekaligus menghadirkan rekomendasi kebijakan yang berbasis kajian ilmiah,” ujar Bupati.

Selain melakukan evaluasi terhadap pelaksanaan kerja sama yang telah berjalan, audiensi juga menjadi ruang diskusi mengenai sejumlah tantangan yang dihadapi ASN Mahulu dalam mengikuti program pendidikan. Salah satu isu yang menjadi perhatian ialah perubahan skema perkuliahan yang mengharuskan peserta mengikuti pembelajaran secara luring, sementara sebagian ASN tetap memiliki tanggung jawab pelayanan di daerah.

Dalam diskusi tersebut, Pemkab Mahulu bersama FIA UI membahas berbagai alternatif penyelesaian agar pelaksanaan pendidikan tetap dapat berjalan tanpa mengganggu tugas kedinasan. Sejumlah opsi yang mengemuka di antaranya pemenuhan Mata Kuliah Pengembangan Kepribadian (MPK) Agama melalui mekanisme pembelajaran luring atau pengakuan sertifikat kegiatan keagamaan yang relevan. Selain itu, untuk MPK Bahasa Inggris direncanakan tersedia opsi penyelesaian melalui sertifikat TOEFL ITP dengan skor yang memenuhi persyaratan.

FIA UI juga menyampaikan rencana pelaksanaan pembelajaran yang memberikan fleksibilitas dengan kewajiban kehadiran luring sebanyak dua sesi. Usulan tersebut masih menunggu keputusan dan persetujuan lebih lanjut dari Rektor Universitas Indonesia.

Bupati berharap hubungan baik yang telah terjalin antara Pemerintah Kabupaten Mahakam Ulu dan FIA UI tidak hanya terbatas pada penyelenggaraan program pendidikan, tetapi terus berkembang menjadi kemitraan yang saling memperkuat dalam mendukung pembangunan daerah.

“Kami berharap hubungan baik yang telah terjalin tidak berhenti pada pelaksanaan program pendidikan semata, tetapi terus berkembang menjadi kemitraan yang saling menguatkan,” tegasnya.

Turut hadir dalam kegiatan tersebut Kepala Dinas Pendidikan dan Kebudayaan Mahakam Ulu, Samson Batang, S.Sos., M.Si., Plt. Kepala Badan Kepegawaian dan Pengembangan Sumber Daya Manusia, Nobertus Ngande, S.IP., Kepala Bagian Pemerintahan, Yusrinda Prababeni, S.IP., M.I.P., Perancang Peraturan Perundang-undangan Ahli Muda pada Bagian Hukum, Fransiska, W.L., S.H., M.Si., Kepala Bagian Protokol dan Komunikasi Pimpinan, Christianus Arie Dedy Bang, S.E., M.Si., beserta jajaran Fakultas Ilmu Administrasi Universitas Indonesia. (Prokopim)

Berita TerkiniBidang Pemerintahan dan Kesejahteraan RakyatKerja SamaKunjungan KerjaPembinaanPemerintahanPendidikanSosial

Alamat email Anda tidak akan dipublikasikan. Ruas yang wajib ditandai *

Simpan nama, email, dan situs web saya pada peramban ini untuk komentar saya berikutnya.",#PressRelease #Pembangunan #Pemerintahan #Ekonomi #Kesehatan #Pendidikan #Pertanian #Sosial #Pariwisata #Pengumuman #BeritaTerkini #BidangPemerintahandanKesejahteraanRakyat #KerjaSama #KunjunganKerja #Pembinaan #BidangEkonomidanPembangunan #PenanggulanganBencana #Perhubungan #BantuanSosial,177,https://prokopim.mahakamulukab.go.id/audiensi-dengan-fia-ui-bupati-mahulu-dorong-skema-pembelajaran-fleksibel-bagi-asn/
Pemkab Mahulu dan Kemenkes Tinjau Progres Pembangunan RSUD Gerbang Sehat,https://prokopim.mahakamulukab.go.id/wp-content/uploads/2026/08/Cover-Berita-Edit-2026-1.jpg,images\044_pemkab-mahulu-dan-kemenkes-tinjau-progres-pembangunan-rsud-g.jpg,Admin,2026-08-05,"Ujoh Bilang – Mewakili Bupati Mahakam Ulu (Mahulu), Angela Idang Belawan, Wakil Bupati (Wabup) Mahulu, Suhuk, S.E., menghadiri sekaligus mengikuti peninjauan pekerjaan konstruksi terintegrasi rancang dan bangun (design and build) pembangunan dan renovasi rumah sakit berkualitas dalam rangka pemenuhan Program Hasil Terbaik Cepat (PHTC) bidang kesehatan di RSUD Gerbang Sehat Mahulu, Rabu (5/8/2026).

Peninjauan tersebut turut dihadiri tim dari Kementerian Kesehatan RI bersama perangkat daerah terkait untuk melihat secara langsung perkembangan pembangunan rumah sakit yang menjadi salah satu proyek strategis peningkatan layanan kesehatan di Kabupaten Mahakam Ulu.

Usai kegiatan, Wabup Mahulu menyampaikan bahwa secara umum progres pembangunan masih berjalan sesuai tahapan, meskipun terdapat sejumlah catatan yang perlu segera ditindaklanjuti oleh pihak pelaksana agar target penyelesaian pekerjaan dapat tercapai sesuai jadwal.

“Hari ini Kabupaten Mahakam Ulu menerima kunjungan tim dari Kementerian Kesehatan. Dari hasil peninjauan bersama, progres pembangunan masih berjalan. Memang ada beberapa catatan yang kami sampaikan kepada pihak pelaksana maupun kontraktor. Harapan kami, seluruh progres yang masih tertinggal dapat segera dikejar sehingga pekerjaan dapat diselesaikan tepat waktu,” ujarnya.

Menurutnya, pemerintah daerah juga telah berdiskusi dengan pihak kontraktor untuk mencari solusi atas berbagai kendala yang dihadapi selama proses pembangunan.

“Kami berharap setelah adanya diskusi ini, kontraktor dapat mempercepat pelaksanaan pekerjaan sehingga tahun depan masyarakat Mahakam Ulu sudah dapat memanfaatkan gedung rumah sakit yang baru,” tambahnya.

Lanjut dalam arahannya, Suhuk menegaskan komitmen Pemerintah Kabupaten Mahakam Ulu untuk mendukung penuh kelancaran pembangunan rumah sakit. Dukungan tersebut mencakup koordinasi lintas instansi dalam menyelesaikan berbagai kendala teknis, seperti pemagaran lokasi proyek maupun penyelesaian batas patok lahan.

Selain itu, Pemerintah Kabupaten Mahakam Ulu juga optimistis proyek dapat diselesaikan sesuai target, mengingat kontraktor pelaksana merupakan pihak yang telah dipilih langsung oleh Kementerian Kesehatan dan memiliki pengalaman dalam mengerjakan proyek serupa.

Wabup juga menekankan pentingnya pengelolaan pengadaan material konstruksi, khususnya pasir dan batu, dengan memanfaatkan musim kemarau agar distribusi material tidak terganggu oleh kondisi cuaca.

“Pembangunan RSUD Gerbang Sehat Mahulu memiliki arti strategis bagi masyarakat karena akan meningkatkan kualitas pelayanan kesehatan di daerah, sekaligus mengurangi ketergantungan masyarakat untuk berobat ke luar daerah sehingga biaya pengobatan dapat ditekan dan pelayanan BPJS Kesehatan menjadi lebih efektif,” katanya.

Pemerintah Kabupaten Mahakam Ulu berharap pembangunan rumah sakit ini dapat rampung dan mulai dioperasikan pada tahun 2027 sehingga tidak menghambat tahapan pembangunan berikutnya serta segera memberikan manfaat nyata bagi peningkatan pelayanan kesehatan masyarakat.

Sebagai tindak lanjut, Pemerintah Kabupaten Mahulu juga akan memperkuat koordinasi dengan instansi terkait, termasuk Dinas Perhubungan, guna mendukung kelancaran mobilisasi alat berat serta penyelesaian berbagai persoalan teknis lainnya selama proses pembangunan berlangsung. (Prokopim/aim)

Berita TerkiniBidang Pemerintahan dan Kesejahteraan RakyatKesehatanPembangunanPemerintahan

Alamat email Anda tidak akan dipublikasikan. Ruas yang wajib ditandai *

Simpan nama, email, dan situs web saya pada peramban ini untuk komentar saya berikutnya.",#PressRelease #Pembangunan #Pemerintahan #Ekonomi #Kesehatan #Pendidikan #Pertanian #Sosial #Pariwisata #Pengumuman #BeritaTerkini #BidangPemerintahandanKesejahteraanRakyat #Pembinaan #BidangEkonomidanPembangunan #PenanggulanganBencana #Perhubungan #BantuanSosial,184,https://prokopim.mahakamulukab.go.id/pemkab-mahulu-dan-kemenkes-tinjau-progres-pembangunan-rsud-gerbang-sehat/
"FKUB Kaltim Kunjungi Mahulu, Perkuat Dialog dan Kerukunan Umat Beragama",https://prokopim.mahakamulukab.go.id/wp-content/uploads/2026/08/Cover-Berita-Edit-2026.jpg,images\045_fkub-kaltim-kunjungi-mahulu-perkuat-dialog-dan-kerukunan-uma.jpg,Admin,2026-08-05,"Ujoh Bilang – Mewakili Bupati Mahakam Ulu (Mahulu), Angela Idang Belawan, Wakil Bupati (Wabup) Mahulu, Suhuk, S.E., menghadiri sekaligus menyambut kunjungan Forum Kerukunan Umat Beragama (FKUB) Provinsi Kalimantan Timur dalam kegiatan Dialog Penguatan Kerukunan Umat Beragama, yang berlangsung di Gedung Balai Pertemuan Umum (BPU) Kecamatan Long Bagun, Ujoh Bilang, Rabu (5/8/2026).

Dalam sambutan Bupati yang dibacakan Wabup Mahulu, disampaikan bahwa sejalan dengan visi Mahulu Melaju: Maju, Merata, Berkelanjutan, Pemerintah Kabupaten Mahakam Ulu terus berkomitmen menghadirkan pembangunan yang memberikan manfaat bagi seluruh lapisan masyarakat.

“Upaya tersebut membutuhkan dukungan dari semua pihak. Pembangunan akan berjalan lebih baik apabila masyarakat hidup dalam suasana yang aman, damai, dan rukun,” ujarnya

Ia menegaskan bahwa FKUB memiliki peran yang sangat strategis dalam menjaga dan memperkuat keharmonisan kehidupan beragama di tengah masyarakat. Kehadiran FKUB menjadi wadah untuk mempererat dialog, komunikasi, serta membangun saling pengertian antar umat beragama.

Menurutnya, sinergi yang terjalin antara pemerintah, tokoh agama, dan masyarakat menjadi jembatan dalam menyelesaikan berbagai persoalan melalui musyawarah serta semangat kebersamaan, sehingga tercipta kehidupan yang harmonis dan kondusif.

“Saya berharap kunjungan dan dialog pada hari ini semakin mempererat hubungan antara FKUB Provinsi Kalimantan Timur, FKUB Kabupaten Mahakam Ulu, pemerintah daerah, para tokoh agama, serta seluruh pemangku kepentingan. Semoga pertemuan ini menghasilkan gagasan dan semangat baru untuk terus menjaga kerukunan umat beragama di Kabupaten Mahakam Ulu,” harapnya.

Kegiatan tersebut turut dihadiri Asisten Bidang Administrasi Umum (Asisten III) Sekretariat Daerah Kabupaten Mahakam Ulu, Kristina Tening, S.H., M.Si., Kepala Kantor Kementerian Agama Kabupaten Mahakam Ulu Longginus, S.S., Ketua Forum Kerukunan Umat Beragama (FKUB) Provinsi Kalimantan Timur, Pdt. Dr. Lenggan Pait, M.Th., beserta jajaran FKUB Provinsi Kalimantan Timur, pengurus FKUB Kabupaten Mahakam Ulu, tokoh agama, serta para undangan lainnya. (Prokopim/aim)

Berita TerkiniBidang Pemerintahan dan Kesejahteraan RakyatKunjungan Kerja Tamu DinasSosial

Alamat email Anda tidak akan dipublikasikan. Ruas yang wajib ditandai *

Simpan nama, email, dan situs web saya pada peramban ini untuk komentar saya berikutnya.",#PressRelease #Pembangunan #Pemerintahan #Ekonomi #Kesehatan #Pendidikan #Pertanian #Sosial #Pariwisata #Pengumuman #BeritaTerkini #BidangPemerintahandanKesejahteraanRakyat #KunjunganKerjaTamuDinas #Pembinaan #BidangEkonomidanPembangunan #PenanggulanganBencana #Perhubungan #BantuanSosial,160,https://prokopim.mahakamulukab.go.id/fkub-kaltim-kunjungi-mahulu-perkuat-dialog-dan-kerukunan-umat-beragama/
Bupati Mahulu Tegaskan Satu Data dan Geospasial sebagai Fondasi Kebijakan Pembangunan,https://prokopim.mahakamulukab.go.id/wp-content/uploads/2026/08/Cover-Berita-Edit-202632.jpg,images\046_bupati-mahulu-tegaskan-satu-data-dan-geospasial-sebagai-fond.jpg,Adm,2026-08-04,"Samarinda – Pemerintah Kabupaten (Pemkab) Mahakam Ulu (Mahulu) menegaskan komitmen kuat dalam mewujudkan tata kelola data yang terintegrasi, akurat, dan berkualitas melalui kegiatan Peningkatan Kualitas Satu Data Indonesia dan Data Geospasial Kabupaten Mahulu.

Kegiatan yang difasilitasi oleh Dinas Komunikasi, Informatika, Statistik, dan Persandian (Diskominfostandi) Mahulu ini dilaksanakan selama dua hari, 4–5 Agustus 2026, dan secara resmi dibuka oleh Bupati Mahulu, Angela Idang Belawan, didampingi Sekretaris Daerah Mahulu, Dr. Stephanus Madang, S.Sos., M.M., bertempat di Hotel Puri Senyiur Samarinda. Selasa (04/08/2026)

Dalam arahannya, Bupati menegaskan bahwa data yang akurat, mutakhir, dan dapat dipertanggungjawabkan merupakan pondasi utama dalam perumusan kebijakan pembangunan daerah.

“Implementasi Satu Data Indonesia dan penguatan data geospasial bukan lagi pilihan, melainkan kebutuhan strategis, mengingat karakteristik wilayah Mahakam Ulu yang luas dan menantang. Dalam kondisi geografis yang kompleks, ketersediaan data spasial yang valid menjadi sangat krusial, baik untuk perencanaan tata ruang, pengelolaan sumber daya alam, mitigasi bencana, maupun percepatan pembangunan infrastruktur,” tegasnya.

Lebih lanjut, Bupati menyampaikan lima arahan strategis kepada seluruh perangkat daerah. Pertama, seluruh perangkat daerah diminta berkomitmen penuh mendukung implementasi Satu Data Indonesia dengan memastikan kesesuaian standar, metadata, dan interoperabilitas data.

Kedua, memperkuat sinergi antara Wali Data, Produsen Data, dan Simpul Jaringan Informasi Geospasial Daerah guna menghindari duplikasi serta tumpang tindih data antar sektor.

Ketiga, peningkatan kapasitas sumber daya manusia pengelola data menjadi prioritas, khususnya dalam penguasaan teknologi Sistem Informasi Geografis (SIG).

Terkait hal ini, Angela Idang Belawan secara tegas mengingatkan bahwa tanggung jawab pengelolaan data tidak dapat sepenuhnya dibebankan kepada operator semata. Kepala perangkat daerah dan para kepala bidang wajib memahami proses dan substansi pengelolaan data di unit kerja masing-masing.

Ia menyoroti praktik yang selama ini terjadi, di mana operator kerap bekerja tanpa arahan yang memadai, bahkan ditinggalkan dalam pengambilan keputusan yang seharusnya menjadi kewenangan pimpinan.

“Saya minta kepala perangkat daerah dan kepala bidang benar-benar memahami pekerjaan operator. Jangan sampai operator bekerja sendiri tanpa arahan. Ketika terjadi mutasi, tidak ada serah terima yang jelas, sehingga pekerjaan terputus dan berdampak pada kualitas data. Ini tidak boleh terus terjadi,” tegasnya.

Bupati juga menekankan bahwa kualitas data sangat menentukan kualitas kebijakan dan pelayanan kepada masyarakat. Oleh karena itu, pimpinan perangkat daerah harus aktif mengawal dan memastikan setiap proses pengelolaan data berjalan dengan baik.

Kemudian lanjut Bupati lagi, pada poin keempat, seluruh data geospasial harus terintegrasi dalam portal Satu Data Kabupaten Mahakam Ulu sebagai basis pengambilan keputusan berbasis bukti (evidence-based policy).

Kelima, kegiatan ini tidak boleh berhenti pada tataran seremonial, tetapi harus ditindaklanjuti dengan langkah konkret berupa penyusunan rencana aksi pengelolaan data geospasial di masing-masing perangkat daerah.

“Ini bukan sekadar kegiatan peningkatan kapasitas, tetapi momentum untuk membangun sistem data yang solid, terintegrasi, dan berkelanjutan demi kemajuan Mahakam Ulu,” ujarnya.

Mengakhiri arahannya, Bupati kembali mengingatkan seluruh pimpinan perangkat daerah untuk terlibat aktif dalam kegiatan tersebut dan tidak hanya mengandalkan operator.

“Saya ingatkan kembali, kepala perangkat daerah harus mengikuti dan memahami kegiatan ini. Jangan hanya mengandalkan operator,” pungkasnya.

Hadir dalam kegiatan ini Kepala Diskominfostandi Mahulu dan jajarannya, Kepala OPD di lingkup Pemkab Mahulu, dan peserta dari masing- masing OPD yakni satu orang Kasubbag (Kepala Subbagian) Umum atau Tata Usaha; dan satu orang staf/operator data. Dan kegiatan ini menghadirkan narasumber dari Bappeda Provinsi Kaltim, JF Ahli Muda, Duma Mangalle, S.E; Dinas Pekerjaan Umum, Penataan Ruang dan Perumahan Rakyat Provinsi Kaltim, Hari Suherman, S.Kom; dan dar Diskominfo Kota Samarinda, Pranata Komputer Ahli Pertama Ronny Triaka, S.Tr.Kom.

Melalui kegiatan ini, diharapkan terbangun keselarasan data antar perangkat daerah yang mampu mendorong percepatan pembangunan serta peningkatan kesejahteraan masyarakat di Kabupaten Mahakam Ulu. (Prokopim/tha)

Berita TerkiniBidang Administrasi UmumDigitalisasiPelatihanPemerintahan

Alamat email Anda tidak akan dipublikasikan. Ruas yang wajib ditandai *

Simpan nama, email, dan situs web saya pada peramban ini untuk komentar saya berikutnya.",#PressRelease #Pembangunan #Pemerintahan #Ekonomi #Kesehatan #Pendidikan #Pertanian #Sosial #Pariwisata #Pengumuman #BeritaTerkini #BidangAdministrasiUmum #Digitalisasi #Pelatihan #BidangPemerintahandanKesejahteraanRakyat #Pembinaan #BidangEkonomidanPembangunan #PenanggulanganBencana #Perhubungan #BantuanSosial,124,https://prokopim.mahakamulukab.go.id/bupati-mahulu-tegaskan-satu-data-dan-geospasial-sebagai-fondasi-kebijakan-pembangunan/
Bupati Mahulu Sampaikan Tantangan Fiskal dan Infrastruktur Dasar dalam Rakor Keuangan Se-Kalimantan Timur,https://prokopim.mahakamulukab.go.id/wp-content/uploads/2026/08/207.jpg,images\047_bupati-mahulu-sampaikan-tantangan-fiskal-dan-infrastruktur-d.jpg,Adm,2026-08-03,"Samarinda – Bupati Mahakam Ulu (Mahulu), Angela Idang Belawan, didampingi Sekretaris Daerah (Sekda) Mahulu, Dr. Stephanus Madang, S.Sos., M.M., menghadiri Rapat Koordinasi (Rakor) Pengelolaan Keuangan Daerah se-Kalimantan Timur (Kaltim) yang berlangsung di Ruang Ruhui Rahayu, Kantor Gubernur Kalimantan Timur, Samarinda. Senin (03/08/2026)

Rakor yang dipimpin langsung oleh Gubernur Kalimantan Timur, Dr. H. Rudy Mas’ud, S.E., M.E., ini menjadi forum strategis dalam memperkuat sinergi antar pemerintah daerah, khususnya dalam merespons dinamika dan tantangan pengelolaan keuangan daerah di tengah tuntutan pembangunan yang semakin kompleks.

Turut hadir Wakil Gubernur Kaltim, Ir. H. Seno Aji, M.Si., Sekretaris Daerah Provinsi Kaltim, Dra. Sri Wahyuni, M.PP., serta para Bupati dan Wali kota se-Kalimantan Timur beserta jajaran perangkat daerah terkait.

Dalam forum tersebut, Bupati Mahakam Ulu menyampaikan secara lugas kondisi riil daerah yang tengah berada pada fase percepatan pembangunan, khususnya dalam penyediaan infrastruktur dasar. Ia menegaskan bahwa kebijakan nasional terkait pemenuhan mandatory spending dari APBD menjadi tantangan berat bagi daerah seperti Mahulu.

“Kami saat ini masih dalam tahap pembangunan infrastruktur dasar yang sangat krusial. Di sisi lain, kami juga dituntut untuk memenuhi mandatory spending pendidikan sebesar 20 persen. Kondisi ini tentu menjadi dilema fiskal bagi kami, karena apabila dipaksakan, maka ruang fiskal untuk pembangunan infrastruktur akan sangat terbatas,” tegasnya.

Lebih lanjut, Bupati menyampaikan kekhawatiran atas potensi sanksi berupa pemotongan anggaran pada tahun berikutnya apabila target tersebut tidak tercapai.

“Jika tidak ada penyesuaian kebijakan terhadap kondisi daerah seperti kami, maka risiko pemotongan anggaran di tahun berikutnya akan semakin memperberat beban fiskal. Oleh karena itu, kami memohon dukungan Pemerintah Provinsi untuk menyampaikan kondisi ini kepada Pemerintah Pusat, agar ada kebijakan yang lebih afirmatif dan berkeadilan bagi daerah yang sedang bertumbuh,” ujarnya.

Selain itu, Bupati Mahakam Ulu juga menyoroti belum tersalurkannya sejumlah dana transfer, termasuk dana kurang salur serta bantuan keuangan (Bankeu) sebesar Rp 5 miliar yang hingga kini belum diterima oleh Pemerintah Kabupaten Mahakam Ulu.

“Kami juga masih menunggu realisasi dana kurang salur serta bantuan keuangan yang hingga saat ini belum kami terima. Hal ini tentu berdampak langsung terhadap pelaksanaan program pembangunan di daerah,” tambahnya.

Rangkaian kegiatan Rakor diawali dengan arahan Gubernur Kaltim serta pemaparan terkait kondisi pendapatan daerah, Dana Bagi Hasil (DBH), dan bantuan keuangan daerah yang disampaikan Kepala BPKAD Kaltim dan Plt Kepala Bapenda Kaltim. Forum kemudian dilanjutkan dengan sesi diskusi interaktif yang menjadi ruang bagi kepala daerah untuk menyampaikan berbagai isu strategis di wilayah masing-masing.

Kehadiran Bupati Mahakam Ulu bersama Sekretaris Daerah, serta jajarannya dalam forum ini merupakan wujud komitmen Pemerintah Kabupaten Mahakam Ulu dalam memperkuat tata kelola keuangan daerah yang transparan, akuntabel, dan adaptif, sekaligus memperjuangkan kebijakan fiskal yang lebih responsif terhadap karakteristik dan kebutuhan daerah.

Turut hadir mendampingi Bupati pada kegiatan ini, Kepala Bappelitbangda Mahulu, Yohanes Andy Abeh, S.Sos., M.Si, Kepala Bapenda Mahulu, Josman, S.IP., M.Si, Plt Kepala BPKAD Mahulu dalam hal ini diwakili Plt Kabid Anggaran BPKAD Mahulu, Agustinus Albertus Lung, S.E, dan Kabag Prokopim Setkab Mahulu, Christianus Arie Dedy Bang, S.E., M.Si. (Prokopim/tha)

Berita TerkiniBidang Ekonomi dan PembangunanEkonomiPembangunanPemerintahan

Alamat email Anda tidak akan dipublikasikan. Ruas yang wajib ditandai *

Simpan nama, email, dan situs web saya pada peramban ini untuk komentar saya berikutnya.",#PressRelease #Pembangunan #Pemerintahan #Ekonomi #Kesehatan #Pendidikan #Pertanian #Sosial #Pariwisata #Pengumuman #BeritaTerkini #BidangEkonomidanPembangunan #BidangPemerintahandanKesejahteraanRakyat #Pembinaan #PenanggulanganBencana #Perhubungan #BantuanSosial,176,https://prokopim.mahakamulukab.go.id/bupati-mahulu-sampaikan-tantangan-fiskal-dan-infrastruktur-dasar-dalam-rakor-keuangan-se-kalimantan-timur/
Wabup Mahulu Hadiri Rapat Paripurna Penyampaian Rekomendasi DPRD Laporan Realisasi Semester I APBD 2026,https://prokopim.mahakamulukab.go.id/wp-content/uploads/2026/08/206.jpg,images\048_wabup-mahulu-hadiri-rapat-paripurna-penyampaian-rekomendasi-.jpg,Adm,2026-08-03,"Ujoh Bilang – Bupati Mahakam Ulu (Mahulu), Angela Idang Belawan, yang diwakili Wakil Bupati (Wabup) Mahulu, Suhuk, S.E., menghadiri Rapat Paripurna DPRD Kabupaten Mahulu dengan agenda Penyampaian Rekomendasi DPRD terhadap Laporan Realisasi Semester I dan Prognosis 6 Bulan Berikutnya APBD Tahun Anggaran 2026. Kegiatan berlangsung di Ruang Rapat Paripurna Lantai 2 Sekretariat DPRD Kabupaten Mahulu, Senin (3/8/2026).

Usai mengikuti rapat, Wakil Bupati Suhuk menyampaikan apresiasi kepada DPRD Kabupaten Mahulu atas berbagai rekomendasi yang telah disampaikan sebagai bagian dari fungsi pengawasan terhadap pelaksanaan APBD.

“Kami mengucapkan terima kasih atas rekomendasi yang telah diberikan oleh DPRD. Beberapa poin yang menjadi perhatian akan segera kami tindak lanjuti, terutama terkait percepatan pembangunan dan peningkatan penyerapan anggaran,” ujar Wabup.

Ia menjelaskan bahwa Pemerintah Kabupaten Mahulu sebelumnya telah melaksanakan rapat pimpinan bersama seluruh Organisasi Perangkat Daerah (OPD) pada awal Juli 2026. Dalam rapat tersebut, pemerintah telah menginstruksikan seluruh OPD yang realisasi penyerapan anggarannya masih rendah agar segera mempercepat pelaksanaan program dan kegiatan.

Menurutnya, salah satu kendala yang dihadapi adalah proses perencanaan yang terlambat sehingga berdampak pada pelaksanaan pekerjaan fisik di lapangan.

“Karena proses perencanaannya sedikit terlambat, maka pelaksanaan fisik juga ikut bergeser. Namun demikian, kami sudah menginstruksikan seluruh OPD agar mempercepat pelaksanaan kegiatan sehingga target penyerapan anggaran dapat tercapai,” jelasnya.

Meski mendorong percepatan pelaksanaan pembangunan, Wabup menegaskan bahwa kualitas pekerjaan tetap menjadi prioritas. Oleh karena itu, Pejabat Pembuat Komitmen (PPK) diminta untuk terus melakukan pengawasan agar setiap pekerjaan selesai tepat waktu dengan tetap menjaga mutu hasil pembangunan.

“Kami tidak ingin percepatan mengurangi kualitas pekerjaan. Karena itu, kami juga meminta PPK terus melakukan pengawasan sehingga pekerjaan dapat selesai tepat waktu dengan hasil yang baik dan berkualitas,” tegasnya.

Terkait penyaluran Transfer ke Daerah (TKD), Wabup menyampaikan, bahwa Pemerintah Kabupaten Mahulu masih menunggu penyaluran dari pemerintah pusat. Kondisi tersebut turut memengaruhi kelancaran pelaksanaan sejumlah program di perangkat daerah.

“Penyaluran TKD dari pemerintah pusat masih menjadi salah satu faktor yang mempengaruhi penyerapan anggaran di daerah. Kami berharap proses penyaluran tersebut dapat segera berjalan optimal sehingga pelaksanaan program pembangunan tidak mengalami hambatan,” katanya.

Sementara itu, mengenai upaya peningkatan Pendapatan Asli Daerah (PAD), Wabup, mengungkapkan bahwa pemerintah daerah terus melakukan penyempurnaan regulasi, khususnya melalui pembaruan Peraturan Daerah (Perda), agar potensi-potensi pendapatan yang selama ini belum dapat dipungut memiliki dasar hukum yang kuat.

“Masih ada beberapa potensi pendapatan daerah yang belum dapat dimaksimalkan karena regulasinya belum memadai. Oleh sebab itu, kami terus mempercepat penyusunan dan penyempurnaan Perda agar ke depan PAD Kabupaten Mahakam Ulu dapat meningkat,” pungkasnya. (Prokopim/aim)

Berita TerkiniBidang Ekonomi dan PembangunanEkonomiParipurnaPembangunan

Alamat email Anda tidak akan dipublikasikan. Ruas yang wajib ditandai *

Simpan nama, email, dan situs web saya pada peramban ini untuk komentar saya berikutnya.",#PressRelease #Pembangunan #Pemerintahan #Ekonomi #Kesehatan #Pendidikan #Pertanian #Sosial #Pariwisata #Pengumuman #BeritaTerkini #BidangEkonomidanPembangunan #Paripurna #BidangPemerintahandanKesejahteraanRakyat #Pembinaan #PenanggulanganBencana #Perhubungan #BantuanSosial,168,https://prokopim.mahakamulukab.go.id/wabup-mahulu-hadiri-rapat-paripurna-penyampaian-rekomendasi-dprd-laporan-realisasi-semester-i-apbd-2026/
Peringatan HUT WKRI Ke-102 Dorong Penguatan Peran Perempuan dalam Keluarga,https://prokopim.mahakamulukab.go.id/wp-content/uploads/2026/07/205.jpg,images\049_peringatan-hut-wkri-ke-102-dorong-penguatan-peran-perempuan-.jpg,Adm,2026-07-31,"Ujoh Bilang – Wakil Bupati Mahakam Ulu mewakili Bupati Mahakam Ulu menghadiri Peringatan Hari Ulang Tahun (HUT) Wanita Katolik Republik Indonesia (WKRI) ke-102 Tahun 2026 yang diselenggarakan di Aula Gereja Paroki Santo Petrus Ujoh Bilang, Jumat (31/07/2026).

Pada kesempatan tersebut, Wakil Bupati membacakan sambutan tertulis Bupati Mahakam Ulu yang menekankan pentingnya peran perempuan dalam memperkuat ketahanan keluarga sebagai fondasi pembangunan masyarakat dan daerah.

Dalam sambutan Bupati yang dibacakan Wakil Bupati, Pemerintah Kabupaten Mahakam Ulu menyampaikan ucapan selamat ulang tahun kepada seluruh keluarga besar Wanita Katolik Republik Indonesia (WKRI).

“Atas nama Pemerintah Kabupaten Mahakam Ulu, saya mengucapkan selamat ulang tahun kepada seluruh keluarga besar WKRI. Semoga pertemuan ini semakin menguatkan semangat pelayanan dan pengabdian kepada Gereja, keluarga, serta masyarakat,” demikian disampaikan dalam sambutan Bupati.

Bupati menyampaikan bahwa tema HUT WKRI ke-102 tahun ini, “Melanjutkan Langkah Harapan Merawat Rahim Kehidupan Demi Mewujudkan Perempuan Berdaya dan Anak Terlindungi,” merupakan ajakan untuk terus menghadirkan harapan melalui keluarga. Menurutnya, keluarga merupakan tempat pertama bagi anak belajar tentang kasih, kejujuran, kepedulian, serta nilai-nilai kehidupan yang akan membentuk masa depannya.

Dalam sambutan tersebut juga ditegaskan bahwa seorang ibu memiliki peran yang sangat istimewa dalam kehidupan keluarga. Selain merawat dan membesarkan anak, ibu merupakan pendidik pertama yang menanamkan iman, karakter, serta nilai-nilai kehidupan melalui keteladanan sehari-hari. Dari keluarga yang dibangun dengan nilai-nilai tersebut akan lahir generasi yang penuh kasih dan memiliki kepedulian terhadap sesama.

Melalui momentum peringatan ini, Bupati mengajak seluruh anggota WKRI untuk terus menjadi perempuan yang menguatkan keluarga dan membawa harapan bagi masyarakat. Peran tersebut dinilai sangat penting dalam menciptakan lingkungan yang aman bagi anak untuk tumbuh, berkembang, dan meraih masa depan yang lebih baik.

Bupati juga menyampaikan apresiasi kepada seluruh pengurus dan anggota WKRI yang selama ini dengan setia mengabdikan diri melalui berbagai karya pelayanan. Semangat kebersamaan, kepedulian, dan kasih yang terus dipelihara diharapkan semakin memberikan manfaat bagi Gereja, keluarga, dan masyarakat di Kabupaten Mahakam Ulu.

Mengakhiri sambutannya, Bupati kembali mengucapkan selamat memperingati Hari Ulang Tahun Wanita Katolik Republik Indonesia ke-102. Bupati berharap Tuhan Yang Maha Esa senantiasa memberkati setiap langkah pelayanan WKRI, menguatkan setiap keluarga, serta melimpahkan kesehatan, sukacita, dan damai sejahtera bagi seluruh masyarakat.

Kegiatan tersebut turut dihadiri oleh Ketua DPRD Mahakam Ulu Devung Paran, A.Md.Keb., S.H., Wakil Ketua I DPRD Nor Lili Bulan, beserta beberapa Anggota DPRD Mahakam Ulu, Kepala Kantor Kemenag Mahakam Ulu Longginus, S.S., perwakilan perangkat daerah, Pastor Paroki Santo Petrus Ujoh Bilang Agustinus Dale Weruin, Pr., para Suster Kongregasi MASF, DPC WKRI Paroki Santo Petrus Ujoh Bilang beserta pengurus dan anggota ranting WKRI dalam wilayah Paroki Santo Petrus Ujoh Bilang, anggota Dharma Wanita Persatuan (DWP), anggota Bhayangkari Cabang Mahakam Ulu, serta anggota Persit Kartika Chandra Kirana Cabang LXII Kodim 0912/Kutai Barat. (Prokopim)

Berita TerkiniBidang Pemerintahan dan Kesejahteraan RakyatDharma WanitaKeagamaan

Alamat email Anda tidak akan dipublikasikan. Ruas yang wajib ditandai *

Simpan nama, email, dan situs web saya pada peramban ini untuk komentar saya berikutnya.",#PressRelease #Pembangunan #Pemerintahan #Ekonomi #Kesehatan #Pendidikan #Pertanian #Sosial #Pariwisata #Pengumuman #BeritaTerkini #BidangPemerintahandanKesejahteraanRakyat #DharmaWanita #Keagamaan #Pembinaan #BidangEkonomidanPembangunan #PenanggulanganBencana #Perhubungan #BantuanSosial,79,https://prokopim.mahakamulukab.go.id/peringatan-hut-wkri-ke-102-dorong-penguatan-peran-perempuan-dalam-keluarga/
"Bupati Mahulu Tegaskan Komitmen Pendidikan, Hadiri Penandatanganan NPHD Sekolah Nasional Terintegrasi",https://prokopim.mahakamulukab.go.id/wp-content/uploads/2026/07/203.jpg,images\050_bupati-mahulu-tegaskan-komitmen-pendidikan-hadiri-penandatan.jpg,Adm,2026-07-30,"Tangerang – Bupati Mahakam Ulu (Mahulu), Angela Idang Belawan, menghadiri kegiatan Penandatanganan Naskah Perjanjian Hibah Daerah (NPHD) lahan/tanah untuk pembangunan Sekolah Nasional Terintegrasi (SNT) yang diselenggarakan oleh Kementerian Pendidikan Dasar dan Menengah, di Hotel Episode, Gading Serpong, Tangerang. Kamis (30/7/2026)

Dalam kegiatan ini hadir Sekjen Kementerian Pendidikan Dasar dan Menengah, Ir. Suharti, M.A., Ph.D., Dirjen PAUD, Pendidikan Dasar dan Nonformal dan Informal, Gatot Suharwoto, S.Pd., M.Ed., Ph.D., Inspektur Jenderal Kementerian Pendidikan Dasar dan Menengah adalah Faisal Syahrul, S.E., M.Pd., Deputi Bidang Koordinasi Peningkatan Kualitas Pendidikan Kemenko PMK RI adalah Prof. Ojat Darojat, M.Bus., Ph.D., Staf Khusus Menteri Pendidikan Dasar dan Menengah Bidang Peningkatan Science, Technology, Engineering, and Mathematics (STEM) dan Kompetensi Guru, Prof. Maila Dinia Husni Rahiem, M.A., Ph.D., dan Setditjen Pendidikan Anak Usia Dini, Pendidikan Dasar, dan Pendidikan Menengah, Dr. Eko Susanto, S.E., M.Si., serta para Bupati/ Wali Kota se Indonesia.

Kehadiran Bupati Mahulu dalam forum strategis nasional ini menjadi wujud nyata komitmen Pemerintah Kabupaten Mahakam Ulu dalam mendukung percepatan peningkatan kualitas pendidikan, khususnya melalui penyediaan lahan sebagai fondasi utama pembangunan Sekolah Nasional Terintegrasi.

Program Sekolah Nasional Terintegrasi merupakan implementasi dari Instruksi Presiden Republik Indonesia Nomor 10 Tahun 2026 tentang percepatan peningkatan mutu pendidikan melalui pengembangan sekolah yang terintegrasi, modern, dan berstandar nasional.

Dalam kesempatan tersebut, Angela Idang Belawan menegaskan bahwa dukungan pemerintah daerah terhadap program ini tidak hanya bersifat administratif, melainkan langkah konkret dalam membangun masa depan generasi Mahakam Ulu.

“Kami menyambut baik dan mendukung penuh program Sekolah Nasional Terintegrasi ini. Penyediaan lahan oleh Pemerintah Kabupaten Mahulu merupakan bentuk komitmen kami dalam memastikan akses pendidikan yang lebih berkualitas dan merata bagi masyarakat,” tegasnya.

Lebih lanjut, Bupati menjelaskan bahwa meskipun proses sertifikasi lahan masih berjalan, Pemerintah Kabupaten Mahakam Ulu berkomitmen untuk menyelesaikannya dalam waktu yang telah ditargetkan.

“Puji Tuhan kegiatan ini berjalan lancar. Walaupun sertifikat lahan belum selesai, kami berkomitmen untuk mempercepat penyelesaiannya dan menargetkan rampung pada akhir Agustus. Dengan demikian, pembangunan SNT dapat dimulai sekitar bulan Oktober,” ungkap Bupati.

Ia juga menambahkan bahwa pihaknya telah melakukan koordinasi dengan Kementerian Agraria dan Tata Ruang/Badan Pertanahan Nasional (ATR/BPN) terkait berbagai kendala yang dihadapi di daerah.

“Kami sudah berkoordinasi dengan Kementerian ATR/BPN dan menyampaikan kondisi serta kendala di Mahulu. Pemerintah pusat sangat mendukung dan siap membantu percepatan proses yang sedang berjalan. Saat ini tahapan sertifikasi sudah memasuki proses pengukuran dan akan dilanjutkan ke tahap berikutnya,” jelasnya.

Bupati optimistis seluruh tahapan dapat diselesaikan tepat waktu dengan dukungan perangkat daerah.

“Saya yakin jajaran Pemerintah Kabupaten Mahakam Ulu dapat menyelesaikan proses ini sesuai target. Dengan keyakinan tersebut, pembangunan SNT dapat segera terwujud, sehingga anak-anak di Mahulu memperoleh akses pendidikan yang layak dengan sarana dan prasarana yang lengkap serta fasilitas yang modern,” tambahnya.

Penandatanganan NPHD ini menjadi tahapan krusial dalam mempercepat realisasi pembangunan Sekolah Nasional Terintegrasi, sekaligus memperkuat sinergi antara pemerintah pusat dan daerah dalam menghadirkan sistem pendidikan yang inklusif dan berkelanjutan.

Melalui partisipasi aktif dalam agenda ini, Pemerintah Kabupaten Mahakam Ulu optimistis pembangunan Sekolah Nasional Terintegrasi dapat segera terealisasi dan memberikan dampak signifikan terhadap peningkatan kualitas sumber daya manusia di Mahakam Ulu.

Turut hadir mendampingi Bupati Mahulu pada kegiatan ini, Ketua TP3D Mahulu, Bagian Hukum Setkab Mahulu dan Bappelitbangda Mahulu. (Prokopim/tha)

Berita TerkiniBidang Pemerintahan dan Kesejahteraan RakyatKerja SamaPembangunanPendidikan

Alamat email Anda tidak akan dipublikasikan. Ruas yang wajib ditandai *

Simpan nama, email, dan situs web saya pada peramban ini untuk komentar saya berikutnya.",#PressRelease #Pembangunan #Pemerintahan #Ekonomi #Kesehatan #Pendidikan #Pertanian #Sosial #Pariwisata #Pengumuman #BeritaTerkini #BidangPemerintahandanKesejahteraanRakyat #KerjaSama #Pembinaan #BidangEkonomidanPembangunan #PenanggulanganBencana #Perhubungan #BantuanSosial,150,https://prokopim.mahakamulukab.go.id/bupati-mahulu-tegaskan-komitmen-pendidikan-hadiri-penandatanganan-nphd-sekolah-nasional-terintegrasi/
Pemkab Mahulu Raih Penghargaan Pemerataan Layanan Dasar di Tribun Kaltim Award 2026,https://prokopim.mahakamulukab.go.id/wp-content/uploads/2026/07/204.jpg,images\051_pemkab-mahulu-raih-penghargaan-pemerataan-layanan-dasar-di-t.jpg,Adm,2026-07-30,"Balikpapan – Bupati Mahakam Ulu (Mahulu), Angela Idang Belawan, yang diwakili oleh Asisten Administrasi Umum (Asisten III), Kristina Tening, S.H., M.Si., menerima Penghargaan Pemerataan Layanan Dasar Masyarakat pada ajang Tribun Kaltim Award 2026 yang digelar di Nusantara Grand Ballroom MaxOne Hotel Balikpapan, Kamis (30/07/2026).

Penghargaan tersebut diberikan kepada Pemerintah Kabupaten Mahakam Ulu atas pencapaian dalam Pemerataan Layanan Dasar Masyarakat sebagai bentuk apresiasi atas dedikasi, komitmen, dan kontribusi nyata dalam mendukung kemajuan daerah melalui berbagai inovasi, program, dan capaian yang memberikan dampak positif bagi masyarakat serta pembangunan yang berkelanjutan.

Penghargaan tersebut menambah deretan apresiasi yang diterima Pemerintah Kabupaten Mahakam Ulu atas berbagai upaya dalam meningkatkan kualitas pelayanan kepada masyarakat melalui pelaksanaan program pembangunan yang berdampak langsung bagi kesejahteraan masyarakat serta mendukung pembangunan daerah yang berkelanjutan.

Turut hadir dalam kegiatan tersebut Sultan Kutai Kartanegara Ing Martadipura ke-21, Drs. Adji Muhammad Arifin, M.Si., para kepala daerah se-Kalimantan Timur atau perwakilannya, serta Kepala Dinas Komunikasi, Informatika, Statistik, dan Persandian Kabupaten Mahakam Ulu, Markus Wan, S.Sos., M.Si., beserta jajaran yang mendampingi perwakilan Pemerintah Kabupaten Mahakam Ulu. (Prokopim)

Berita TerkiniBidang Pemerintahan dan Kesejahteraan RakyatPelayananPembangunanPenghargaan

Alamat email Anda tidak akan dipublikasikan. Ruas yang wajib ditandai *

Simpan nama, email, dan situs web saya pada peramban ini untuk komentar saya berikutnya.",#PressRelease #Pembangunan #Pemerintahan #Ekonomi #Kesehatan #Pendidikan #Pertanian #Sosial #Pariwisata #Pengumuman #BeritaTerkini #BidangPemerintahandanKesejahteraanRakyat #Pelayanan #Penghargaan #Pembinaan #BidangEkonomidanPembangunan #PenanggulanganBencana #Perhubungan #BantuanSosial,119,https://prokopim.mahakamulukab.go.id/pemkab-mahulu-raih-penghargaan-pemerataan-layanan-dasar-di-tribun-kaltim-award-2026/
Pemilihan Pelajar Pelopor Perkuat Edukasi Keselamatan Lalu Lintas di Mahulu,https://prokopim.mahakamulukab.go.id/wp-content/uploads/2026/07/202.jpg,images\052_pemilihan-pelajar-pelopor-perkuat-edukasi-keselamatan-lalu-l.jpg,Adm,2026-07-30,"Ujoh Bilang – Pemerintah Kabupaten (Pemkab) Mahakam Ulu (Mahulu) menggelar Rapat Pemilihan Pelajar Pelopor Keselamatan Lalu Lintas dan Angkutan Jalan Tingkat Kabupaten Mahakam Ulu, yang berlangsung di Ruang Rapat Balcony Lt. 3 Kantor Bupati, Kamis (30/7/2026).

Pada kegiatan tersebut, dalam sambutan Bupati Mahulu, Angela Idang Belawan, dibacakan oleh Wakil Bupati (Wabup) Mahulu, Suhuk, S.E. Bupati Mahakam Ulu menegaskan bahwa keselamatan berlalu lintas bukan perkara kecil karena menyangkut nyawa, masa depan, dan martabat sebuah daerah dalam menata kehidupan.

Bupati menyebut Kabupaten Mahakam Ulu sebagai kabupaten muda dengan medan yang cukup menantang, dengan ruas jalan yang terus dibangun, serta mobilitas masyarakat yang terus bertumbuh. Kondisi tersebut, menurut Bupati, memerlukan generasi yang sadar, disiplin, dan berani menjadi teladan.

“Itulah sebabnya pemilihan Pelajar Pelopor Keselamatan Lalu Lintas ini memiliki makna yang jauh lebih besar dan juga investasi jangka panjang bagi keselamatan bersama,” demikian disampaikan dalam sambutan tersebut.

Menutup sambutannya, Bupati menyampaikan tiga arahan sebagai komitmen dan tanggung jawab bersama.

Pertama, kepada para Pelajar Pelopor, Bupati berpesan agar benar-benar menjadi agen perubahan dan teladan dalam budaya tertib berlalu lintas, serta mampu menginspirasi lingkungan terdekat mulai dari keluarga, teman sebaya, teman bermain, hingga masyarakat di sekitar sekolah maupun tempat tinggal. Bupati juga menekankan pentingnya menanamkan kesadaran bahwa keselamatan berlalu lintas merupakan wujud kepedulian terhadap keselamatan diri sendiri dan sesama.

Kedua, kepada Dinas Perhubungan Kabupaten Mahakam Ulu, Bupati meminta agar terus memperkuat sinergi lintas sektor secara nyata dan berkelanjutan. Bupati menyampaikan bahwa keselamatan lalu lintas merupakan tanggung jawab bersama yang hanya dapat diwujudkan melalui kolaborasi erat antara pemerintah daerah, Polri, dunia pendidikan, serta seluruh elemen masyarakat. Bupati berharap koordinasi terus ditingkatkan, infrastruktur jalan pada titik-titik rawan kecelakaan semakin dibenahi, serta edukasi dan sosialisasi keselamatan berlalu lintas dapat dilaksanakan di setiap satuan pendidikan sebagai upaya membangun budaya tertib berlalu lintas sejak usia dini.

Ketiga, kepada jajaran Polri, khususnya Satuan Lalu Lintas, Bupati atas nama Pemerintah Kabupaten Mahakam Ulu menyampaikan apresiasi dan terima kasih atas dedikasi serta kerja sama yang selama ini telah terjalin dengan baik. Bupati berharap sinergi yang telah dibangun dapat terus diperkuat, sehingga upaya menciptakan keamanan, keselamatan, ketertiban, dan kelancaran lalu lintas di Kabupaten Mahakam Ulu semakin optimal.

Kegiatan tersebut turut dihadiri oleh Sekretaris Dinas Perhubungan Ferry Anwar Marpaung, S.E., M.Si., Kepala Dinas Pendidikan dan Kebudayaan Samson Batang, S.Sos., M.Si., Narasumber dari Dinas Perhubungan Provinsi Kalimantan Timur Mohammad Rayani, S.SiT., perwakilan Satuan Lalu Lintas Polres Mahakam Ulu, jajaran pejabat administrator, pejabat pengawas, dan fungsional di lingkungan Pemerintah Kabupaten Mahakam Ulu, serta para pelajar SMAN 1 Long Bagun dan peserta kegiatan lainnya. (Prokopim).

Berita TerkiniBidang Ekonomi dan PembangunanPembinaanPerhubungan

Alamat email Anda tidak akan dipublikasikan. Ruas yang wajib ditandai *

Simpan nama, email, dan situs web saya pada peramban ini untuk komentar saya berikutnya.",#PressRelease #Pembangunan #Pemerintahan #Ekonomi #Kesehatan #Pendidikan #Pertanian #Sosial #Pariwisata #Pengumuman #BeritaTerkini #BidangEkonomidanPembangunan #Pembinaan #Perhubungan #BidangPemerintahandanKesejahteraanRakyat #PenanggulanganBencana #BantuanSosial,74,https://prokopim.mahakamulukab.go.id/pemilihan-pelajar-pelopor-perkuat-edukasi-keselamatan-lalu-lintas-di-mahulu/
Pemkab Mahulu Libatkan Masyarakat dalam Penyusunan AMDAL Sentra Pariwisata,https://prokopim.mahakamulukab.go.id/wp-content/uploads/2026/07/200.jpg,images\053_pemkab-mahulu-libatkan-masyarakat-dalam-penyusunan-amdal-sen.jpg,Adm,2026-07-29,"Ujoh Bilang – Pemerintah Kabupaten (Pemkab) Mahakam Ulu (Mahulu) menggelar kegiatan sosialisasi Analisis Mengenai Dampak Lingkungan (AMDAL), rencana pengembangan kawasan Sentra Pariwisata, termasuk kawasan strategis Batoq Tenevang dan wilayah pendukung lainnya, yang dilaksanakan di Ballroom Lantai 3 Kantor Bupati (29/7/2026).

Dalam sambutan Bupati Mahulu, Angela Idang Belawan, dibacakan oleh Wakil Bupati (Wabup) Mahulu, menegaskan bahwa Pemkab Mahulu terus berkomitmen mendorong sektor pariwisata sebagai salah satu motor penggerak perekonomian daerah, sejalan dengan visi pembangunan daerah yang MAJU, MERATA, DAN BERKELANJUTAN.

“Melalui pengembangan kawasan Sentra Pariwisata termasuk kawasan strategis seperti Batoq Tenevang dan wilayah pendukung lainnya, kita bertekad menghadirkan pusat pariwisata terpadu yang memadukan keindahan alam, kelestarian ekologis, serta kekayaan nilai budaya lokal,” demikian sambutan Bupati yang dibacakan Wakil Bupati.

Meski demikian, sambutan tersebut juga menggarisbawahi pentingnya menjaga keseimbangan antara pertumbuhan ekonomi dan pelestarian lingkungan hidup dalam setiap pembangunan kawasan wisata berskala besar. Pembangunan yang ideal, menurut sambutan itu, adalah pembangunan yang seimbang, di mana pertumbuhan ekonomi berjalan selaras dengan upaya perlindungan ekosistem.

Atas dasar itu, penyusunan Dokumen AMDAL dinyatakan sebagai instrumen hukum sekaligus komitmen moral Pemerintah Kabupaten Mahakam Ulu. Melalui AMDAL, dilakukan identifikasi, prakiraan, dan evaluasi terhadap dampak penting kegiatan pariwisata pada tahap pra-konstruksi, konstruksi, maupun operasional, sekaligus merumuskan langkah-langkah mitigasi melalui Rencana Pengelolaan Lingkungan (RKL) dan Rencana Pemantauan Lingkungan (RPL).

Lebih lanjut, dalam sambutannya, Bupati menyampaikan bahwa forum sosialisasi ini tidak dimaksudkan sebagai penyampaian informasi satu arah semata, melainkan sebagai ruang dialog untuk menampung masukan, saran, serta tanggapan konstruktif dari seluruh pemangku kepentingan, khususnya masyarakat yang berada di sekitar kawasan perencanaan.

“Keterlibatan aktif bapak, ibu, dan saudara sekalian sangat penting agar dokumen lingkungan ini benar-benar representatif serta mengakomodir kepentingan masyarakat lokal,” demikian sambutan tersebut, seraya menegaskan harapan agar kehadiran Sentra Pariwisata ke depan memberikan efek berganda (multiplier effect) berupa peningkatan pendapatan dan kesejahteraan masyarakat serta terbukanya lapangan kerja, tanpa mengorbankan kelestarian alam dan keaslian budaya Dayak yang menjadi identitas kebanggaan masyarakat Mahakam Ulu.

Kegiatan tersebut turut dihadiri oleh Plt. Kepala Dinas Pariwisata, Pemuda dan Olahraga Irawan Sanjaya, S.E., M.Si, perwakilan Polres Mahakam Ulu, perwakilan Perangkat Daerah terkait, Tim Penyusun Dokumen AMDAL dari Pusat Kajian Pembangunan dan Inovasi Daerah Universitas Mulawarman yang dipimpin oleh Ibu Andi Nurhayati, S.T. beserta tim, Sekretaris Kecamatan Long Bagun, Petinggi Kampung Ujoh Bilang dan Long Melaham, serta para tokoh adat dan tokoh masyarakat (Prokopim).

Berita TerkiniBidang Ekonomi dan PembangunanLingkunganPariwisataPelestarianPembangunan

Alamat email Anda tidak akan dipublikasikan. Ruas yang wajib ditandai *

Simpan nama, email, dan situs web saya pada peramban ini untuk komentar saya berikutnya.",#PressRelease #Pembangunan #Pemerintahan #Ekonomi #Kesehatan #Pendidikan #Pertanian #Sosial #Pariwisata #Pengumuman #BeritaTerkini #BidangEkonomidanPembangunan #Lingkungan #Pelestarian #BidangPemerintahandanKesejahteraanRakyat #Pembinaan #PenanggulanganBencana #Perhubungan #BantuanSosial,164,https://prokopim.mahakamulukab.go.id/pemkab-mahulu-libatkan-masyarakat-dalam-penyusunan-amdal-sentra-pariwisata/
"Perkuat Sinergi Daerah, Pemkab Mahulu Hadiri Pengukuhan BAPOR dan LKBH KORPRI Kaltim",https://prokopim.mahakamulukab.go.id/wp-content/uploads/2026/07/201.jpg,images\054_perkuat-sinergi-daerah-pemkab-mahulu-hadiri-pengukuhan-bapor.jpg,Adm,2026-07-29,"Samarinda – Sekretaris Daerah Kabupaten Mahakam Ulu (Mahulu), Dr. Stephanus Madang, S.Sos, M.M., dalam hal ini diwakili Asisten Administrasi Umum (Asisten III) Setkab Mahulu, Kristina Tening, S.H., M.Si., menghadiri kegiatan Pengukuhan Pengurus Provinsi Badan Pembina Olahraga Korps Pegawai Republik Indonesia (BAPOR KORPRI) masa bakti 2026–2031 serta Pengukuhan Lembaga Konsultasi dan Bantuan Hukum (LKBH) KORPRI Provinsi Kalimantan Timur, yang digelar di Ruang Ruhui Rahayu, Kantor Gubernur Kalimantan Timur (Kaltim), Samarinda, Rabu (29/7/2026)

Kegiatan ini diselenggarakan Dewan Pengurus KORPRI Kaltim sebagai bagian dari penguatan kelembagaan KORPRI dalam mendukung peningkatan kapasitas aparatur sipil negara, baik di bidang olahraga maupun pelayanan bantuan hukum bagi anggota KORPRI.

Pada kegiatan ini hadir Staf Khusus Bidang Isu Strategis di Kementerian Koordinator Bidang Hukum, Hak Asasi Manusia, Imigrasi, dan Pemasyarakatan (Kemenko Kumham Imipas), Dr. Drs. Karjono Atmoharsono, S.H., M.Hum., yang juga selaku Dewan Ahli LKBH KORPRI Nasional, Ketua Umum Pengurus Pusat BAPOR KORPRI, Prof. Dr. H. M. Asrorun Ni’am Sholeh, M.A., dan tampak hadir langsung Wakil Gubernur Kaltim, H. Ir. Seno Aji, M. Si, dan Sekretaris Daerah Provinsi Kaltim, Dra. Sri Wahyuni, MPP, serta para Dewan Pengurus KORPRI Kaltim, Pengurus BAPOR KORPRI Kaltim dan Para Pengurus KORPRI dari Kabupaten/ Kota.

Pengukuhan BAPOR KORPRI menjadi momentum strategis dalam mendorong pembinaan olahraga di lingkungan ASN guna meningkatkan kesehatan, kebugaran, serta mempererat soliditas dan jiwa korps. Sementara itu, pengukuhan LKBH KORPRI diharapkan mampu memberikan perlindungan serta pendampingan hukum bagi anggota KORPRI dalam menjalankan tugas dan fungsi pemerintahan.

Kehadiran Pemerintah Kabupaten Mahulu dalam kegiatan ini menunjukkan komitmen dalam mendukung program-program KORPRI, sekaligus memperkuat sinergi antara pemerintah daerah dengan Pemerintah Provinsi Kalimantan Timur dalam upaya meningkatkan profesionalisme dan kesejahteraan aparatur sipil negara. (Prokopim/tha)

Berita TerkiniBidang Administrasi UmumKepegawaianOlahragaPeraturan dan Hukum

Alamat email Anda tidak akan dipublikasikan. Ruas yang wajib ditandai *

Simpan nama, email, dan situs web saya pada peramban ini untuk komentar saya berikutnya.",#PressRelease #Pembangunan #Pemerintahan #Ekonomi #Kesehatan #Pendidikan #Pertanian #Sosial #Pariwisata #Pengumuman #BeritaTerkini #BidangAdministrasiUmum #Kepegawaian #Olahraga #PeraturandanHukum #BidangPemerintahandanKesejahteraanRakyat #Pembinaan #BidangEkonomidanPembangunan #PenanggulanganBencana #Perhubungan #BantuanSosial,74,https://prokopim.mahakamulukab.go.id/perkuat-sinergi-daerah-pemkab-mahulu-hadiri-pengukuhan-bapor-dan-lkbh-korpri-kaltim/
"Pembukaan Pusdiklat Paskibraka 2026, Siapkan Generasi Muda Berkarakter dan Berjiwa Nasionalis",https://prokopim.mahakamulukab.go.id/wp-content/uploads/2026/07/Cover-Berita-Edit-202631.jpg,images\055_pembukaan-pusdiklat-paskibraka-2026-siapkan-generasi-muda-be.jpg,Adm,2026-07-28,"Ujoh Bilang – Mewakili Bupati Mahakam Ulu (Mahulu), Angela Idang Belawan, Wakil Bupati(Wabup) Mahulu, Suhuk, S.E., secara resmi membuka Pendidikan dan Pelatihan (Pusdiklat) Pasukan Pengibar Bendera Pusaka (Paskibraka) Kabupaten Mahakam Ulu Tahun 2026 di Lapangan Cor Ujoh Bilang, Selasa (28/07/2026).

Pendidikan dan pelatihan yang diselenggarakan oleh Badan Kesatuan Bangsa dan Politik (Kesbangpol) Kabupaten Mahakam Ulu tersebut merupakan bagian dari persiapan pelaksanaan Upacara Peringatan Hari Ulang Tahun ke-81 Kemerdekaan Republik Indonesia. Melalui kegiatan ini, para calon Paskibraka dipersiapkan agar mampu menjalankan tugas pengibaran dan penurunan Bendera Merah Putih secara disiplin dan penuh tanggung jawab.

Sebanyak 25 pelajar terpilih dari SMA dan SMK di 5 kecamatan se-Kabupaten Mahakam Ulu mengikuti Pusdiklat Tahun 2026. Selama masa pelatihan, para calon Paskibraka akan dibina dan dipersiapkan untuk melaksanakan tugas pengibaran maupun penurunan Bendera Merah Putih pada Upacara Peringatan HUT ke-81 Kemerdekaan Republik Indonesia dengan baik, khidmat, dan penuh tanggung jawab.

“Kalian adalah 25 pelajar terpilih yang berasal dari SMA dan SMK di lima kecamatan se-Kabupaten Mahakam Ulu. Kalian telah melewati rangkaian seleksi dan membuktikan bahwa kalian layak berdiri di tempat ini sebagai calon Paskibraka Kabupaten Mahakam Ulu Tahun 2026,” ujarnya.

Membacakan sambutan Bupati Mahakam Ulu, Wakil Bupati menyampaikan apresiasi kepada seluruh calon Paskibraka yang berhasil lolos seleksi. Menurutnya, para peserta merupakan putra-putri terbaik Mahakam Ulu yang telah membuktikan kemampuan, semangat, dan dedikasi sehingga layak mengemban amanah sebagai calon Paskibraka Kabupaten Mahakam Ulu Tahun 2026.

Lebih lanjut, Suhuk menegaskan bahwa Pendidikan dan Pelatihan Paskibraka bukan hanya bertujuan membentuk kemampuan teknis dalam melaksanakan tugas pengibaran dan penurunan Bendera Merah Putih, tetapi juga membangun karakter, kedisiplinan, tanggung jawab, serta semangat kebangsaan. Karena itu, para peserta diharapkan mampu menjadi teladan, baik selama mengikuti pelatihan maupun dalam kehidupan sehari-hari di tengah masyarakat. Di sisi lain, para pelatih dan pembina juga diminta memberikan pendampingan secara tegas, terarah, serta tetap memperhatikan kondisi fisik dan mental setiap peserta selama proses pelatihan berlangsung.

“Menjadi Paskibraka adalah kehormatan sekaligus amanah. Karena itu, tunjukkan sikap yang santun dan bertanggung jawab. Jadilah teladan yang mampu menggerakkan teman-teman untuk menjaga persatuan, menghargai perbedaan, dan menghadirkan pengaruh positif di tengah masyarakat,” tegasnya.

Menutup pesannya, Angela Idang Belawan melalui Wabup, menyampaikan apresiasi kepada Badan Kesbangpol, para pelatih, pembina, pihak sekolah, orang tua, serta seluruh pihak yang telah mendukung penyelenggaraan Pendidikan dan Pelatihan Paskibraka Tahun 2026. Menurutnya, kolaborasi seluruh pihak menjadi bagian penting dalam mempersiapkan generasi muda Mahakam Ulu yang berkarakter, berintegritas, dan memiliki semangat kebangsaan yang kuat.

Turut hadir dalam kegiatan tersebut Kepala Badan Kesbangpol, Yason Liah, S.Hut., M.P., perwakilan Kapolres Mahakam Ulu, Perwira Penghubung Dandim 0912 Kutai Barat, Camat Long Bagun, Bonifasius, S.Hut., serta para pelatih, pembina, pendamping, dan panitia Pendidikan dan Pelatihan Paskibraka Tahun 2026. (Prokopim)

Berita TerkiniBidang Pemerintahan dan Kesejahteraan RakyatPelatihanPendidikan

Alamat email Anda tidak akan dipublikasikan. Ruas yang wajib ditandai *

Simpan nama, email, dan situs web saya pada peramban ini untuk komentar saya berikutnya.",#PressRelease #Pembangunan #Pemerintahan #Ekonomi #Kesehatan #Pendidikan #Pertanian #Sosial #Pariwisata #Pengumuman #BeritaTerkini #BidangPemerintahandanKesejahteraanRakyat #Pelatihan #Pembinaan #BidangEkonomidanPembangunan #PenanggulanganBencana #Perhubungan #BantuanSosial,160,https://prokopim.mahakamulukab.go.id/pembukaan-pusdiklat-paskibraka-2026-siapkan-generasi-muda-berkarakter-dan-berjiwa-nasionalis/
"Seleksi Beasiswa Gerbang Cerdas UKRIDA, Mahulu Perkuat Komitmen Cetak Dokter Putra Daerah",https://prokopim.mahakamulukab.go.id/wp-content/uploads/2026/07/Cover-Berita-Edit-202630.jpg,images\056_seleksi-beasiswa-gerbang-cerdas-ukrida-mahulu-perkuat-komitm.jpg,Adm,2026-07-28,"Ujoh Bilang – Bupati Mahakam Ulu (Mahulu), Angela Idang Belawan, yang diwakili oleh Wakil Bupati Mahakam Ulu, Suhuk, S.E., secara resmi membuka Pelaksanaan Seleksi Beasiswa Gerbang Cerdas Mahakam Ulu Kerja Sama Tahun 2026 dengan Universitas Kristen Krida Wacana (UKRIDA), di Kantor Dinas Pendidikan dan Kebudayaan Kabupaten Mahakam Ulu, Selasa (28/07/2026).

Pelaksanaan seleksi tersebut menjadi bagian dari komitmen Pemerintah Kabupaten (Pemkab) Mahakam Ulu dalam meningkatkan kualitas sumber daya manusia melalui penyelenggaraan Beasiswa Gerbang Cerdas kerja sama dengan UKRIDA yang telah berlangsung sejak tahun 2022.

Seleksi Beasiswa Gerbang Cerdas Mahakam Ulu Kerja Sama Tahun 2026 dengan Universitas Kristen Krida Wacana (UKRIDA) diikuti oleh 10 peserta yang memperebutkan 4 formasi Program Studi Kedokteran. Kerja sama antara Pemerintah Kabupaten Mahakam Ulu dan UKRIDA yang telah terjalin sejak tahun 2022 tersebut terus menjadi salah satu upaya pemerintah daerah dalam menyiapkan tenaga kesehatan putra-putri daerah.

Rangkaian seleksi diawali dengan tes tertulis, kemudian dilanjutkan dengan tes wawancara yang dilaksanakan oleh Wakil Rektor I UKRIDA, Dr. Ir. Oki Sunardi, S.T., M.M., IPM., ASEAN Eng., bersama Dekan Fakultas Kedokteran dan Ilmu Kesehatan UKRIDA, Dr. dr. Liem Jen Fuk, MKK., Sp.Ok., Subsp.ToksiKO(K).

Membacakan sambutan Bupati Mahakam Ulu, Wakil Bupati menyampaikan bahwa pendidikan merupakan investasi jangka panjang dalam membangun sumber daya manusia, memperkuat daerah, serta mempersiapkan generasi yang mampu menjawab tantangan pembangunan. Oleh karena itu, Pemerintah Kabupaten Mahakam Ulu terus berkomitmen memperluas kesempatan beasiswa bagi putra-putri daerah, termasuk pada bidang kesehatan dan Program Studi Kedokteran.

“Pemerintah Kabupaten Mahakam Ulu berkomitmen untuk terus membuka dan memperluas kesempatan beasiswa bagi putra-putri daerah, termasuk pada bidang kesehatan dan program studi kedokteran,” tegasnya.

Menurutnya, kebijakan tersebut merupakan langkah strategis untuk membangun kemandirian daerah dalam memenuhi kebutuhan tenaga kesehatan yang profesional, kompeten, serta memiliki kepedulian terhadap masyarakat. Pemerintah Kabupaten Mahakam Ulu berharap para penerima beasiswa nantinya dapat kembali mengabdikan ilmu dan keahliannya guna meningkatkan pelayanan kesehatan bagi masyarakat Mahakam Ulu.

Kepada pihak UKRIDA, Suhuk juga menyampaikan harapan agar para mahasiswa asal Mahakam Ulu mendapatkan pendidikan dan pembinaan terbaik selama menempuh studi, sehingga kelak mampu kembali dan berkontribusi bagi pembangunan daerah.

“Saya titipkan anak-anak kami, didik mereka, bimbing mereka, agar kelak mereka kembali dan ikut membangun Mahakam Ulu,” ucapnya.

Mengakhiri sambutan Bupati, Wakil Bupati menyampaikan apresiasi kepada UKRIDA atas kerja sama yang telah terjalin dengan Pemerintah Kabupaten Mahakam Ulu. Sinergi tersebut diharapkan terus berlanjut dalam meningkatkan kualitas sumber daya manusia sekaligus memperkuat pelayanan kesehatan di Mahakam Ulu.

Turut hadir dalam kegiatan tersebut Kepala Dinas Pendidikan dan Kebudayaan Kabupaten Mahakam Ulu, Samson Batang, S.Sos., M.Si., Sekretaris Dinas Pendidikan dan Kebudayaan, Bungai, S.E., serta jajaran Universitas Kristen Krida Wacana (UKRIDA). (Prokopim)

Berita TerkiniBidang Pemerintahan dan Kesejahteraan RakyatKerja SamaKesehatanPendidikan

Alamat email Anda tidak akan dipublikasikan. Ruas yang wajib ditandai *

Simpan nama, email, dan situs web saya pada peramban ini untuk komentar saya berikutnya.",#PressRelease #Pembangunan #Pemerintahan #Ekonomi #Kesehatan #Pendidikan #Pertanian #Sosial #Pariwisata #Pengumuman #BeritaTerkini #BidangPemerintahandanKesejahteraanRakyat #KerjaSama #Pembinaan #BidangEkonomidanPembangunan #PenanggulanganBencana #Perhubungan #BantuanSosial,165,https://prokopim.mahakamulukab.go.id/seleksi-beasiswa-gerbang-cerdas-ukrida-mahulu-perkuat-komitmen-cetak-dokter-putra-daerah/
"Rakor Usulan Penetapan LP2B Provinsi Kaltim, Mahulu Perkuat Perlindungan Lahan Pertanian",https://prokopim.mahakamulukab.go.id/wp-content/uploads/2026/07/199.jpg,images\057_rakor-usulan-penetapan-lp2b-provinsi-kaltim-mahulu-perkuat-p.jpg,Adm,2026-07-28,"Samarinda — Sekretaris Daerah (Sekda) Kabupaten Mahakam Ulu (Mahulu), Dr. Stephanus Madang, S.Sos., M.M., dalam hal ini diwakili Asisten Bidang Pemerintahan dan Kesejahteraan Rakyat (Asisten I) Mahulu, drg. Agustinus Teguh Santoso, M.Adm., Kes., menghadiri Rapat Koordinasi Usulan Penetapan Lahan Pertanian Pangan Berkelanjutan (LP2B) Provinsi Kalimantan Timur yang digelar di Ruang Ruhui Rahayu, Kantor Gubernur Kalimantan Timur. Samarinda. Senin (28/07/2026)

Kegiatan ini merupakan tindak lanjut dari proses verifikasi Data Lahan Baku Sawah (LBS) Kabupaten/Kota se-Kalimantan Timur yang sebelumnya telah dilaksanakan melalui desk verifikasi bersama Pemerintah Provinsi dan instansi terkait.

Rakor ini dipimpin langsung oleh Sekretaris Daerah Provinsi Kalimantan Timur (Kaltim), Dra. Sri Wahyuni, MPP., dan dihadiri Plt. Kepala Dinas PUPR-PERA Kaltim, Ir. H. Irhamsyah, S.T., M.T., Kepala Kantor Wilayah BPN Kaltim Shamy Ardian, dan Tenaga Ahli Penyusun Revisi RTRW Provinsi Kaltim, serta dihadiri oleh perwakilan pemerintah kabupaten/kota serta instansi vertikal terkait.

Agenda utama dalam rapat koordinasi ini meliputi penyampaian hasil finalisasi usulan LP2B Kabupaten/Kota, pembahasan hasil verifikasi data, serta penandatanganan berita acara sebagai bentuk kesepakatan bersama terhadap usulan LP2B yang akan disampaikan kepada Menteri ATR/BPN.

Rapat koordinasi ini juga bertujuan untuk memastikan keselarasan data dan percepatan penetapan LP2B sebagai bagian dari upaya pengendalian alih fungsi lahan pertanian serta mendukung ketahanan pangan di daerah, hingga pada akhir acara dilakukan penandatanganan berita penyepakatan usulan LP2B Provinsi Kaltim.

Turut hadir Kepala Dinas Pekerjaan Umum dan Perumahan Rakyat Mahulu, Didik Subagya, S.E., M.Si, dan Kepala Dinas Ketahanan Pangan dan Pertanian Mahulu, Engelbertus Ibrahim, SE., M.Si., dalam hal ini diwakili Kepala Bidang Tanaman Pangan dan Hortikultura, DKPP Mahulu Semion, S.Pi. (Prokopim/tha)

Berita TerkiniBidang Ekonomi dan PembangunanKetahanan PanganPembangunanPertanian

Alamat email Anda tidak akan dipublikasikan. Ruas yang wajib ditandai *

Simpan nama, email, dan situs web saya pada peramban ini untuk komentar saya berikutnya.",#PressRelease #Pembangunan #Pemerintahan #Ekonomi #Kesehatan #Pendidikan #Pertanian #Sosial #Pariwisata #Pengumuman #BeritaTerkini #BidangEkonomidanPembangunan #KetahananPangan #BidangPemerintahandanKesejahteraanRakyat #Pembinaan #PenanggulanganBencana #Perhubungan #BantuanSosial,74,https://prokopim.mahakamulukab.go.id/rakor-usulan-penetapan-lp2b-provinsi-kaltim-mahulu-perkuat-perlindungan-lahan-pertanian/
"Kick Off Bulan Anti Rabies, Pemkab Mahulu Perkuat Kolaborasi Cegah Penyebaran Rabies",https://prokopim.mahakamulukab.go.id/wp-content/uploads/2026/07/Cover-Berita-Edit-202629.jpg,images\058_kick-off-bulan-anti-rabies-pemkab-mahulu-perkuat-kolaborasi-.jpg,Adm,2026-07-27,"Ujoh Bilang – Bupati Mahakam Ulu (Mahulu), Angela Idang Belawan, yang diwakili oleh Wakil Bupati Mahakam Ulu, Suhuk, S.E., secara resmi membuka Kick Off Bulan Anti Rabies Mahakam Ulu Tahun 2026 sebagai langkah memperkuat upaya pencegahan dan pengendalian rabies melalui kolaborasi lintas sektor serta peningkatan partisipasi masyarakat. Bertempat di Ballroom Lantai III Kantor Bupati, Senin (27/07/2026).

Membacakan sambutan Bupati, Suhuk menyampaikan bahwa kegiatan tersebut menjadi langkah bersama untuk meningkatkan kewaspadaan, memperluas pelaksanaan vaksinasi hewan, memperkuat pengawasan terhadap hewan penular rabies, serta mendorong edukasi masyarakat dan penanganan korban gigitan secara cepat dan terkoordinasi.

Menurutnya, kewaspadaan terhadap rabies perlu terus ditingkatkan setelah hasil pengujian laboratorium pada 15 Juni 2026 menyatakan satu sampel anjing liar di RT 05 Kampung Ujoh Bilang positif rabies. Hewan tersebut diketahui telah menggigit empat orang sehingga menjadi peringatan untuk memperkuat langkah-langkah pencegahan.

Pemerintah Kabupaten Mahulu terus memperluas cakupan vaksinasi hewan sebagai langkah memutus rantai penyebaran rabies. Upaya tersebut akan dilanjutkan dengan vaksinasi di sejumlah kampung yang telah ditetapkan sebagai sasaran berikutnya.

“Pemerintah Kabupaten Mahakam Ulu bersama pihak terkait telah melaksanakan vaksinasi rabies sebanyak 763 dosis. Pada tahap berikutnya telah ditetapkan target sebanyak 1.000 dosis untuk Kampung Long Melaham, Long Bagun Ulu, dan Long Bagun Ilir.”

Wabup Mahulu juga menekankan bahwa keberhasilan pengendalian rabies tidak hanya bergantung pada pemerintah, tetapi juga pada kepedulian masyarakat, terutama para pemilik hewan penular rabies. Menurutnya, pemilik hewan perlu memastikan hewan peliharaannya mendapatkan vaksinasi, tidak dilepasliarkan, serta segera melaporkan apabila ditemukan gejala yang mengarah pada rabies.

“Para pemilik hewan memiliki peran besar dalam memutus penyebaran rabies. Karena itu, saya mengajak seluruh masyarakat yang memelihara hewan penular rabies untuk menjadi pemilik yang bertanggung jawab,” imbuhnya.

Menutup sambutan Bupati, Suhuk mengajak seluruh masyarakat menjadikan Bulan Anti Rabies sebagai gerakan bersama yang berkelanjutan.

“Mari kita jadikan Bulan Anti Rabies sebagai gerakan bersama untuk menciptakan lingkungan yang aman dan sehat. Dengan kepedulian serta kerja sama seluruh pihak, kita dapat melindungi keluarga dan masyarakat dari ancaman rabies.” ungkapnya.

Dalam rangkaian kegiatan tersebut, Wakil Bupati menyerahkan Surat Keputusan Bupati tentang Tim Koordinasi Terpadu Penanggulangan Rabies Kabupaten Mahakam Ulu. Kegiatan kemudian dilanjutkan dengan seremonial medis veteriner berupa penyuntikan vaksin rabies secara simbolis kepada seekor anjing oleh Wakil Bupati serta seekor kucing oleh Kepala Dinas Ketahanan Pangan dan Pertanian, Engelbertus Ibrahim, S.E., M.Si. Setelah itu dilakukan penandatanganan Berita Acara Komitmen Bersama oleh perwakilan instansi sebagai bentuk sinergi dalam penanggulangan rabies.

Turut hadir dalam kegiatan tersebut, Kepala Satuan Polisi Pamong Praja Mahakam Ulu, Kresensius Charles, S.Pd., M.A.P., Plt. Kepala Dinas Pemberdayaan Masyarakat dan Kampung Surianto, S.E., M.E., Kepala Bagian Hukum, Arsenius Luhan, S.E., M.Hum., perwakilan Dinas Peternakan dan Kesehatan Hewan Provinsi Kalimantan Timur, serta jajaran Pemerintah Kabupaten Mahakam Ulu. (Prokopim)

Berita TerkiniBidang Pemerintahan dan Kesejahteraan RakyatKesehatanProgram Kerja

Alamat email Anda tidak akan dipublikasikan. Ruas yang wajib ditandai *

Simpan nama, email, dan situs web saya pada peramban ini untuk komentar saya berikutnya.",#PressRelease #Pembangunan #Pemerintahan #Ekonomi #Kesehatan #Pendidikan #Pertanian #Sosial #Pariwisata #Pengumuman #BeritaTerkini #BidangPemerintahandanKesejahteraanRakyat #ProgramKerja #Pembinaan #BidangEkonomidanPembangunan #PenanggulanganBencana #Perhubungan #BantuanSosial,163,https://prokopim.mahakamulukab.go.id/kick-off-bulan-anti-rabies-pemkab-mahulu-perkuat-kolaborasi-cegah-penyebaran-rabies/
Seleksi JPT Pratama Pemkab Mahulu Masuki Tahap Presentasi dan Wawancara,https://prokopim.mahakamulukab.go.id/wp-content/uploads/2026/07/Cover-Berita-Edit-202628.jpg,images\059_seleksi-jpt-pratama-pemkab-mahulu-masuki-tahap-presentasi-da.jpg,Adm,2026-07-26,"Samarinda – Pemerintah Kabupaten (Pemkab) Mahakam Ulu (Mahulu) menggelar tahapan Presentasi Makalah dan Wawancara dalam rangka Seleksi Terbuka Pengisian Jabatan Pimpinan Tinggi (JPT) Pratama Tahun 2026. Sesuai dengan Pengumuman Panitia Seleksi Terbuka Jabatan Pimpinan Tinggi Pratama Nomor: 009/ST-JPTP-MU/VII/2026 tentang Hasil Seleksi Administrasi dan Tahapan Selanjutnya Seleksi Terbuka Pengisian Jabatan Pimpinan Tinggi Pratama di Lingkungan Pemerintah Kabupaten Mahakam Ulu Tahun 2026.

Kegiatan yang berlangsung di Hotel Bumi Senyiur, Ruang Sungai Pinang, Samarinda, Minggu (26/07/2026) pagi tersebut diawali dengan arahan dari Sekretaris Daerah (Sekda) Kabupaten Mahulu, Dr. Stephanus Madang, S.Sos., M.M., yang juga sebagai Ketua Tim Panitia Seleksi (Pansel).

Dalam sambutannya, Sekda menyampaikan apresiasi kepada seluruh jajaran panitia yang telah bekerja secara maksimal sehingga setiap tahapan seleksi dapat berjalan dengan baik.

“Saya mengucapkan terima kasih kepada seluruh Panitia Seleksi, khususnya Koordinator Sekretariat Panitia Seleksi, Ibu Kristina Tening, S.Si., selaku Asisten Administrasi Umum Sekretariat Daerah, yang telah mendampingi seluruh proses seleksi sejak awal hingga tahapan hari ini. Terima kasih pula kepada seluruh peserta seleksi yang hadir lengkap dan tetap berkomitmen mengikuti seluruh rangkaian proses seleksi,” ujarnya.

Sekda juga mengajak seluruh peserta untuk memanjatkan puji syukur kepada Tuhan Yang Maha Esa karena seluruh tahapan seleksi dapat berlangsung dengan lancar hingga memasuki tahap akhir.

“Para peserta telah melalui berbagai tahapan seleksi secara bertahap, mulai dari seleksi administrasi, penulisan makalah, asesmen kompetensi, hingga presentasi makalah dan wawancara,”jelasnya.

Menurutnya, tahapan presentasi dan wawancara bukan sekadar menguji kemampuan akademik, tetapi juga menjadi sarana bagi Tim Panitia Seleksi untuk menilai kualitas kepemimpinan, kompetensi manajerial, kompetensi teknis, integritas, etika, serta kemampuan berpikir strategis yang dimiliki setiap peserta.

“Melalui tahapan ini, Tim Panitia Seleksi ingin memperoleh gambaran yang utuh mengenai kesiapan para peserta dalam mengemban amanah sebagai Pejabat Pimpinan Tinggi Pratama. Yang dinilai bukan hanya kemampuan menyampaikan makalah, tetapi juga kapasitas kepemimpinan, integritas, kemampuan manajerial, kompetensi teknis, serta visi strategis dalam mendukung penyelenggaraan pemerintahan dan pembangunan di Kabupaten Mahakam Ulu,” terangnya.

Mengakhiri arahannya, Stephanus Madang menyampaikan apresiasi kepada seluruh peserta atas dedikasi dan semangat yang telah ditunjukkan selama mengikuti proses seleksi.

“Kami sangat berharap seluruh peserta dapat mengikuti tahapan presentasi dan wawancara dengan sebaik-baiknya, menjunjung tinggi sportivitas, serta menunjukkan kompetensi terbaik demi menghasilkan pejabat pimpinan tinggi yang profesional, berintegritas, dan mampu mendukung terwujudnya tata kelola pemerintahan yang efektif,” tandasnya.

Turut hadir dalam kegiatan tersebut Asisten Bidang Pemerintahan dan Kesejahteraan Rakyat, drg. Agustinus Teguh Santoso, M.Adm., Kes., Inspektur Inspektorat Provinsi Kalimantan Timur Dr. H. N. Irfan Pranata, S.E., M.M., serta Tim Penguji dari Universitas Mulawarman, yakni Dr. Mahendra Putra Kurnia, S.H., M.A., dan Dr. Rahmat Budi Swarto, S.E., S.H., M.Si. (Prokopim/aim)

Berita TerkiniBidang Administrasi UmumKepegawaianPemerintahan

Alamat email Anda tidak akan dipublikasikan. Ruas yang wajib ditandai *

Simpan nama, email, dan situs web saya pada peramban ini untuk komentar saya berikutnya.",#PressRelease #Pembangunan #Pemerintahan #Ekonomi #Kesehatan #Pendidikan #Pertanian #Sosial #Pariwisata #Pengumuman #BeritaTerkini #BidangAdministrasiUmum #Kepegawaian #BidangPemerintahandanKesejahteraanRakyat #Pembinaan #BidangEkonomidanPembangunan #PenanggulanganBencana #Perhubungan #BantuanSosial,95,https://prokopim.mahakamulukab.go.id/seleksi-jpt-pratama-pemkab-mahulu-masuki-tahap-presentasi-dan-wawancara/
"Pemkab Mahulu dan Kejari Kutai Barat Perpanjang Nota Kesepakatan, Perkuat Sinergi Penyelenggaraan Pemerintahan yang Taat Hukum",https://prokopim.mahakamulukab.go.id/wp-content/uploads/2026/07/Cover-Berita-Edit-202627.jpg,images\060_pemkab-mahulu-dan-kejari-kutai-barat-perpanjang-nota-kesepak.jpg,Adm,2026-07-24,"Kutai Barat – Pemerintah Kabupaten (Pemkab) Mahakam Ulu (Mahulu) bersama Kejaksaan Negeri Kutai Barat resmi menandatangani Perpanjangan Nota Kesepakatan tentang kerja sama di bidang hukum. Penandatanganan dilakukan langsung oleh Bupati Mahakam Ulu, Angela Idang Belawan, bersama Kepala Kejaksaan Negeri Kutai Barat, Dr. Yon Yuviasro, S.H., M.H., di Hotel Sidodadi, Kabupaten Kutai Barat, Jumat (24/7/2026).

Perpanjangan nota kesepakatan tersebut merupakan bentuk komitmen bersama dalam memperkuat sinergi dan kolaborasi antara Pemerintah Kabupaten Mahakam Ulu dengan Kejaksaan Negeri Kutai Barat guna mendukung penyelenggaraan pemerintahan yang taat hukum, berintegritas, transparan, dan akuntabel.

Dalam sambutannya, Bupati Mahulu, Angela Idang Belawan menyampaikan bahwa kerja sama yang telah terjalin selama ini memberikan manfaat besar dalam mendukung pelaksanaan tugas pemerintahan, khususnya melalui pendampingan hukum terhadap berbagai program dan kebijakan strategis daerah.

“Melalui penandatanganan perpanjangan Nota Kesepakatan ini, kami berharap sinergi antara Pemerintah Kabupaten Mahakam Ulu dan Kejaksaan Negeri Kutai Barat semakin erat, semakin kuat, serta semakin produktif dalam mendukung penyelenggaraan pemerintahan yang taat hukum, berintegritas, dan berpihak kepada kepentingan masyarakat,” ujar Bupati.

Angela Idang Belawan menegaskan bahwa pendampingan hukum merupakan bagian penting dalam mewujudkan tata kelola pemerintahan yang baik (good governance). Menurutnya, pengawalan hukum diperlukan sejak tahap perencanaan hingga pelaksanaan berbagai program pembangunan, termasuk dalam pengelolaan keuangan daerah, pengadaan barang dan jasa, serta pelaksanaan proyek-proyek strategis daerah.

“Selain itu, Pemerintah Kabupaten Mahulu juga berharap kerja sama ini semakin memperkuat upaya pengamanan aset daerah, sehingga seluruh aset milik pemerintah dapat terlindungi secara hukum dan dimanfaatkan secara optimal demi sebesar-besarnya kesejahteraan masyarakat Mahulu,” tambahnya.

Bupati juga mengharapkan Kejaksaan Negeri Kutai Barat terus memberikan Legal Opinion terhadap kebijakan-kebijakan strategis pemerintah daerah, serta Legal Assistance dalam setiap proses yang memerlukan pendampingan hukum. Dengan demikian, setiap langkah dan kebijakan yang diambil Pemerintah Kabupaten Mahulu memiliki landasan hukum yang kuat, tepat, dan dapat dipertanggungjawabkan.

Melalui perpanjangan nota kesepakatan ini, diharapkan hubungan kelembagaan antara Pemerintah Kabupaten Mahulu dan Kejaksaan Negeri Kutai Barat semakin solid dalam mendukung percepatan pembangunan daerah yang bersih, profesional, dan berorientasi pada pelayanan terbaik bagi masyarakat.

Turut hadir dalam kegiatan tersebut Wakil Bupati Mahakam Ulu Suhuk, S.E., jajaran Kejaksaan Negeri Kutai Barat, Kepala Organisasi Perangkat Daerah (OPD) di lingkungan Pemerintah Kabupaten Mahakam Ulu, serta sejumlah tamu undangan lainnya. (Prokopim/aim)

Berita TerkiniBidang Pemerintahan dan Kesejahteraan RakyatKerja SamaPeraturan dan Hukum

Alamat email Anda tidak akan dipublikasikan. Ruas yang wajib ditandai *

Simpan nama, email, dan situs web saya pada peramban ini untuk komentar saya berikutnya.",#PressRelease #Pembangunan #Pemerintahan #Ekonomi #Kesehatan #Pendidikan #Pertanian #Sosial #Pariwisata #Pengumuman #BeritaTerkini #BidangPemerintahandanKesejahteraanRakyat #KerjaSama #PeraturandanHukum #Pembinaan #BidangEkonomidanPembangunan #PenanggulanganBencana #Perhubungan #BantuanSosial,83,https://prokopim.mahakamulukab.go.id/pemkab-mahulu-dan-kejari-kutai-barat-perpanjang-nota-kesepakatan-perkuat-sinergi-penyelenggaraan-pemerintahan-yang-taat-hukum/
Pelantikan Pengurus DPD BAMAGNAS Masa Bakti 2026-2031,https://prokopim.mahakamulukab.go.id/wp-content/uploads/2026/07/Cover-Berita-Edit-202626.jpg,images\061_pelantikan-pengurus-dpd-bamagnas-masa-bakti-2026-2031.jpg,Adm,2026-07-24,"Ujoh Bilang – Mewakili Bupati Mahakam Ulu (Mahulu), Angela Idang Belawan, Staf Ahli Bidang Pemerintahan dan Kesejahteraan Rakyat, Gerry Gregorius, S.E., M.Si., Ak., CA., menghadiri Pelantikan Pengurus Dewan Pimpinan Daerah Badan Musyawarah Antar Gereja Nasional (DPD BAMAGNAS) Kabupaten Mahulu Masa Bakti 2026-2031 di Ballroom Lantai III Kantor Bupati, Jumat (24/07/2026).

Pelantikan pengurus DPD BAMAGNAS Kabupaten Mahulu dilakukan oleh Ketua DPW BAMAGNAS Provinsi Kalimantan Timur sekaligus Anggota DPD RI asal Kalimantan Timur, Dr. Yulianus Henok Sumual, S.H., M.Si.

Dalam pelantikan tersebut, Pdt. Marius Richie Klau, M.Th., resmi dilantik sebagai Ketua DPD BAMAGNAS Kabupaten Mahulu bersama seluruh jajaran pengurus masa bakti 2026–2031.

Rangkaian pelantikan meliputi pembacaan surat keputusan kepengurusan, penandatanganan berita acara, penyerahan bendera pataka kepada Ketua DPD BAMAGNAS Kabupaten Mahulu, serta doa pengutusan bagi seluruh pengurus yang baru dilantik.

Membacakan sambutan Bupati, Staf Ahli menyampaikan selamat kepada seluruh pengurus DPD BAMAGNAS Kabupaten Mahulu. Amanah yang diterima merupakan kehormatan sekaligus tanggung jawab yang perlu dijalankan dengan ketulusan, kebijaksanaan, dan semangat melayani.

“Susunlah pembagian tugas secara efektif dan libatkan seluruh departemen sesuai bidangnya. Bangun komunikasi yang terbuka, serta tempuh setiap keputusan melalui musyawarah,” ujarnya.

Lebih lanjut disampaikan, pengurus perlu menjaga hubungan dengan gereja-gereja dari berbagai denominasi dan menempatkan BAMAGNAS sebagai rumah bersama yang merangkul seluruh anggotanya. Perbedaan tradisi dan tata pelayanan diharapkan menjadi kekuatan untuk saling mengenal, menghormati, dan melengkapi.

Sebagai wadah kerja sama antar gereja, BAMAGNAS juga diharapkan turut memperkuat persatuan serta menjaga kehidupan masyarakat yang rukun dan damai. Peran tersebut dapat diwujudkan melalui pelayanan keagamaan dan sosial, pembinaan generasi muda, serta pemberdayaan ekonomi warga gereja.

Dalam sambutan yang dibacakan, Pemerintah Kabupaten Mahulu menyambut baik program DPD BAMAGNAS yang berkaitan dengan legalitas rumah ibadah, penguatan sarana organisasi, penyediaan lahan pemakaman, dan pemberdayaan ekonomi warga gereja.

“Pemerintah daerah terbuka untuk mempelajari program tersebut sesuai kewenangan dan ketentuan yang berlaku. Setiap bentuk dukungan perlu dilaksanakan secara tertib, dapat dipertanggungjawabkan, dan bermanfaat bagi masyarakat,” tegasnya.

BAMAGNAS turut didorong mengambil bagian dalam menjaga keharmonisan kehidupan sosial. Kedekatan para pemimpin gereja dengan umat dapat menjadi kekuatan untuk menumbuhkan sikap saling menghormati, mencegah perpecahan, serta mengajak masyarakat menggunakan media digital secara bijaksana.

Pada akhir sambutan, Bupati melalui Staf Ahli menyampaikan apresiasi kepada DPW BAMAGNAS Provinsi Kalimantan Timur, panitia pelaksana, para pemimpin gereja, serta seluruh pihak yang telah mendukung pelaksanaan pelantikan.

Ia berharap seluruh pengurus menjalankan tugas dengan rendah hati dan penuh tanggung jawab sehingga setiap program yang dilaksanakan membawa kebaikan bagi umat serta memperkuat persaudaraan di Kabupaten Mahulu.

Turut hadir dalam kegiatan tersebut Kapolres Mahulu, AKBP Roni Wijaya, S.I.K., Ketua DPRD Mahulu yang diwakili Ketua Komisi II DPRD Mahulu, Gohen Merang Sapulete, Perwira Penghubung Komandan Distrik Militer 0912/Kutai Barat, Kepala Kantor Kementerian Agama Mahakam Ulu, Longginus, S.S., tokoh agama, serta undangan lainnya. (Prokopim)

Berita TerkiniBidang Pemerintahan dan Kesejahteraan RakyatKeagamaanPelantikan

Alamat email Anda tidak akan dipublikasikan. Ruas yang wajib ditandai *

Simpan nama, email, dan situs web saya pada peramban ini untuk komentar saya berikutnya.",#PressRelease #Pembangunan #Pemerintahan #Ekonomi #Kesehatan #Pendidikan #Pertanian #Sosial #Pariwisata #Pengumuman #BeritaTerkini #BidangPemerintahandanKesejahteraanRakyat #Keagamaan #Pelantikan #Pembinaan #BidangEkonomidanPembangunan #PenanggulanganBencana #Perhubungan #BantuanSosial,83,https://prokopim.mahakamulukab.go.id/pelantikan-pengurus-dpd-bamagnas-masa-bakti-2026-2031/
"Perluas Layanan Pendidikan Dasar Di Mahulu, Bupati Resmikan SD Katolik Santa Miriam",https://prokopim.mahakamulukab.go.id/wp-content/uploads/2026/07/191.jpg,images\062_perluas-layanan-pendidikan-dasar-di-mahulu-bupati-resmikan-s.jpg,Adm,2026-07-23,"Ujoh Bilang – Bupati Mahakam Ulu (Mahulu), Angela Idang Belawan, meresmikan Sekolah Dasar Katolik (SDK) Santa Miriam Ujoh Bilang, dalam rangkaian kegiatan yang diawali dengan Perayaan Ekaristi dan pemberkatan gedung sekolah oleh RD. Albertus Kurniadi, bertempat di SD Katolik Santa Miriam Ujoh Bilang pada Kamis (23/07/2026).

Atas nama Pemerintah Kabupaten (Pemkab) Mahulu, Bupati menyampaikan selamat dan apresiasi kepada Yayasan Budi Bakti Karya MASF, Kongregasi MASF, Gereja Katolik, para orang tua, serta seluruh pihak yang telah mendukung berdirinya sekolah tersebut.

Kehadiran SD Katolik Santa Miriam dinilai memperluas pilihan layanan pendidikan dasar bagi masyarakat sekaligus memperkuat upaya bersama dalam menyiapkan generasi Mahulu yang cerdas, beriman, dan berkarakter.

Mengawali Tahun Pelajaran 2026/2027, SD Katolik Santa Miriam memulai kegiatan pembelajaran dengan 18 peserta didik. Bupati berpesan agar pertumbuhan sekolah dilaksanakan secara terencana dengan tetap menjaga kualitas pembelajaran, kompetensi pendidik, tata kelola, serta pemenuhan sarana dan prasarana sesuai ketentuan.

Angela Idang Belawan juga mendorong sekolah untuk menjadi lingkungan belajar yang aman, ramah, inklusif, dan bebas dari perundungan. Dengan lingkungan yang mendukung, anak-anak diharapkan dapat belajar dengan gembira, percaya diri, serta berani mengenali dan mengembangkan potensinya.

Dalam penyelenggaraan pendidikan, sekolah tersebut turut membawa moto Yayasan Budi Bakti Karya MASF, yaitu “Bersaudara, Berkarakter, dan Berprestasi.” Nilai tersebut diharapkan membentuk peserta didik yang menghargai sesama, memiliki integritas, bertanggung jawab, dan mampu mengembangkan talenta terbaiknya.

Keberhasilan pendidikan, lanjut Bupati, memerlukan keterlibatan seluruh pihak. Pemkab Mahulu memandang yayasan, gereja, masyarakat, dan orang tua sebagai mitra penting dalam memperluas akses pendidikan bermutu serta membentuk sumber daya manusia Mahulu yang unggul.

Saat diwawancarai seusai kegiatan, Bupati menegaskan bahwa Pemkab Mahulu akan terus mendukung pengembangan SD Katolik Santa Miriam dengan mencari dasar regulasi yang tepat agar bantuan pemerintah dapat diberikan sesuai ketentuan.

“Pendidikan pasti akan terus kita dukung. Kita akan mencari regulasi yang tepat sehingga dapat membantu para suster membangun SD yang lebih baik dan lebih nyaman bagi anak-anak untuk bersekolah,” ujar Bupati.

Bupati mengatakan, upaya tersebut telah dibicarakan bersama Sekretaris Daerah untuk menentukan bentuk dukungan yang memungkinkan bagi pembangunan gedung sekolah.

Ia juga menyampaikan bahwa pengembangan pendidikan Katolik di Mahulu akan terus didorong pada berbagai jenjang. Hal tersebut termasuk rencana pembangunan SMA Katolik yang sebelumnya telah dibahas dalam audiensi bersama Kementerian Agama Kabupaten Mahakam Ulu.

“Kita akan mendorong dan mendukung pembangunan SMA, SMP, dan SD Katolik yang ingin dikembangkan karena di dalamnya anak-anak tidak hanya mendapatkan pendidikan formal, tetapi juga pendidikan keagamaan,” ungkapnya.

Turut hadir dalam kegiatan tersebut, Sekretaris Daerah Kabupaten Mahulu, Dr. Stephanus Madang, S.Sos., M.M., Kepala Badan Perencanaan Pembangunan, Penelitian dan Pengembangan Daerah, Yohanes Andy Abeh, S.Sos., M.Si., perwakilan Tim Percepatan Pembangunan Daerah (TP3D), serta jajaran Pemerintah Kabupaten Mahulu. (Prokopim)

Berita TerkiniBidang Pemerintahan dan Kesejahteraan RakyatKeagamaanPendidikanPeresmian

Alamat email Anda tidak akan dipublikasikan. Ruas yang wajib ditandai *

Simpan nama, email, dan situs web saya pada peramban ini untuk komentar saya berikutnya.",#PressRelease #Pembangunan #Pemerintahan #Ekonomi #Kesehatan #Pendidikan #Pertanian #Sosial #Pariwisata #Pengumuman #BeritaTerkini #BidangPemerintahandanKesejahteraanRakyat #Keagamaan #Peresmian #Pembinaan #BidangEkonomidanPembangunan #PenanggulanganBencana #Perhubungan #BantuanSosial,157,https://prokopim.mahakamulukab.go.id/perluas-layanan-pendidikan-dasar-di-mahulu-bupati-resmikan-sd-katolik-santa-miriam/
"Peringatan Hari Anak Nasional 2026, Bupati Mahulu Ajak Wujudkan Lingkungan Ramah Anak",https://prokopim.mahakamulukab.go.id/wp-content/uploads/2026/07/190.jpg,,Adm,2026-07-23,"Ujoh Bilang – Bupati Mahakam Ulu (Mahulu), Angela Idang Belawan, memimpin Upacara Peringatan Hari Anak Nasional (HAN) Tahun 2026 Tingkat Kabupaten Mahulu yang berlangsung di Lamin Adat Ujoh Bilang, Kamis (23/07/2026).

Peringatan HAN tahun ini mengusung tema “Sayang Anak, Lindungi dan Bangun Masa Depan.” Melalui tema tersebut, Bupati menegaskan bahwa setiap anak berhak mendapatkan kasih sayang dan perlindungan serta kesempatan untuk bermain, belajar, tumbuh sehat, dan mengejar cita-cita.

Dalam amanatnya, Bupati mengajak anak-anak Mahulu membangun masa depan melalui kebiasaan baik dalam kehidupan sehari-hari. Hal tersebut dapat dimulai dengan rajin belajar dan berdoa, menghormati guru dan orang tua, menjaga kesehatan, berkata jujur, serta membangun pertemanan tanpa saling mengejek maupun menyakiti.

Bupati juga mengingatkan bahwa setiap anak memiliki kelebihan yang berbeda, karenanya anak-anak diminta tidak merasa rendah diri maupun meremehkan orang lain, tetapi saling menghargai dan memberikan semangat.

“Jika anak-anak merasa takut, sedih, atau tidak nyaman, jangan dipendam sendiri. Ceritakanlah kepada Ayah, Bunda, atau guru agar kalian mendapat pertolongan dan perlindungan,” pesan Bupati.

Kepada para guru, orang tua, dan seluruh masyarakat, Bupati mengajak untuk bersama-sama menciptakan lingkungan yang aman, nyaman, ramah, dan menyenangkan bagi setiap anak. Suara anak perlu didengarkan dan tumbuh kembang mereka harus didampingi dengan penuh kasih sayang.

Saat diwawancarai usai kegiatan, Angela Idang Belawan yang juga Bunda PAUD Kabupaten Mahulu menegaskan dukungan penuhnya terhadap kemajuan Pendidikan Anak Usia Dini (PAUD). Salah satu perhatian yang disampaikannya ialah kebutuhan tempat belajar yang lebih layak bagi TK Negeri Pembina.

“Saya mengajak seluruh elemen masyarakat untuk membantu mencari lahan karena saya ingin sekali TK Pembina mendapatkan tempat yang representatif dan nyaman bagi anak-anak untuk belajar dan bermain,” ungkapnya.

Rangkaian peringatan HAN turut dimeriahkan dengan pembukaan Perlombaan Tingkat PAUD Kecamatan Long Bagun. Berbagai perlombaan yang dilaksanakan meliputi fashion show, menyanyi solo dan grup, tari solo dan beregu, serta mewarnai.

Bupati juga mengapresiasi antusiasme dan keberanian anak-anak yang mengikuti perlombaan. Menurutnya, anak-anak telah mempersiapkan diri dan berani menunjukkan kemampuannya di depan umum.

“Menang dan kalah sudah biasa, tetapi kita harus mengapresiasi keberanian mereka untuk tampil di depan umum,” pungkas Bupati.

Turut hadir dalam kegiatan tersebut, Sekretaris Daerah Kabupaten Mahulu, Dr. Stephanus Madang, S.Sos., M.M., Kepala Dinas Pendidikan dan Kebudayaan, Samson Batang, S.Sos., M.Si., Kepala Badan Perencanaan Pembangunan, Penelitian dan Pengembangan Daerah, Yohanes Andy Abeh, S.Sos., M.Si., Kepala Dinas Pemberdayaan Masyarakat dan Kampung, Surianto, S.E., M.E., serta jajaran Pemerintah Kabupaten Mahulu. (Prokopim)

Berita TerkiniBidang Pemerintahan dan Kesejahteraan RakyatHari NasionalPembinaanPendidikan

Alamat email Anda tidak akan dipublikasikan. Ruas yang wajib ditandai *

Simpan nama, email, dan situs web saya pada peramban ini untuk komentar saya berikutnya.",#PressRelease #Pembangunan #Pemerintahan #Ekonomi #Kesehatan #Pendidikan #Pertanian #Sosial #Pariwisata #Pengumuman #BeritaTerkini #BidangPemerintahandanKesejahteraanRakyat #HariNasional #Pembinaan #BidangEkonomidanPembangunan #PenanggulanganBencana #Perhubungan #BantuanSosial,156,https://prokopim.mahakamulukab.go.id/peringatan-hari-anak-nasional-2026-bupati-mahulu-ajak-wujudkan-lingkungan-ramah-anak/
"Penutupan TTG XII Kaltim, Mahulu Terus Dorong Inovasi Teknologi Tepat Guna",https://prokopim.mahakamulukab.go.id/wp-content/uploads/2026/07/192.jpg,images\064_penutupan-ttg-xii-kaltim-mahulu-terus-dorong-inovasi-teknolo.jpg,Adm,2026-07-23,"Kutai Barat – Mewakili Bupati Mahakam Ulu (Mahulu), Angela Idang Belawan, Wakil Bupati (Wabup) Mahulu, Suhuk, S.E., menghadiri acara Penutupan Gelar Teknologi Tepat Guna (TTG) XII Tingkat Provinsi Kalimantan Timur yang berlangsung di Taman Budaya Sendawar (TBS), Kabupaten Kutai Barat, Kamis (23/07/2026).

Acara penutupan Gelar TTG XII berlangsung meriah dengan dihadiri kepala daerah, unsur Forum Koordinasi Pimpinan Daerah (Forkopimda), pimpinan perangkat daerah, serta para peserta dari seluruh kabupaten dan kota se-Kalimantan Timur. Kegiatan ini secara resmi ditutup oleh Wakil Gubernur Kalimantan Timur, Ir. H. Seno Aji, M.Si.

Malam penutupan semakin semarak dengan pengumuman para pemenang lomba inovasi teknologi tepat guna, pemberian penghargaan kepada daerah berprestasi, serta hiburan dari sejumlah artis yang menghibur seluruh tamu undangan dan masyarakat yang hadir.

Pada kesempatan tersebut, Wakil Bupati turut menyaksikan prosesi penyerahan penghargaan kepada para pemenang berbagai kategori. Salah satu capaian membanggakan diraih Kabupaten Mahakam Ulu yang berhasil meraih Juara I Kategori Stand Terbaik, mengungguli peserta dari kabupaten dan kota lainnya di Kalimantan Timur.

Prestasi tersebut menjadi bukti komitmen Pemerintah Kabupaten Mahakam Ulu dalam menampilkan potensi daerah, inovasi teknologi tepat guna, serta produk unggulan masyarakat yang dikemas secara menarik dan informatif selama pelaksanaan Gelar TTG XII.

Keberhasilan ini diharapkan menjadi motivasi bagi Pemerintah Kabupaten Mahulu untuk terus mendorong lahirnya inovasi-inovasi teknologi tepat guna yang mampu meningkatkan kesejahteraan masyarakat, memperkuat pemberdayaan ekonomi lokal, serta mendukung pembangunan daerah yang berkelanjutan. (Prokopim/aim)

Berita TerkiniBidang Ekonomi dan PembangunanEkonomiPembangunanPenghargaan

Alamat email Anda tidak akan dipublikasikan. Ruas yang wajib ditandai *

Simpan nama, email, dan situs web saya pada peramban ini untuk komentar saya berikutnya.",#PressRelease #Pembangunan #Pemerintahan #Ekonomi #Kesehatan #Pendidikan #Pertanian #Sosial #Pariwisata #Pengumuman #BeritaTerkini #BidangEkonomidanPembangunan #Penghargaan #BidangPemerintahandanKesejahteraanRakyat #Pembinaan #PenanggulanganBencana #Perhubungan #BantuanSosial,165,https://prokopim.mahakamulukab.go.id/penutupan-ttg-xii-kaltim-mahulu-terus-dorong-inovasi-teknologi-tepat-guna/
"Pemkab Mahulu Matangkan Pengadaan Tanah Sentra Pariwisata Batoq Tenevang, Lewat Presentasi Lapkir Perencanaan Pengadaan Tanah Tahap II",https://prokopim.mahakamulukab.go.id/wp-content/uploads/2026/07/189.jpg,images\065_pemkab-mahulu-matangkan-pengadaan-tanah-sentra-pariwisata-ba.jpg,Adm,2026-07-23,"Samarinda – Bupati Mahakam Ulu (Mahulu), Angela Idang Belawan, dalam hal ini yang diwakili Asisten Bidang Administrasi Umum (Asisten III) Setkab Mahulu, Kristina Tening, S.H., M.Si., secara resmi membuka kegiatan Presentasi Laporan Akhir Penyusunan Dokumen Perencanaan Pengadaan Tanah Tahap II Sentra Pariwisata Batoq Tenevang Tahun 2026, yang dilaksanakan di Hotel Mercure Samarinda. Kamis (23/07/2026)

Kegiatan yang difasilitasi Dinas Pariwisata, Pemuda dan Olahraga (Parpora) Mahulu ini, dihadiri Wakil Ketua I DPRD Mahulu, Nor Lili Bulan, Anggota DPRD Mahulu dari Komisi II, Tim TP3D Mahulu, OPD terkait, dan Ketua tim Lembaga Pengembangan Kerja Sama dan Usaha ( LPKU ) ITN Malang, Ir. Maranatha wijayaningtyas S.T., M.MT., PhD., IPU.

Dalam sambutan tertulis Bupati Mahulu yang dibacakan Asisten III, dijelaskan bahwa pengembangan Sentra Pariwisata Batoq Tenevang merupakan salah satu program strategis Pemkab Mahulu, dalam upaya menggerakkan ekonomi kerakyatan serta meningkatkan daya saing daerah.

Diterangkan pula bahwa ketersediaan lahan yang clean and clear menjadi fondasi utama keberhasilan pembangunan kawasan tersebut. Oleh karena itu, seluruh tahapan pengadaan tanah harus dilaksanakan dengan mengedepankan prinsip transparansi, akuntabilitas, serta kepatuhan terhadap regulasi yang berlaku.

Berpedoman pada Peraturan Pemerintah Nomor 39 Tahun 2023 tentang Penyelenggaraan Pengadaan Tanah bagi Pembangunan untuk Kepentingan Umum, pemerintah mengingatkan agar setiap proses dilakukan secara cermat dan tidak menimbulkan persoalan hukum di kemudian hari.

Lewat arahannya Bupati Mahulu, menegaskan beberapa hal penting, di antaranya memastikan substansi laporan akhir telah memenuhi ketentuan administratif dan teknis, mengedepankan komunikasi yang humanis kepada masyarakat terdampak, serta menjamin validitas data lahan, status hukum, dan nilai ganti kerugian dilakukan secara objektif dan akuntabel.

Selain itu, seluruh tahapan pengadaan tanah yang meliputi perencanaan, persiapan, pelaksanaan, hingga penyerahan hasil diminta untuk dilaksanakan sesuai ketentuan perundang-undangan serta memperhatikan ketepatan waktu pelaksanaan.

Bupati juga meminta Dinas Parpora Mahulu selaku perangkat daerah teknis untuk memiliki proyeksi dan target yang jelas dalam pengembangan kawasan tersebut, mengingat Sentra Pariwisata Batoq Tenevang diproyeksikan menjadi salah satu sumber Pendapatan Asli Daerah (PAD) Kabupaten Mahulu.

Mengakhiri sambutannya, Bupati menyampaikan apresiasi kepada Dinas Parpora, LPKU ITN Malang, serta seluruh tim yang telah berkontribusi dalam penyusunan dokumen perencanaan tersebut. (Prokopim/tha)

Berita TerkiniBidang Ekonomi dan PembangunanPariwisata

Alamat email Anda tidak akan dipublikasikan. Ruas yang wajib ditandai *

Simpan nama, email, dan situs web saya pada peramban ini untuk komentar saya berikutnya.",#PressRelease #Pembangunan #Pemerintahan #Ekonomi #Kesehatan #Pendidikan #Pertanian #Sosial #Pariwisata #Pengumuman #BeritaTerkini #BidangEkonomidanPembangunan #BidangPemerintahandanKesejahteraanRakyat #Pembinaan #PenanggulanganBencana #Perhubungan #BantuanSosial,182,https://prokopim.mahakamulukab.go.id/pemkab-mahulu-matangkan-pengadaan-tanah-sentra-pariwisata-batoq-tenevang-lewat-presentasi-lapkir-perencanaan-pengadaan-tanah-tahap-ii/
"Bupati Tinjau Pelaksanaan MPLS PAUD, Dorong Pembelajaran yang Aman dan Menyenangkan",https://prokopim.mahakamulukab.go.id/wp-content/uploads/2026/07/Cover-Berita-Edit-202625.jpg,images\066_bupati-tinjau-pelaksanaan-mpls-paud-dorong-pembelajaran-yang.jpg,Adm,2026-07-22,"Ujoh Bilang – Bupati Mahakam Ulu (Mahulu), Angela Idang Belawan, melaksanakan monitoring dan evaluasi Masa Pengenalan Lingkungan Sekolah (MPLS) Pendidikan Anak Usia Dini (PAUD) Tahun Ajaran 2026/2027 di TK Merpati dan TK Negeri Pembina, Ujoh Bilang, Rabu (22/07/2026).

Kedatangan Bupati di kedua sekolah disambut dengan ceria oleh para murid PAUD bersama guru. Dalam suasana yang hangat dan penuh keakraban, Bupati menyapa serta berinteraksi langsung dengan anak-anak sebelum meninjau pelaksanaan MPLS dan kondisi lingkungan belajar.

Kegiatan yang diselenggarakan Dinas Pendidikan dan Kebudayaan (Disdikbud) Kabupaten Mahulu tersebut menjadi bagian dari upaya memastikan pelaksanaan MPLS berlangsung dengan baik sekaligus melihat kebutuhan pendukung pendidikan anak usia dini.

Saat mengunjungi TK Merpati, Bupati berharap MPLS menjadi awal yang baik bagi anak-anak dalam menjalani proses pendidikan selama satu tahun ke depan. Pembelajaran diharapkan berlangsung sesuai kebutuhan dan tahap perkembangan anak dalam suasana yang menyenangkan.

“Saya berharap, mulai dari MPLS hingga proses pendidikan selama satu tahun ke depan, anak-anak mendapatkan pembelajaran yang sesuai dengan kebutuhan mereka sehingga dapat terus bermain dan belajar dengan riang,” ujar Bupati.

Menurut Bupati, pembelajaran yang kreatif akan membantu anak menyerap pengetahuan dan mengembangkan kemampuan dasar sebagai bekal memasuki jenjang sekolah dasar. Proses tersebut perlu didukung melalui pendampingan yang berkelanjutan, baik di lingkungan sekolah maupun keluarga.

Dalam hal ini, Angela Idang Belawan menegaskan bahwa pendidikan anak tidak dapat sepenuhnya diserahkan kepada sekolah. Orang tua memiliki peran penting dalam mendampingi proses belajar, mengenali bakat dan minat serta membantu mengembangkan potensi anak.

“Kepada para orang tua, saya berpesan agar tidak hanya mengandalkan sekolah. Dampingi dan didik anak di rumah, dukung mereka sesuai bakat, minat, dan potensinya serta tanamkan rasa hormat kepada guru,” pesannya.

Selanjutnya, saat meninjau TK Negeri Pembina, Bupati menyampaikan bahwa peningkatan layanan PAUD membutuhkan dukungan bersama dari pemerintah dan masyarakat. Dukungan tersebut diperlukan untuk menghadirkan lingkungan belajar dan fasilitas bermain yang lebih layak bagi anak-anak.

Selain peningkatan fasilitas, kualitas pendampingan terhadap anak juga menjadi perhatian. Untuk itu, Bupati berencana bekerja sama dengan Disdikbud Mahulu dalam menyelenggarakan pelatihan bagi guru dan orang tua.

Pelatihan tersebut diarahkan untuk memperkuat pemahaman dan kolaborasi dalam mendidik serta mendampingi anak, termasuk anak yang memiliki kebutuhan khusus. Dengan pendampingan yang tepat dan berkelanjutan, anak-anak diharapkan dapat tumbuh dan berkembang dengan baik serta lebih siap menjalani setiap tahap pendidikan.

Turut mendampingi Bupati dalam kegiatan tersebut, Kepala Disdikbud Mahulu, Samson Batang, S.Sos., M.Si., dan Kepala Bidang PAUD dan Pendidikan Nonformal, Suyati, S.H.I., beserta jajaran. (Prokopim)

Berita TerkiniBidang Pemerintahan dan Kesejahteraan RakyatPendidikan

Alamat email Anda tidak akan dipublikasikan. Ruas yang wajib ditandai *

Simpan nama, email, dan situs web saya pada peramban ini untuk komentar saya berikutnya.",#PressRelease #Pembangunan #Pemerintahan #Ekonomi #Kesehatan #Pendidikan #Pertanian #Sosial #Pariwisata #Pengumuman #BeritaTerkini #BidangPemerintahandanKesejahteraanRakyat #Pembinaan #BidangEkonomidanPembangunan #PenanggulanganBencana #Perhubungan #BantuanSosial,176,https://prokopim.mahakamulukab.go.id/bupati-tinjau-pelaksanaan-mpls-paud-dorong-pembelajaran-yang-aman-dan-menyenangkan/
Laporan Hasil Analisa Laboratorium Kualitas Air Sungai Kabupaten Mahakam Ulu Semester 1 Tahun 2026,https://prokopim.mahakamulukab.go.id/wp-content/uploads/2026/08/Cover.jpg,images\067_laporan-hasil-analisa-laboratorium-kualitas-air-sungai-kabup.jpg,Admin,2026-07-21,"Puji syukur kami panjatkan ke hadirat Tuhan Yang Maha Esa karena atas rahmat dan karunia-Nya, kegiatan analisa laboratorium kualitas air sungai Kabupaten Mahakam Ulu Semester 1 Tahun 2026 dapat dilaksanakan dengan baik dan laporan penyelesaian jasa analisa ini dapat disusun serta diselesaikan tepat pada waktunya.

Laporan ini disusun sebagai bentuk pertanggungjawaban pelaksanaan jasa analisa laboratorium terhadap sampel kualitas air sungai yang berasal dari beberapa titik di wilayah Kabupaten Mahakam Ulu. Kegiatan ini bertujuan untuk memperoleh data kualitas air yang akurat dan dapat dipertanggungjawabkan guna mendukung evaluasi kondisi lingkungan perairan serta menjadi bahan pertimbangan dalam pengelolaan dan pengendalian kualitas lingkungan hidup.

Dalam pelaksanaan kegiatan analisa laboratorium hingga penyusunan laporan ini, berbagai pihak telah memberikan dukungan, bantuan, dan kerja sama yang baik. Oleh karena itu, kami menyampaikan terima kasih kepada seluruh pihak yang telah berkontribusi dalam pelaksanaan kegiatan ini, baik secara langsung maupun tidak langsung.

Kami menyadari bahwa laporan ini masih memiliki keterbatasan dan belum sempurna. Oleh karena itu, kritik dan saran yang bersifat membangun sangat kami harapkan demi perbaikan dan penyempurnaan laporan di masa mendatang.

Semoga laporan ini dapat memberikan manfaat dan menjadi sumber informasi yang berguna bagi seluruh pihak yang berkepentingan dalam upaya pengelolaan dan pelestarian kualitas air sungai di Kabupaten Mahakam Ulu.

Laporan Lengkapnya dapat dibuka pada tautan berikut ini : LAPORAN ANALISA SAMPEL KUALITAS AIR SUNGAI SEMESTER I TAHUN 2026

Alamat email Anda tidak akan dipublikasikan. Ruas yang wajib ditandai *

Simpan nama, email, dan situs web saya pada peramban ini untuk komentar saya berikutnya.",#PressRelease #Pembangunan #Pemerintahan #Ekonomi #Kesehatan #Pendidikan #Pertanian #Sosial #Pariwisata #Pengumuman #Uncategorized,56,https://prokopim.mahakamulukab.go.id/laporan-hasil-analisa-laboratorium-kualitas-air-sungai-kabupaten-mahakam-ulu-semester-1-tahun-2026/
"Bupati Lantik Petinggi Periode 2026-2034, Tekankan Integritas dan Pelayanan Masyarakat",https://prokopim.mahakamulukab.go.id/wp-content/uploads/2026/07/Cover-Berita-Edit-202623.jpg,images\068_bupati-lantik-petinggi-periode-2026-2034-tekankan-integritas.jpg,Adm,2026-07-21,"Ujoh Bilang – Bupati Mahakam Ulu (Mahulu), Angela Idang Belawan, mengambil sumpah/janji jabatan dan melantik Petinggi Terpilih Periode 2026-2034 hasil Pemilihan Petinggi Kampung Serentak Tahun 2026. Pelantikan berlangsung di Ballroom Lantai III Kantor Bupati Mahulu, Selasa (21/07/2026).

Sebanyak 27 Petinggi yang dilantik terdiri atas 24 Petinggi terpilih, satu Petinggi Pengganti Antar Waktu (PAW), dan dua Penjabat Petinggi (Pj). Pelantikan tersebut menjadi peneguhan atas amanah, tanggung jawab, dan kepercayaan masyarakat kepada para Petinggi dalam memimpin penyelenggaraan pemerintahan dan pembangunan kampung.

Mengawali sambutannya, Bupati menyampaikan ucapan selamat kepada para Petinggi yang telah dilantik. Ia berharap amanah tersebut dijalankan dengan penuh integritas serta diikuti komitmen untuk meningkatkan kesejahteraan masyarakat.

“Manfaatkan amanah ini dengan menunjukkan kinerja yang berkualitas melalui inovasi serta pelayanan yang lebih baik, cepat, mudah, terbuka, dan ramah kepada setiap warga,” tegas Bupati.

Angela Idang Belawan juga meminta Pemerintah Kampung segera menyusun Rencana Pembangunan Jangka Menengah Kampung (RPJM Kampung) dan menyelaraskannya dengan dokumen perencanaan pembangunan daerah. Sinkronisasi tersebut diperlukan agar arah pembangunan kampung sejalan dengan prioritas pembangunan Kabupaten Mahakam Ulu.

Selain itu, para Petinggi diminta menggali potensi Pendapatan Asli Desa (PAD) serta mengoptimalkan lembaga ekonomi yang ada di kampung. Pengelolaan dana desa juga harus dilaksanakan secara transparan, akuntabel, dan sesuai dengan ketentuan peraturan perundang-undangan.

“Jangan melakukan penyimpangan terhadap dana desa dan jangan melakukan pungutan liar maupun gratifikasi. Saya tidak ingin amanah ini justru menjadi celah bagi para Petinggi untuk menyalahgunakan dana desa,” pesan Bupati.

Dalam menjalankan pemerintahan kampung, Bupati mengingatkan para Petinggi agar mengedepankan budaya kebersamaan dan membangun kemitraan dengan Badan Permusyawaratan Kampung (BPK). “BPK bukanlah pesaing Petinggi, melainkan mitra kerja dalam membangun kampung,” ujarnya.

Bupati turut meminta Petinggi merangkul dan memberdayakan Satuan Perlindungan Masyarakat (Satlinmas) Kampung. Keberadaan Satlinmas diharapkan dapat semakin berperan dalam melindungi masyarakat dari bencana, gangguan ketertiban umum, dan gangguan sosial lainnya.

Menutup sambutannya, Angela Idang Belawan mengajak seluruh Petinggi menjaga kepercayaan masyarakat dengan bekerja sesuai aturan dan memberikan pelayanan terbaik. Hal tersebut diharapkan mampu mendorong kemajuan kampung serta mendukung terwujudnya Mahakam Ulu Melaju: Maju, Merata, dan Berkelanjutan.

Pelantikan tersebut turut dihadiri, Sekretaris Komisi I DPRD Mahulu, Flesia Win, S.E., Sekretaris Daerah Mahulu, Dr. Stephanus Madang, S.Sos., M.M., Asisten Bidang Pemerintahan dan Kesejahteraan Rakyat, drg. Agustinus Teguh Santoso, M.Adm.Kes., serta para Kepala Organisasi Perangkat Daerah dan beragam elemen masyarakat. (Prokopim)

Berita TerkiniBidang Pemerintahan dan Kesejahteraan RakyatPelantikanPelayananPemerintahan

Alamat email Anda tidak akan dipublikasikan. Ruas yang wajib ditandai *

Simpan nama, email, dan situs web saya pada peramban ini untuk komentar saya berikutnya.",#PressRelease #Pembangunan #Pemerintahan #Ekonomi #Kesehatan #Pendidikan #Pertanian #Sosial #Pariwisata #Pengumuman #BeritaTerkini #BidangPemerintahandanKesejahteraanRakyat #Pelantikan #Pelayanan #Pembinaan #BidangEkonomidanPembangunan #PenanggulanganBencana #Perhubungan #BantuanSosial,135,https://prokopim.mahakamulukab.go.id/bupati-lantik-petinggi-periode-2026-2034-tekankan-integritas-dan-pelayanan-masyarakat/
"Gelar TTG XII, Wabup Mahulu : Pemkab Mahulu Dorong Pemanfaatan Teknologi Tepat Guna Untuk Dukung Kesejahteraan Masyarakat",https://prokopim.mahakamulukab.go.id/wp-content/uploads/2026/07/Cover-Berita-22.jpg,images\069_gelar-ttg-xii-wabup-mahulu-pemkab-mahulu-dorong-pemanfaatan-.jpg,Adm,2026-07-21,"Kutai Barat – Pemerintah Kabupaten (Pemkab) Mahakam Ulu (Mahulu) terus berkomitmen mendorong peningkatan perekonomian masyarakat melalui pengembangan dan penerapan Teknologi Tepat Guna (TTG), sekaligus memperkuat inovasi daerah melalui partisipasi dalam berbagai ajang pameran tingkat provinsi.

Hal tersebut disampaikan Wakil Bupati (Wabup) Mahakam Ulu (Mahulu), Suhuk, S.E., saat mewakili Bupati Mahakam Ulu, Angela Idang Belawan, menghadiri pembukaan Gelar Teknologi Tepat Guna (TTG) XII Tingkat Provinsi Kalimantan Timur yang berlangsung di Taman Budaya Sendawar (TBS), Kabupaten Kutai Barat, Selasa (21/07/2026) pagi.

Menurutnya, pada Gelar TTG tahun ini Kabupaten Mahakam Ulu menampilkan sejumlah inovasi teknologi yang diharapkan mampu memberikan manfaat langsung bagi masyarakat.

“Untuk tahun ini Mahulu membawa beberapa inovasi, di antaranya alat pencacah dan alat dongkrak multifungsi. Alat dongkrak ini sangat relevan dengan kondisi wilayah Mahulu yang kerap mengalami banjir. Fungsinya untuk membantu mengangkat barang-barang ke tempat yang lebih tinggi saat terjadi banjir, sehingga masyarakat, khususnya ibu-ibu yang berada di rumah ketika suaminya bekerja di luar daerah, dapat lebih mudah menyelamatkan barang-barang berharga,” jelasnya.

Selain memamerkan inovasi teknologi, Mahakam Ulu juga menampilkan berbagai produk unggulan UMKM yang berasal dari sejumlah kampung. Menurutnya, produk-produk tersebut menjadi salah satu sarana untuk memperkenalkan potensi daerah sekaligus meningkatkan kesejahteraan masyarakat.

“Kami terus mengembangkan produk-produk UMKM agar semakin dikenal di luar daerah. Harapannya, melalui produk-produk ini perekonomian masyarakat, khususnya para ibu rumah tangga dan pelaku UMKM, dapat terus meningkat,” ujarnya.

Lebih lanjut Suhuk menyampaikan bahwa Pemerintah Kabupaten Mahulu juga terus melakukan pengembangan berbagai inovasi lainnya, termasuk pemanfaatan limbah menjadi produk bernilai ekonomi, seperti paving block hasil kerja sama dengan instansi terkait. Meski masih menghadapi keterbatasan bahan baku sehingga belum dapat diproduksi dalam skala besar, penelitian dan pengembangannya tetap dilanjutkan.

“Saat ini kami juga masih melakukan pengembangan dan penelitian bersama TP PKK terkait inovasi lainnya, pembuatan Biosolar, sehingga ke depan diharapkan semakin banyak teknologi tepat guna yang dapat dimanfaatkan masyarakat dan memberikan nilai tambah bagi pembangunan daerah,” pungkasnya. (Prokopim/aim)

Berita TerkiniBidang Ekonomi dan PembangunanEkonomiPembangunan

Alamat email Anda tidak akan dipublikasikan. Ruas yang wajib ditandai *

Simpan nama, email, dan situs web saya pada peramban ini untuk komentar saya berikutnya.",#PressRelease #Pembangunan #Pemerintahan #Ekonomi #Kesehatan #Pendidikan #Pertanian #Sosial #Pariwisata #Pengumuman #BeritaTerkini #BidangEkonomidanPembangunan #BidangPemerintahandanKesejahteraanRakyat #Pembinaan #PenanggulanganBencana #Perhubungan #BantuanSosial,162,https://prokopim.mahakamulukab.go.id/gelar-ttg-xii-wabup-mahulu-pemkab-mahulu-dorong-pemanfaatan-teknologi-tepat-guna-untuk-dukung-kesejahteraan-masyarakat/
Pemkab Mahulu Perkuat Dukungan UMKM Melalui Gelar Teknologi Tepat Guna XII Kaltim,https://prokopim.mahakamulukab.go.id/wp-content/uploads/2026/07/Cover-Berita-13.jpg,images\070_pemkab-mahulu-perkuat-dukungan-umkm-melalui-gelar-teknologi-.jpg,Adm,2026-07-21,"Kutai Barat – Mewakili Bupati Mahakam Ulu (Mahulu) Angela Idang Belawan, Wakil Bupati (Wabup) Mahulu, Suhuk, S.E., menghadiri pembukaan Gelar Teknologi Tepat Guna (TTG) XII Tingkat Provinsi Kalimantan Timur yang digelar di Taman Budaya Sendawar (TBS), Kabupaten Kutai Barat, Selasa (21/07/2026) pagi.

Kegiatan yang berlangsung pada 20–23 Juli 2026 tersebut di buka Kepala Dinas Pemberdayaan Masyarakat dan Pemerintahan Desa (DPMPD) Provinsi Kaltim Siti Sugiyanti, S.E., M.Si. menjadi ajang tahunan yang mempertemukan inovasi teknologi tepat guna dari sembilan kabupaten/kota se-Kalimantan Timur. Acara ini turut dihadiri jajaran Pemerintah Provinsi Kalimantan Timur, pemerintah kabupaten/kota, akademisi, pelaku usaha, serta berbagai elemen masyarakat.

Gelar TTG XII mengusung semangat pemanfaatan teknologi yang sederhana, inovatif, dan mudah diterapkan untuk menjawab kebutuhan masyarakat. Berbagai inovasi ditampilkan melalui pameran teknologi yang diharapkan mampu meningkatkan produktivitas, mendorong pertumbuhan ekonomi daerah, serta memperkuat kolaborasi antara pemerintah, dunia usaha, akademisi, dan masyarakat.

Selain menjadi sarana pertukaran inovasi, kegiatan ini juga menjadi momentum bagi setiap daerah untuk memperkenalkan produk unggulan dan potensi lokal kepada masyarakat Kalimantan Timur, sehingga mampu membuka peluang kerja sama, investasi, dan pengembangan ekonomi berbasis sumber daya daerah.

Di sela kegiatan, saat dijumpai awak media Wabup Mahulu, menegaskan bahwa Pemerintah Kabupaten Mahulu terus berkomitmen mendukung pengembangan UMKM sebagai salah satu penggerak utama ekonomi masyarakat. Menurutnya, dukungan tersebut diwujudkan melalui program prioritas pemerintah, yakni Dana RT dan Dana Dasawisma, yang menjadi bagian dari visi dan misi pembangunan daerah.

“Dukungan kita kepada UMKM, khususnya di Mahakam Ulu, salah satunya melalui program Dana RT dan Dana Dasawisma. Harapannya, program ini dapat membantu masyarakat mengembangkan usaha, baik di bidang kuliner, kerajinan tangan, pembuatan pakaian adat, topi, maupun produk kreatif lainnya,” ujarnya.

Suhuk menjelaskan bahwa Dana Dasawisma diarahkan untuk memberdayakan kelompok-kelompok perempuan di lingkungan RT agar memiliki kegiatan produktif yang mampu meningkatkan pendapatan keluarga. Pemerintah menargetkan minimal setiap RT memiliki satu kelompok Dasawisma yang aktif menjalankan usaha produktif.

“Dengan adanya kelompok Dasawisma di setiap RT, kita ingin ibu-ibu memiliki wadah untuk berkarya dan berusaha bersama. Jika dalam satu RT bisa terbentuk lebih dari satu kelompok, tentu akan lebih baik karena manfaatnya akan semakin luas bagi masyarakat,” tambahnya.

Melalui keikutsertaan pada Gelar TTG XII Kalimantan Timur, Pemerintah Kabupaten Mahulu berharap inovasi teknologi tepat guna dapat terus berkembang dan diadaptasi sesuai kebutuhan masyarakat. Sinergi antara inovasi teknologi dan pemberdayaan UMKM diharapkan mampu memperkuat perekonomian daerah, meningkatkan kesejahteraan masyarakat, serta mendukung terwujudnya visi Mahulu Melaju (Maju, Merata, Berkelanjutan). (Prokopim/aim)

Berita TerkiniBidang Ekonomi dan PembangunanEkonomiPembangunan

Alamat email Anda tidak akan dipublikasikan. Ruas yang wajib ditandai *

Simpan nama, email, dan situs web saya pada peramban ini untuk komentar saya berikutnya.",#PressRelease #Pembangunan #Pemerintahan #Ekonomi #Kesehatan #Pendidikan #Pertanian #Sosial #Pariwisata #Pengumuman #BeritaTerkini #BidangEkonomidanPembangunan #BidangPemerintahandanKesejahteraanRakyat #Pembinaan #PenanggulanganBencana #Perhubungan #BantuanSosial,165,https://prokopim.mahakamulukab.go.id/pemkab-mahulu-perkuat-dukungan-umkm-melalui-gelar-teknologi-tepat-guna-xii-kaltim/
Pemkab Mahulu Gelar Seleksi Terbuka JPT Pratama 2026,https://prokopim.mahakamulukab.go.id/wp-content/uploads/2026/07/Cover-Berita-Edit-202624.jpg,images\071_pemkab-mahulu-gelar-seleksi-terbuka-jpt-pratama-2026.jpg,Adm,2026-07-21,"Samarinda – Menjadi langkah strategis dalam memperkuat kualitas birokrasi melalui penerapan sistem merit yang transparan dan akuntabel. Bupati Mahakam Ulu (Mahulu) Angela Idang Belawan, dalam hal ini diwakili Asisten Bidang Administrasi Umum (Asisten III) Setkab Mahulu, Kristina Tening, S.H., M.Si., secara resmi membuka Seleksi Terbuka Pengisian Jabatan Pimpinan Tinggi (JPT) Pratama di Lingkungan Pemerintah Kabupaten (Pemkab) Mahulu Tahun 2026. Bertempat di ruang CAT Kantor UPTD Penilaian Kompetensi Pegawai Badan Kepegawaian Daerah (BKD) Provinsi Kaltim, Jalan Kartini Nomor 13, Samarinda. Selasa (21/07/2026)

Hadir dalam kesempatan ini, Plt. Kepala BKD Provinsi Kaltim, Yuli Fitriyanti, S.Psi., M.Si., Kepala UPTD Penilaian Kompetensi Pegawai BKD Provinsi Kaltim, dalam hal ini diwakili Kasi Pengujian dan Penilaian, Hariyanti, S. Psi., Psikolog. Selaku Ketua Tim Penilaian, Drs. Sutrisno, M.Si., serta Pengawas di lingkup UPTD Penilaian Kompetensi Pegawai BKD Provinsi Kaltim, dan para Asesor Muda dan Asesor Utama. Hadir secara virtual Administrator Kegiatan, Annisa Fitriasari, S.Pi., M.A., Psikolog.

Dalam sambutan Bupati yang dibacakan Asisten III, ditegaskan bahwa pelaksanaan seleksi terbuka ini merupakan wujud nyata komitmen Pemerintah Kabupaten Mahakam Ulu dalam menghadirkan tata kelola pemerintahan yang profesional, objektif, dan kompetitif.

“Seleksi ini bukan sekadar pengisian jabatan, tetapi upaya serius untuk memastikan bahwa setiap posisi strategis diisi oleh figur terbaik yang memiliki integritas, profesionalisme, dan loyalitas tinggi dalam melayani masyarakat,” tegasnya.

Lebih lanjut disampaikan, pejabat JPT Pratama memiliki peran krusial sebagai motor penggerak pembangunan daerah. Mereka dituntut mampu menerjemahkan visi dan misi kepala daerah ke dalam program nyata yang berdampak langsung pada kesejahteraan masyarakat.

“Mahakam Ulu membutuhkan pemimpin yang tidak hanya cerdas secara intelektual, tetapi juga kuat secara moral, adaptif terhadap perubahan, serta mampu menghadirkan inovasi dalam tata kelola pemerintahan,” lanjutnya.

Kepada seluruh peserta seleksi, Bupati melalui sambutan tersebut mendorong agar momen ini dimanfaatkan secara maksimal untuk menunjukkan kapasitas, rekam jejak, serta komitmen pengabdian terbaik bagi daerah.

Tak hanya itu, kepada Panitia Seleksi dan Tim Asesor juga diberikan penegasan agar menjalankan tugas secara independen, adil, dan profesional, guna menghasilkan kader-kader terbaik yang mampu menjawab tantangan pembangunan daerah ke depan.

Menutup arahannya, Bupati berharap agar seluruh proses berjalan lancar dan menghasilkan pemimpin birokrasi yang berintegritas dan visioner. Dan menjadi titik tolak penguatan reformasi birokrasi di Kabupaten Mahulu menuju pemerintahan yang semakin profesional, bersih, dan berorientasi pada pelayanan publik.

Dalam kegiatan ini, diikuti peserta yang telah dinyatakan lulus seleksi administrasi sebagaimana tertuang dalam Pengumuman Nomor: 009/ST-JPTP-MU/VII/2026, tentang Hasil Seleksi Administrasi dan Tahapan Selanjutnya Seleksi Terbuka Pengisian Jabatan Pimpinan Tinggi Pratama Di Lingkungan Pemerintah kabupaten Mahakam Ulu Tahun 2026. Bagi peserta yang lulus, mengikuti tahapan berikutnya yakin tahapan penulisan makalah, kemudian melanjutkan ke tahap seleksi kompetensi (assessment) dan selanjutnya, peserta juga akan mengikuti tahapan presentasi makalah dan wawancara. (Prokopim/tha)

Berita TerkiniBidang Administrasi UmumKepegawaianPemerintahan

Alamat email Anda tidak akan dipublikasikan. Ruas yang wajib ditandai *

Simpan nama, email, dan situs web saya pada peramban ini untuk komentar saya berikutnya.",#PressRelease #Pembangunan #Pemerintahan #Ekonomi #Kesehatan #Pendidikan #Pertanian #Sosial #Pariwisata #Pengumuman #BeritaTerkini #BidangAdministrasiUmum #Kepegawaian #BidangPemerintahandanKesejahteraanRakyat #Pembinaan #BidangEkonomidanPembangunan #PenanggulanganBencana #Perhubungan #BantuanSosial,81,https://prokopim.mahakamulukab.go.id/pemkab-mahulu-gelar-seleksi-terbuka-jpt-pratama-2026/
Pemkab Mahulu Perkuat Tata Kelola Lingkungan Melalui Penyusunan Rencana Induk Pengelolaan Sampah,https://prokopim.mahakamulukab.go.id/wp-content/uploads/2026/07/Cover-Berita-Edit-202622.jpg,images\072_pemkab-mahulu-perkuat-tata-kelola-lingkungan-melalui-penyusu.jpg,Adm,2026-07-20,"Ujoh Bilang – Mewakili Bupati Mahakam Ulu (Mahulu), Angela Idang Belawan, Sekretaris Daerah (Sekda), Mahulu, Dr. Stephanus Madang, S.Sos., M.M., membuka Seminar Awal Penyusunan Dokumen Rencana Induk Pengelolaan Sampah (RIPS) Kabupaten Mahulu yang berlangsung di Ballroom Lantai III Kantor Bupati Mahulu, Senin (20/07/2026).

Kegiatan yang digelar Dinas Lingkungan Hidup (DLH) Mahulu tersebut, menjadi forum konsultasi dan koordinasi antara Pemerintah Kabupaten Mahulu bersama para pemangku kepentingan dalam menghimpun masukan untuk penyempurnaan Dokumen RIPS. Dokumen tersebut akan menjadi pedoman jangka panjang dalam menentukan arah kebijakan, strategi, dan program pengelolaan sampah di Kabupaten Mahulu.

Membacakan sambutan Bupati, Sekda menyampaikan bahwa keberhasilan pembangunan tidak hanya diukur dari bertambahnya infrastruktur maupun pertumbuhan ekonomi, tetapi juga dari kemampuan daerah dalam menjaga kualitas lingkungan sebagai ruang hidup bersama.

Dalam pernyataannya, pengelolaan sampah tidak lagi dipandang sebagai urusan kebersihan, tetapi menjadi bagian dari tata kelola pembangunan daerah yang berkelanjutan. Lingkungan yang bersih dan sehat akan mendukung kualitas kesehatan masyarakat, menjaga kelestarian sumber daya alam, meningkatkan daya tarik daerah, serta memberikan manfaat bagi generasi mendatang.

“Dokumen ini tidak boleh berhenti sebagai dokumen administratif semata, tetapi harus menjadi dasar dalam pengambilan kebijakan, penyusunan program, serta pelaksanaan pengelolaan sampah yang dapat diterapkan sesuai dengan kondisi dan karakteristik Kabupaten Mahakam Ulu,” tegas Bupati dalam sambutannya.

Lebih lanjut disampaikan, bahwa kedudukan Mahulu sebagai salah satu paru-paru dunia tidak hanya menjadi kebanggaan, tetapi juga menghadirkan tanggung jawab besar dalam menjaga kelestarian lingkungan. Karena itu, setiap langkah pembangunan perlu memperhatikan keseimbangan antara kemajuan daerah dan kelestarian lingkungan agar manfaatnya dapat dirasakan masyarakat saat ini maupun generasi yang akan datang.

Stephanus Madang dalam sambutan Bupati, menekankan bahwa keberhasilan pengelolaan sampah memerlukan komitmen dan sinergi seluruh pemangku kepentingan. Tanggung jawab tersebut tidak hanya berada pada Dinas Lingkungan Hidup, tetapi membutuhkan keterlibatan perangkat daerah, pemerintah kampung, pelaku usaha, dan masyarakat.

Melalui seminar awal tersebut, seluruh peserta diharapkan dapat menyamakan persepsi, memperkaya gagasan, serta membangun kesepahaman mengenai arah pengelolaan sampah di Mahulu. Berbagai masukan yang dihimpun akan menjadi bahan penyempurnaan agar Dokumen RIPS mampu menjawab kebutuhan daerah dan dapat diterapkan secara optimal.

Lewat Sambutannya Bupati turut menyampaikan apresiasi kepada DLH dan Tim Tenaga Ahli Universitas Mulawarman yang mendampingi proses penyusunan Dokumen RIPS. Dokumen yang dihasilkan diharapkan menjadi landasan untuk mewujudkan pengelolaan sampah yang semakin efektif, terpadu, dan berkelanjutan guna mendukung terwujudnya “Mahulu Melaju: Maju, Merata, Berkelanjutan”.

Turut hadir dalam kegiatan tersebut Asisten Bidang Pemerintahan dan Kesejahteraan Rakyat, drg. Agustinus Teguh Santoso, M.Adm.Kes., Kepala Dinas Lingkungan Hidup Kabupaten Mahulu, Solman, S.Hut., M.Si., Kepala Pelaksana BPBD Kabupaten Mahulu, Agus Darmawan, S.Pd., M.Si., Camat Long Bagun, Bonifasius, S.Hut., Tenaga Ahli Universitas Mulawarman, Ir. Juli Nurdiana, S.T., M.Sc., IPU., ASEAN Eng., serta perangkat daerah dan peserta seminar lainnya. (Prokopim)

Berita TerkiniBidang Ekonomi dan PembangunanLingkunganPembangunan

Alamat email Anda tidak akan dipublikasikan. Ruas yang wajib ditandai *

Simpan nama, email, dan situs web saya pada peramban ini untuk komentar saya berikutnya.",#PressRelease #Pembangunan #Pemerintahan #Ekonomi #Kesehatan #Pendidikan #Pertanian #Sosial #Pariwisata #Pengumuman #BeritaTerkini #BidangEkonomidanPembangunan #Lingkungan #BidangPemerintahandanKesejahteraanRakyat #Pembinaan #PenanggulanganBencana #Perhubungan #BantuanSosial,73,https://prokopim.mahakamulukab.go.id/pemkab-mahulu-perkuat-tata-kelola-lingkungan-melalui-penyusunan-rencana-induk-pengelolaan-sampah/
"Buka Seleksi Beasiswa Pascasarjana, Bupati Mahulu Tegaskan Komitmen Cetak SDM Unggul Bagi Daerah",https://prokopim.mahakamulukab.go.id/wp-content/uploads/2026/07/Cover-Berita-Edit-202621.jpg,images\073_buka-seleksi-beasiswa-pascasarjana-bupati-mahulu-tegaskan-ko.jpg,Adm,2026-07-18,"Samarinda – Bupati Mahakam Ulu (Mahulu), Angela Idang Belawan secara resmi membuka Tes Akademik Calon Mahasiswa Baru Kerjasama Kabupaten Mahulu dengan Universitas Mulawarman (Unmul), pada Program Studi Ilmu Magister Manajemen Pendidikan Fakultas Ilmu Keguruan (FKIP) dan Program Studi Magister Ilmu Pemerintahan Fakultas Ilmu Sosial dan Ilmu Politik (Fisipol), yang berlangsung di Ruang Utama Dekanat FKIP Unmul. Sabtu (18/07/2026)

Pada kesempatan ini hadir bersama Bupati Mahulu, Asisten Bidang Administrasi Umum (Asisten III) Setkab Mahulu, Kristina Tening, S.H., M.Si., Kepala Dinas Pendidikan dan Kebudayaan Mahulu, Samson Batang, S.Sos, M.Si dan jajaran.

Membuka sambutannya Bupati menerangkan bahwa program beasiswa pascasarjana merupakan investasi strategis pemerintah daerah dalam menyiapkan sumber daya manusia (SDM) unggul sebagai motor penggerak pembangunan Mahakam Ulu ke depan.

“Program beasiswa pasca sarjana ini adalah investasi strategis pemerintah daerah untuk menyiapkan generasi intelektual dan calon pemimpin yang akan menjadi motor penggerak pembangunan Mahakam Ulu di masa depan,” tegasnya.

Angela Idang Belawan menekankan bahwa program ini akan dilaksanakan secara bertahap dan berkelanjutan, menyesuaikan kebutuhan pembangunan daerah serta kemampuan keuangan daerah setiap tahunnya.

Lebih lanjut disampaikan, tantangan pembangunan Mahakam Ulu ke depan menuntut lompatan kualitas SDM yang berbasis ilmu pengetahuan, inovasi, dan teknologi, sehingga keberadaan program beasiswa ini menjadi sangat penting dan relevan.

Kepada seluruh peserta seleksi, Bupati mengingatkan bahwa kesempatan memperoleh beasiswa tidak semata untuk kepentingan pribadi maupun peningkatan jenjang karir sebagai Aparatur Sipil Negara (ASN), tetapi merupakan bentuk pengabdian nyata bagi kemajuan daerah.

“Kesempatan ini bukan hanya untuk kepentingan pribadi, tetapi bentuk pengabdian bagi kemajuan pembangunan di Kabupaten Mahakam Ulu, melalui peningkatan kualitas pelayanan publik dan tata kelola pemerintahan,” ujarnya.

Ia berharap ilmu dan kompetensi yang diperoleh nantinya dapat kembali dipersembahkan kepada masyarakat, melalui peningkatan kualitas pelayanan publik, penguatan tata kelola pemerintahan, serta berbagai inovasi yang memberikan manfaat nyata bagi pembangunan daerah.

Dalam kesempatan tersebut, Bupati juga menegaskan bahwa seluruh tahapan seleksi akan dilaksanakan secara objektif, transparan, profesional, dan akuntabel, tanpa intervensi dari pihak manapun.

“Peserta yang dinyatakan lulus benar-benar merupakan kandidat terbaik, the best of the best,” tegasnya.

Bupati turut memberikan motivasi kepada peserta yang belum berhasil agar tidak berkecil hati dan menjadikan proses seleksi sebagai bahan evaluasi untuk meningkatkan kualitas diri pada kesempatan berikutnya.

Menutup sambutannya, Angela menegaskan bahwa pendidikan merupakan pondasi utama dalam membangun masa depan daerah, sekaligus mengajak seluruh peserta untuk mengikuti seleksi dengan penuh integritas dan menunjukkan kemampuan terbaik.

Kegiatan ini diharapkan menjadi langkah konkret dalam melahirkan SDM unggul dan berintegritas guna mendorong percepatan pembangunan serta mewujudkan Mahakam Ulu yang semakin maju dan berdaya saing.

Turut menghadiri dalam kegiatan ini, Wakil Rektor Bidang Akademik Unmul, Prof. Dr. Lambang Subagiyo, M.Si., Wakil Dekan Umum, SDM, dan Keuangan FKIP Unmul, Prof. Dr. Mukhamad Nurhadi, M.Si., Wakil Dekan Kemahasiswaan, Alumni dan Kerjasama Fisipol Unmul, Daryono, S.Sos., M.Si., Ph.D., Koordinator Program Studi Magister Manajemen Pendidikan FKIP Unmul, Prof. Dr. Hj. Widyatmike Gede Mulawarman, M.Hum., dan Koordinator Program Studi Magister Ilmu Pemerintahan Fisipol Unmul, Dr. Muhammad Hairul Saleh, MA. (Prokopim/tha)

Berita TerkiniBidang Pemerintahan dan Kesejahteraan RakyatKerja SamaPendidikan

Alamat email Anda tidak akan dipublikasikan. Ruas yang wajib ditandai *

Simpan nama, email, dan situs web saya pada peramban ini untuk komentar saya berikutnya.",#PressRelease #Pembangunan #Pemerintahan #Ekonomi #Kesehatan #Pendidikan #Pertanian #Sosial #Pariwisata #Pengumuman #BeritaTerkini #BidangPemerintahandanKesejahteraanRakyat #KerjaSama #Pembinaan #BidangEkonomidanPembangunan #PenanggulanganBencana #Perhubungan #BantuanSosial,169,https://prokopim.mahakamulukab.go.id/buka-seleksi-beasiswa-pascasarjana-bupati-mahulu-tegaskan-komitmen-cetak-sdm-unggul-bagi-daerah/
"Bupati Mahulu Sampaikan Rancangan KUA-PPAS APBD 2027 Pada Rapat Paripurna, Tetapkan Arah Prioritas Pembangunan",https://prokopim.mahakamulukab.go.id/wp-content/uploads/2026/07/181.jpg,images\074_bupati-mahulu-sampaikan-rancangan-kua-ppas-apbd-2027-pada-ra.jpg,Adm,2026-07-17,"Samarinda– Pemerintah Kabupaten (Pemkab) Mahakam Ulu (Mahulu) bersama DPRD Kabupaten Mahulu, menggelar Rapat Paripurna dalam rangka Penyampaian Rancangan Kebijakan Umum Anggaran (KUA) serta Prioritas dan Plafon Anggaran Sementara (PPAS) APBD Tahun Anggaran 2027, di Ballroom Hotel Fugo Samarinda. Jumat ( 17/07/2026)

Dalam sambutannya, Bupati Mahulu, Angela Idang Belawan, menyampaikan bahwa penyusunan KUA dan PPAS merupakan tahapan strategis dalam proses perencanaan pembangunan daerah. Dokumen ini menjadi pedoman dalam menentukan arah kebijakan pembangunan serta prioritas program dan kegiatan yang akan dilaksanakan pada tahun anggaran 2027.

Bupati menegaskan bahwa penyusunan KUA-PPAS dilakukan dengan memperhatikan kondisi dan kebutuhan masyarakat, serta diselaraskan dengan prioritas pembangunan nasional dan provinsi. Selain itu, kebijakan anggaran juga diarahkan untuk mendukung peningkatan kesejahteraan masyarakat, pembangunan infrastruktur, serta penguatan sektor pelayanan dasar.

Lebih lanjut disampaikan, sinergi dan kolaborasi antara pemerintah daerah dan DPRD sangat diperlukan agar pembahasan KUA-PPAS dapat berjalan optimal dan tepat waktu, sehingga penetapan APBD Tahun Anggaran 2027 dapat dilaksanakan sesuai dengan ketentuan yang berlaku.

Rapat Paripurna ini menjadi langkah awal dalam proses pembahasan antara eksekutif dan legislatif sebelum nantinya disepakati bersama menjadi dasar penyusunan Rancangan APBD Tahun Anggaran 2027.

Mengakhiri sambutannya, Bupati Mahulu mengajak seluruh pihak untuk terus menjaga komitmen, kerja sama, dan semangat dalam membangun Kabupaten Mahakam Ulu yang lebih maju dan sejahtera.

“Semoga apa yang kita rencanakan dapat memberikan manfaat sebesar-besarnya bagi masyarakat Mahakam Ulu,” tutupnya. (Prokopim/tha)

Berita TerkiniBidang Ekonomi dan PembangunanParipurnaPembangunanPemerintahan

Alamat email Anda tidak akan dipublikasikan. Ruas yang wajib ditandai *

Simpan nama, email, dan situs web saya pada peramban ini untuk komentar saya berikutnya.",#PressRelease #Pembangunan #Pemerintahan #Ekonomi #Kesehatan #Pendidikan #Pertanian #Sosial #Pariwisata #Pengumuman #BeritaTerkini #BidangEkonomidanPembangunan #Paripurna #BidangPemerintahandanKesejahteraanRakyat #Pembinaan #PenanggulanganBencana #Perhubungan #BantuanSosial,96,https://prokopim.mahakamulukab.go.id/bupati-mahulu-sampaikan-rancangan-kua-ppas-apbd-2027-pada-rapat-paripurna-tetapkan-arah-prioritas-pembangunan/
"Paripurna Persetujuan Ranperda Pertanggungjawaban APBD 2025, Bupati Mahulu Sampaikan Apresiasi",https://prokopim.mahakamulukab.go.id/wp-content/uploads/2026/07/180.jpg,images\075_paripurna-persetujuan-ranperda-pertanggungjawaban-apbd-2025-.jpg,Adm,2026-07-17,"Samarinda – Bupati Mahakam Ulu (Mahulu), Angela Idang Belawan, menyampaikan apresiasi dan penghargaan kepada DPRD Kabupaten Mahakam Ulu (Mahulu) dalam Rapat Paripurna Pengambilan Keputusan dan Persetujuan Bersama terhadap Rancangan Peraturan Daerah (Ranperda) tentang Pertanggungjawaban Pelaksanaan APBD Tahun Anggaran 2025.

Rapat paripurna yang dipimpin langsung Ketua DPRD Mahulu, Devung Paran, Amd, Kep., S.H tersebut, menjadi momentum penting dalam proses akuntabilitas pengelolaan keuangan daerah, sekaligus memperkuat sinergi antara eksekutif dan legislatif dalam mendorong pembangunan daerah. Yang digelar di Ballroom Hotel Fugo Samarinda. Jumat (17/07/2026)

Dalam sambutannya, Bupati menegaskan bahwa berbagai capaian pembangunan yang telah diraih, baik dalam peningkatan pendapatan daerah, pengelolaan belanja, pengendalian inflasi, maupun efektivitas pembangunan, merupakan hasil kerja bersama seluruh pihak. Capaian tersebut menjadi energi positif bagi jajaran pemerintah daerah untuk terus melangkah membawa Kabupaten Mahakam Ulu menuju arah yang lebih maju, merata, dan berkelanjutan.

Bupati juga menyampaikan terima kasih dan penghargaan setinggi-tingginya kepada pimpinan dan seluruh anggota DPRD, fraksi-fraksi, serta Tim Anggaran Pemerintah Daerah (TAPD) yang telah merampungkan pembahasan Ranperda dengan penuh tanggung jawab.

Lebih lanjut disampaikan, sesuai dengan ketentuan peraturan perundang-undangan, Ranperda yang telah disetujui bersama akan disampaikan kepada Gubernur Kalimantan Timur untuk dilakukan evaluasi sebelum ditetapkan menjadi Peraturan Daerah Kabupaten Mahakam Ulu.

Mengakhiri sambutannya, Bupati berharap semangat kebersamaan dan kemitraan yang telah terjalin dapat terus dipertahankan dan diperkuat demi kemajuan Kabupaten Mahakam Ulu yang dicintai bersama.

Rapat paripurna tersebut diakhiri dengan penandatanganan persetujuan bersama antara Pemerintah Kabupaten Mahakam Ulu dan DPRD sebagai bentuk komitmen dalam mewujudkan tata kelola pemerintahan yang transparan dan akuntabel. (Prokopim/tha)

Berita TerkiniBidang Ekonomi dan PembangunanParipurnaPemerintahan

Alamat email Anda tidak akan dipublikasikan. Ruas yang wajib ditandai *

Simpan nama, email, dan situs web saya pada peramban ini untuk komentar saya berikutnya.",#PressRelease #Pembangunan #Pemerintahan #Ekonomi #Kesehatan #Pendidikan #Pertanian #Sosial #Pariwisata #Pengumuman #BeritaTerkini #BidangEkonomidanPembangunan #Paripurna #BidangPemerintahandanKesejahteraanRakyat #Pembinaan #PenanggulanganBencana #Perhubungan #BantuanSosial,65,https://prokopim.mahakamulukab.go.id/paripurna-persetujuan-ranperda-pertanggungjawaban-apbd-2025-bupati-mahulu-sampaikan-apresiasi/
"Rapat Paripurna DPRD, Bupati Mahulu Sampaikan Laporan Realisasi APBD Semester I 2026",https://prokopim.mahakamulukab.go.id/wp-content/uploads/2026/07/179.jpg,,Adm,2026-07-17,"Samarinda – Pemerintah Kabupaten (Pemkab) Mahakam Ulu (Mahulu), menyampaikan Laporan Realisasi Semester Pertama APBD Tahun Anggaran 2026 beserta Prognosis Enam Bulan Berikutnya dalam Rapat Paripurna ke-3 Masa Sidang II DPRD Kabupaten Mahulu.

Laporan tersebut disampaikan langsung oleh Bupati Mahulu, Angela Idang Belawan, sebagai bentuk akuntabilitas dan transparansi pemerintah daerah dalam pengelolaan keuangan daerah, sekaligus memberikan gambaran capaian pelaksanaan program dan kegiatan pembangunan hingga pertengahan tahun anggaran 2026, bertempat di Ballroom Hotel Fugo Samarinda. Jumat (17/07/2026)

Dalam laporan disampaikan bahwa realisasi APBD hingga 30 Juni 2026 belum sepenuhnya mencapai target yang direncanakan. Hal ini dipengaruhi oleh beberapa faktor, diantaranya belum terealisasinya sebagian pendapatan transfer dari Pemerintah Pusat karena masih dalam proses pemenuhan persyaratan penyaluran sesuai ketentuan yang berlaku.

Selain itu, kebijakan efisiensi belanja daerah juga berdampak pada penyesuaian pelaksanaan sejumlah program dan kegiatan, sehingga mempengaruhi kecepatan penyerapan anggaran pada semester pertama. Disisi lain, masih terdapat beberapa paket pekerjaan yang dalam proses pengadaan serta kegiatan fisik yang belum selesai, sehingga realisasi keuangan atas kegiatan tersebut belum dapat dibukukan.

Pemkab Mahulu menegaskan komitmennya untuk melakukan percepatan penyerapan anggaran pada semester kedua. Seluruh perangkat daerah didorong untuk melaksanakan program dan kegiatan secara tepat waktu, efektif, dan efisien guna meningkatkan kualitas output pembangunan daerah.

Untuk prognosis enam bulan ke depan, Pemerintah Daerah menargetkan tingkat serapan anggaran dapat mencapai hingga 99,99 persen, dengan asumsi bahwa penyaluran dana transfer dari Pemerintah Pusat dan Pemerintah Provinsi dapat diterima tepat waktu serta tidak terdapat hambatan signifikan baik dari faktor internal maupun eksternal.

Angela Idang Belawan, dalam penyampaiannya mengajak seluruh pemangku kepentingan untuk terus memperkuat sinergi dan kerja sama dalam rangka mendorong pembangunan daerah yang berkelanjutan.

Melalui laporan ini, diharapkan dapat memberikan gambaran umum terkait pelaksanaan APBD Tahun Anggaran 2026, sementara rincian lebih lengkap tertuang dalam dokumen resmi yang menjadi bagian tidak terpisahkan dari laporan tersebut. (Prokopim/tha)

Berita TerkiniBidang Ekonomi dan PembangunanParipurnaPemerintahan

Alamat email Anda tidak akan dipublikasikan. Ruas yang wajib ditandai *

Simpan nama, email, dan situs web saya pada peramban ini untuk komentar saya berikutnya.",#PressRelease #Pembangunan #Pemerintahan #Ekonomi #Kesehatan #Pendidikan #Pertanian #Sosial #Pariwisata #Pengumuman #BeritaTerkini #BidangEkonomidanPembangunan #Paripurna #BidangPemerintahandanKesejahteraanRakyat #Pembinaan #PenanggulanganBencana #Perhubungan #BantuanSosial,109,https://prokopim.mahakamulukab.go.id/rapat-paripurna-dprd-bupati-mahulu-sampaikan-laporan-realisasi-apbd-semester-i-2026/
"Bupati Mahulu Hadiri Rapat Paripurna DPRD, Bahas Pertanggungjawaban APBD 2025",https://prokopim.mahakamulukab.go.id/wp-content/uploads/2026/07/178.jpg,images\077_bupati-mahulu-hadiri-rapat-paripurna-dprd-bahas-pertanggungj.jpg,Adm,2026-07-17,"Samarinda – Bupati Mahakam Ulu (Mahulu), Angela Idang Belawan menghadiri Rapat Paripurna Dewan Perwakilan Rakyat Daerah (DPRD) Kabupaten Mahulu, yang digelar di Ballroom Hotel Fugo, Samarinda. Jumat (17/07/2026)

Rapat Paripurna dalam rangka penyampaian pendapat akhir fraksi sekaligus pengambilan keputusan terhadap Rancangan Peraturan Daerah (Raperda) tentang Pertanggungjawaban Pelaksanaan APBD Kabupaten Mahakam Ulu Tahun Anggaran 2025 ini, dipimpin langsung oleh Ketua DPRD Mahulu, Devung Paran, Amd. Kep., S.H., didampingi Wakil Ketua I, Nor Lili Bulan.

Selain itu, agenda rapat juga mencakup penyampaian laporan realisasi semester pertama dan prognosis enam bulan berikutnya APBD Tahun Anggaran 2026, serta penyampaian Rancangan Kebijakan Umum Anggaran dan Prioritas Plafon Anggaran Sementara (KUA-PPAS) Tahun Anggaran 2027.

Kegiatan ini diawali penyampaian pendapat akhir fraksi. Selanjutnya dilakukan pengambilan keputusan terhadap Raperda pertanggungjawaban APBD Tahun 2025 yang ditandai dengan penandatanganan berita acara persetujuan bersama antara DPRD dan Pemerintah Kabupaten Mahulu.

Dalam kesempatan tersebut, Bupati Mahakam Ulu juga mengikuti rangkaian agenda penyampaian laporan realisasi semester pertama APBD Tahun 2026 beserta prognosis enam bulan berikutnya, yang kemudian dilanjutkan dengan penandatanganan berita acara penyerahan dokumen. Agenda berikutnya adalah penyampaian Rancangan KUA-PPAS Tahun Anggaran 2027 sebagai bagian dari proses perencanaan pembangunan daerah.

Rapat Paripurna ini turut dihadiri oleh unsur Forum Koordinasi Pimpinan Daerah (Forkopimda), anggota DPRD, Tim TP3D, Asisten, dan Kepala Perangkat Daerah di lingkungan Pemerintah Kabupaten Mahulu. (Prokopim/tha)

Berita TerkiniBidang Ekonomi dan PembangunanForkopimdaParipurna

Alamat email Anda tidak akan dipublikasikan. Ruas yang wajib ditandai *

Simpan nama, email, dan situs web saya pada peramban ini untuk komentar saya berikutnya.",#PressRelease #Pembangunan #Pemerintahan #Ekonomi #Kesehatan #Pendidikan #Pertanian #Sosial #Pariwisata #Pengumuman #BeritaTerkini #BidangEkonomidanPembangunan #Forkopimda #Paripurna #BidangPemerintahandanKesejahteraanRakyat #Pembinaan #PenanggulanganBencana #Perhubungan #BantuanSosial,55,https://prokopim.mahakamulukab.go.id/bupati-mahulu-hadiri-rapat-paripurna-dprd-bahas-pertanggungjawaban-apbd-2025/
Pemkab Mahulu Gandeng UNESA Susun Tujuh Kajian Strategis Percepatan Pembangunan,https://prokopim.mahakamulukab.go.id/wp-content/uploads/2026/07/Cover-Berita-Edit-202620.jpg,images\078_pemkab-mahulu-gandeng-unesa-susun-tujuh-kajian-strategis-per.jpg,Adm,2026-07-16,"Ujoh Bilang – Sekretaris Daerah (Sekda) Kabupaten Mahakam Ulu (Mahulu), Dr. Stephanus Madang, S.Sos., M.M., secara resmi membuka kegiatan Presentasi Laporan Akhir Tujuh Kajian Strategis hasil kerja sama Pemerintah Kabupaten (Pemkab) Mahulu dengan Universitas Negeri Surabaya (UNESA) yang berlangsung di Ruang Rapat Badan Perencanaan, Pembangunan, Penelitian, dan Pengembangan Daerah (Bappelitbangda) Kabupaten Mahakam Ulu, Kamis (16/07/2026).

Kegiatan tersebut merupakan penyampaian laporan akhir berbagai kajian strategis yang telah dilaksanakan oleh tim tenaga ahli Universitas Negeri Surabaya sebagai bahan masukan dalam mendukung perencanaan pembangunan dan perumusan kebijakan di Kabupaten Mahakam Ulu.

Adapun tujuh kajian yang dipresentasikan meliputi Revitalisasi Koperasi Petani dan Model Kewirausahaan Agribisnis, Inovasi Perlindungan Masyarakat pada Wilayah Perbatasan, Hilirisasi Produk Unggulan Lokal dan Dampaknya terhadap PDRB Daerah, Ekowisata Sungai Mahakam Ulu Integrasi Alam dan Budaya, Optimalisasi Alokasi Dana Kampung per Tahun untuk Peningkatan Kesejahteraan, Penguatan Dasawisma dalam Ketahanan Sosial dan Ekonomi Keluarga, serta Strategi Penguatan Ketahanan Keluarga dalam Pencegahan Stunting.

Dalam kegiatan tersebut, masing-masing tim tenaga ahli memaparkan hasil kajian sesuai bidangnya yang kemudian dilanjutkan dengan sesi diskusi dan tanya jawab bersama perangkat daerah terkait. Melalui forum ini, pemerintah daerah dan tim penyusun memperoleh ruang untuk menyampaikan masukan serta pembahasan terhadap hasil kajian yang telah disusun.

Turut hadir dalam kegiatan tersebut Kepala Bappelitbangda Kabupaten Mahakam Ulu, Yohanes Andy Abeh, S.Sos., M.Si., bersama Tim Tenaga Ahli Universitas Negeri Surabaya yang terdiri atas Dr. Riyadi, S.Pd., M.A., Dr. Rofik Jalal Rosyanafii, M.Pd., Eko Satriya Hermawan, S.Hum., M.A., dan Dian Ayu Larasati, S.Pd., M.Sc., dan Mahmud, S.IP., M.Si. (Prokopim)

Berita TerkiniBidang Ekonomi dan PembangunanPembangunanPemerintahan

Alamat email Anda tidak akan dipublikasikan. Ruas yang wajib ditandai *

Simpan nama, email, dan situs web saya pada peramban ini untuk komentar saya berikutnya.",#PressRelease #Pembangunan #Pemerintahan #Ekonomi #Kesehatan #Pendidikan #Pertanian #Sosial #Pariwisata #Pengumuman #BeritaTerkini #BidangEkonomidanPembangunan #BidangPemerintahandanKesejahteraanRakyat #Pembinaan #PenanggulanganBencana #Perhubungan #BantuanSosial,81,https://prokopim.mahakamulukab.go.id/pemkab-mahulu-gandeng-unesa-susun-tujuh-kajian-strategis-percepatan-pembangunan/
"Pemkab Mahulu Dorong Kemandirian Pengujian Material, Lewat Kajian UPTD Laboratorium Konstruksi",https://prokopim.mahakamulukab.go.id/wp-content/uploads/2026/07/Cover-Berita-Edit-202619.jpg,images\079_pemkab-mahulu-dorong-kemandirian-pengujian-material-lewat-ka.jpg,Adm,2026-07-15,"Balikpapan – Pemerintah Kabupaten (Pemkab) Mahakam Ulu (Mahulu) terus memperkuat fondasi pembangunan infrastruktur melalui peningkatan kualitas pengujian material konstruksi. Hal ini ditandai dengan pelaksanaan kegiatan Laporan Pendahuluan Kajian Akademis Pembentukan UPTD Laboratorium Konstruksi, yang dibuka langsung oleh Bupati Mahulu, Angela Idang Belawan, di Hotel Astara Balikpapan. Rabu (15/07/2026)

Membuka sambutannya, Bupati menegaskan bahwa kajian pembentukan UPTD Laboratorium Konstruksi merupakan langkah strategis mendorong kemandirian daerah dalam layanan pengujian mutu konstruksi. Menurutnya, pesatnya pembangunan infrastruktur di Mahulu harus diiringi dengan sistem pengujian material yang handal, profesional, dan tidak lagi bergantung pada daerah lain.

“Dengan hadirnya laboratorium konstruksi milik daerah, pengujian beton, agregat, tanah, aspal, dan material lainnya dapat dilakukan lebih cepat, efisien, serta hemat biaya, sehingga mampu mempercepat pembangunan yang berkualitas di Mahakam Ulu,” tegasnya.

Lebih lanjut, Bupati juga menekankan pentingnya penguatan prinsip quality assurance dan quality control sebagai bagian dari upaya peningkatan kapasitas kelembagaan, kompetensi sumber daya manusia, serta tata kelola pembangunan yang akuntabel.

Pembentukan UPTD Laboratorium Konstruksi, lanjutnya, tidak hanya ditujukan untuk memenuhi kebutuhan perangkat daerah, tetapi juga diharapkan dapat memberikan layanan bagi badan usaha jasa konstruksi, konsultan, akademisi, hingga masyarakat umum, sejalan dengan semangat pelayanan publik yang prima dan sesuai ketentuan peraturan perundang-undangan.

Meski demikian, Angela Idang Belawan mengingatkan bahwa pembentukan kelembagaan tersebut harus didasarkan pada kajian yang komprehensif dan terukur. Kajian akademis yang tengah disusun diharapkan mampu mencakup analisis kebutuhan organisasi, beban kerja, kelayakan operasional, hingga proyeksi pembiayaan agar keberadaan UPTD benar-benar tepat guna dan berkelanjutan.

Selain itu, kajian ini juga diharapkan dapat memetakan potensi layanan laboratorium ke depan, kesiapan sumber daya manusia, dukungan sarana dan prasarana, sistem manajemen mutu, peluang akreditasi, serta kontribusi terhadap peningkatan Pendapatan Asli Daerah (PAD).

Bupati turut menyampaikan apresiasi kepada Dinas Pekerjaan Umum dan Penataan Ruang (PUPR) Kabupaten Mahulu bersama tim penyusun, serta Lembaga Penelitian dan Pengabdian kepada Masyarakat (LPPM) Institut Teknologi Nasional Malang yang terlibat dalam penyusunan kajian tersebut.

“Melalui kajian ini, kita berharap dapat melahirkan kebijakan yang tepat sebagai pijakan kuat dalam meningkatkan kualitas jasa konstruksi dan pembangunan infrastruktur di Mahakam Ulu,” ujarnya.

Mengakhiri sambutannya, Bupati Mahakam Ulu secara resmi membuka kegiatan penyusunan laporan pendahuluan kajian akademis pembentukan UPTD Laboratorium Konstruksi, dengan harapan seluruh proses berjalan lancar dan menghasilkan rekomendasi yang implementatif bagi kemajuan daerah.

Hadir langsung pada kegiatan ini Kepala Dinas PUPR, Didik Subagya S.E., M.Si beserta jajarannya, Dr. Ir Agustina Nurul H. M.T dari ITN Malang beserta tim. Turut hadir OPD terkait yang ada dilingkup Pemkab Mahulu. (tha)

Berita TerkiniBidang Ekonomi dan PembangunanPembangunanPemerintahan

Alamat email Anda tidak akan dipublikasikan. Ruas yang wajib ditandai *

Simpan nama, email, dan situs web saya pada peramban ini untuk komentar saya berikutnya.",#PressRelease #Pembangunan #Pemerintahan #Ekonomi #Kesehatan #Pendidikan #Pertanian #Sosial #Pariwisata #Pengumuman #BeritaTerkini #BidangEkonomidanPembangunan #BidangPemerintahandanKesejahteraanRakyat #Pembinaan #PenanggulanganBencana #Perhubungan #BantuanSosial,80,https://prokopim.mahakamulukab.go.id/pemkab-mahulu-dorong-kemandirian-pengujian-material-lewat-kajian-uptd-laboratorium-konstruksi/
Pemkab Mahulu dan Kemenag Mahulu Perkuat Sinergi Wujudkan SMAK Negeri,https://prokopim.mahakamulukab.go.id/wp-content/uploads/2026/07/Cover-Berita-Edit-202617.jpg,images\080_pemkab-mahulu-dan-kemenag-mahulu-perkuat-sinergi-wujudkan-sm.jpg,Adm,2026-07-15,"Ujoh Bilang – Pemerintah Kabupaten (Pemkab) Mahakam Ulu (Mahulu), menyatakan dukungan terhadap rencana Kementerian Agama (Kemenag) Republik Indonesia Mahulu untuk mendirikan Sekolah Menengah Agama Katolik (SMAK) Negeri di Kabupaten Mahakam Ulu. Dukungan tersebut disampaikan Wakil Bupati Mahulu, Suhuk, S.E., saat menerima audiensi Kemenag bersama unsur Gereja Katolik di Ruang Rapat Wakil Bupati, Rabu (15/07/2026).

Audiensi tersebut sebagai wujud sinergi antara Pemkab, Kementerian Agama, dan Gereja Katolik dalam membahas rencana pendirian SMAK Negeri sebagai upaya meningkatkan akses dan mutu pendidikan keagamaan Katolik di Mahulu. Kehadiran sekolah tersebut diharapkan mampu memenuhi kebutuhan masyarakat terhadap layanan pendidikan menengah keagamaan yang berkualitas sekaligus memperkuat pembangunan sumber daya manusia daerah.

Membuka pertemuan, Kemenag Mahulu memaparkan kebutuhan pendirian SMAK Negeri berdasarkan potensi daerah, termasuk usulan penyediaan lahan sekitar 10 hektar untuk pembangunan sekolah dan asrama. Hal lain yang dibahas berkaitan dengan dukungan pemerintah, ketersediaan sarana dan prasarana, serta koordinasi perizinan, perencanaan, dan langkah-langkah strategis agar proses pendirian sekolah dapat berjalan sesuai ketentuan.

Menanggapi hal tersebut, Wabup Mahulu menegaskan bahwa Pemkab Mahulu menyambut baik rencana pendirian SMAK Negeri dan berkomitmen mendukung setiap tahapan prosesnya sesuai ketentuan yang berlaku.

“Pemerintah Kabupaten Mahakam Ulu mendukung rencana Kementerian Agama mendirikan Sekolah Menengah Agama Katolik Negeri. Sebagai bentuk komitmen, kami akan memastikan seluruh prosesnya berjalan sesuai ketentuan peraturan perundang-undangan yang berlaku,” ujarnya.

Menurut Suhuk, sinergi antara pemerintah daerah, Kementerian Agama, dan Gereja menjadi faktor penting dalam menghadirkan layanan pendidikan keagamaan yang semakin berkualitas sekaligus memperluas kesempatan masyarakat memperoleh pendidikan yang sesuai dengan kebutuhannya.

Sementara itu, Pastor Agustinus Dale Weruin menyampaikan bahwa pendirian SMAK Negeri di Mahakam Ulu diharapkan menjadi investasi jangka panjang bagi peningkatan kualitas sumber daya manusia di daerah.

“Melalui pembangunan Sekolah Menengah Agama Katolik Negeri, kami berharap sumber daya manusia Mahakam Ulu semakin berdaya saing dan mampu berpartisipasi dalam kemajuan daerah,” ungkapnya.

Audiensi tersebut diharapkan menjadi langkah awal dalam memperkuat kolaborasi antara Pemkab Mahulu, Kementerian Agama, dan Gereja Katolik untuk mewujudkan layanan pendidikan keagamaan yang semakin berkualitas. Melalui sinergi yang berkelanjutan, rencana pendirian Sekolah Menengah Agama Katolik Negeri di Kabupaten Mahakam Ulu diharapkan dapat direalisasikan sesuai ketentuan yang berlaku sehingga memberikan manfaat bagi peningkatan kualitas pendidikan serta pembangunan sumber daya manusia di Bumi Urip Kerimaan.

Audiensi tersebut turut diikuti oleh Sekretaris Daerah Mahulu, Dr. Stephanus Madang, S.Sos., M.M., Ketua Kevikepan Mahulu sekaligus Pastor Paroki St. Petrus Ujoh Bilang, Agustinus Dale Weruin, Pr., Kepala Badan Perencanaan Pembangunan, Penelitian dan Pengembangan Daerah, Yohanes Andy Abeh, S.Sos., M.Si., Kepala Dinas Pendidikan dan Kebudayaan, Samson Batang, S.Sos., M.Si., serta jajaran Bimbingan Masyarakat Katolik Kantor Kementerian Agama Kabupaten Mahakam Ulu. (Prokopim)

AudiensiBerita TerkiniKerja SamaPendidikan

Alamat email Anda tidak akan dipublikasikan. Ruas yang wajib ditandai *

Simpan nama, email, dan situs web saya pada peramban ini untuk komentar saya berikutnya.",#PressRelease #Pembangunan #Pemerintahan #Ekonomi #Kesehatan #Pendidikan #Pertanian #Sosial #Pariwisata #Pengumuman #Audiensi #BeritaTerkini #KerjaSama #BidangPemerintahandanKesejahteraanRakyat #Pembinaan #BidangEkonomidanPembangunan #PenanggulanganBencana #Perhubungan #BantuanSosial,120,https://prokopim.mahakamulukab.go.id/pemkab-mahulu-dan-kemenag-mahulu-perkuat-sinergi-wujudkan-smak-negeri/
Hasil Seleksi Administrasi dan Tahapan Selanjutnya Seleksi Terbuka Pengisian Jabatan Pimpinan Tinggi Pratama Di Lingkungan Pemerintah Kabupaten Mahakam Ulu Tahun 2026,https://prokopim.mahakamulukab.go.id/wp-content/uploads/2026/07/Pengumuman-Selter.jpg,images\081_hasil-seleksi-administrasi-dan-tahapan-selanjutnya-seleksi-t.jpg,Admin,2026-07-15,"Informasi selengkapnya dapat dilihat pada tautan berikut ini : Pengumuman Hasil Seleksi Administrasi SELTER 2026

Alamat email Anda tidak akan dipublikasikan. Ruas yang wajib ditandai *

Simpan nama, email, dan situs web saya pada peramban ini untuk komentar saya berikutnya.",#PressRelease #Pembangunan #Pemerintahan #Ekonomi #Kesehatan #Pendidikan #Pertanian #Sosial #Pariwisata #Pengumuman #BeritaTerkini #Kepegawaian #BidangPemerintahandanKesejahteraanRakyat #Pembinaan #BidangEkonomidanPembangunan #PenanggulanganBencana #Perhubungan #BantuanSosial,95,https://prokopim.mahakamulukab.go.id/hasil-seleksi-administrasi-dan-tahapan-selanjutnya-seleksi-terbuka-pengisian-jabatan-pimpinan-tinggi-pratama-di-lingkungan-pemerintah-kabupaten-mahakam-ulu-tahun-2026/
"Pisah Sambut Kapolres, Pemkab Mahulu Tegaskan Komitmen Perkuat Kolaborasi Demi Keamanan dan Kemajuan Daerah",https://prokopim.mahakamulukab.go.id/wp-content/uploads/2026/07/Cover-Berita-Edit-2026-12.jpg,images\082_pisah-sambut-kapolres-pemkab-mahulu-tegaskan-komitmen-perkua.jpg,Admin,2026-07-14,"Ujoh Bilang – Mewakili Bupati Mahakam Ulu (Mahulu), Angela Idang Belawan, Wakil Bupati (Wabup) Mahulu Suhuk, S.E., menghadiri acara Ramah Tamah Pisah Sambut Kapolres Mahakam Ulu dari pejabat lama AKBP Eko Alamsyah, A.Md., S.H., M.H., kepada pejabat baru AKBP Roni Wijaya, S.I.K., yang berlangsung di Ballroom Lantai III Kantor Bupati Mahulu, Selasa (14/07/2026) malam.

Kegiatan tersebut dihadiri unsur Forum Koordinasi Pimpinan Daerah (Forkopimda), jajaran Pemerintah Kabupaten (Pemkab) Mahulu, instansi vertikal, tokoh adat, tokoh agama, tokoh masyarakat, serta berbagai elemen masyarakat. Acara berlangsung khidmat dan penuh kehangatan sebagai wujud penghormatan kepada pejabat lama sekaligus penyambutan bagi pejabat baru.

Dalam sambutan Bupati Mahulu yang dibacakan Wakil Bupati, Pemkab Mahulu menyampaikan apresiasi dan penghargaan setinggi-tingginya kepada AKBP Eko Alamsyah atas dedikasi, pengabdian, serta sinergi yang telah terjalin selama memimpin Polres Mahulu. Berbagai capaian dalam menjaga keamanan dan ketertiban masyarakat dinilai menjadi bagian penting dalam mendukung kelancaran pembangunan daerah.

“Atas nama Pemerintah Kabupaten Mahakam Ulu dan seluruh masyarakat, kami mengucapkan terima kasih atas pengabdian Bapak AKBP Eko Alamsyah. Semoga sukses dalam mengemban amanah di tempat tugas yang baru, sebagai Wadir Samapta Polda Kalimantan Timur.” ujarnya.

Pada kesempatan yang sama, Pemerintah Kabupaten Mahulu juga menyampaikan ucapan selamat datang kepada AKBP Roni Wijaya, S.I.K., sebagai Kapolres Mahulu yang baru. Pemerintah Daerah berharap kepemimpinan yang baru dapat semakin memperkuat kolaborasi antara Pemerintah Daerah, Polri, TNI, serta seluruh pemangku kepentingan dalam menjaga stabilitas keamanan dan ketertiban masyarakat, sekaligus mendukung percepatan pembangunan di Kabupaten Mahulu.

Suhuk menerangkan bahwa keamanan dan ketertiban merupakan pondasi utama dalam mewujudkan visi Mahulu Melaju. Karena itu, sinergi yang selama ini telah terbangun dengan baik antara Pemerintah Kabupaten Mahulu dan Polres Mahulu diharapkan terus diperkuat demi terciptanya daerah yang aman, kondusif, maju, dan sejahtera.

Acara ramah tamah pisah sambut ditutup dengan penyerahan cenderamata kepada pejabat lama dan pejabat baru sebagai bentuk penghargaan, apresiasi, sekaligus simbol eratnya hubungan kemitraan antara Pemerintah Kabupaten Mahulu dan Kepolisian Negara Republik Indonesia dalam memberikan pelayanan terbaik kepada masyarakat khususnya masyarakat Kabupaten Mahulu. (Prokopim/aim)

Berita TerkiniBidang Administrasi UmumBidang Ekonomi dan PembangunanBidang Pemerintahan dan Kesejahteraan RakyatForkopimdaPemerintahanSosial

Alamat email Anda tidak akan dipublikasikan. Ruas yang wajib ditandai *

Simpan nama, email, dan situs web saya pada peramban ini untuk komentar saya berikutnya.",#PressRelease #Pembangunan #Pemerintahan #Ekonomi #Kesehatan #Pendidikan #Pertanian #Sosial #Pariwisata #Pengumuman #BeritaTerkini #BidangAdministrasiUmum #BidangEkonomidanPembangunan #BidangPemerintahandanKesejahteraanRakyat #Forkopimda #Pembinaan #PenanggulanganBencana #Perhubungan #BantuanSosial,200,https://prokopim.mahakamulukab.go.id/pisah-sambut-kapolres-pemkab-mahulu-tegaskan-komitmen-perkuat-kolaborasi-demi-keamanan-dan-kemajuan-daerah/
"Wakil Bupati Sambut Kapolres Mahulu Baru, Perkuat Sinergi untuk Daerah",https://prokopim.mahakamulukab.go.id/wp-content/uploads/2026/07/Cover-Berita-Edit-2026-11.jpg,images\083_wakil-bupati-sambut-kapolres-mahulu-baru-perkuat-sinergi-unt.jpg,Admin,2026-07-14,"Ujoh Bilang – Wakil Bupati (Wabup) Mahakam Ulu (Mahulu), Suhuk, S.E., menghadiri prosesi penyambutan Kapolres Mahakam Ulu yang baru AKBP Roni Wijaya, S.I.K., yang dihadiri Pejabat Lama Kapolres Mahulu AKBP Eko Alamsyah, A.Md., S.H., M.H., di halaman Markas Komando (Mako) Polres Mahakam Ulu, Senin (14/07/2026) pagi.

Prosesi penyambutan berlangsung dengan khidmat dan penuh nuansa kekeluargaan. Kehadiran Wakil Bupati Mahulu menjadi wujud dukungan Pemerintah Kabupaten Mahulu dalam mempererat sinergi bersama Kepolisian Republik Indonesia, khususnya Polres Mahakam Ulu, guna menjaga keamanan, ketertiban, dan mendukung kelancaran pembangunan daerah.

Dalam kesempatan tersebut, Suhuk menyampaikan ucapan selamat datang dan selamat bertugas kepada Kapolres Mahulu yang baru. Ia berharap kepemimpinan yang baru dapat semakin memperkuat kolaborasi antara pemerintah daerah, aparat keamanan, dan seluruh elemen masyarakat.

“Pemerintah Kabupaten Mahulu siap terus bersinergi dengan Polres Mahakam Ulu dalam mewujudkan situasi yang aman, tertib, dan kondusif, sehingga berbagai program pembangunan serta pelayanan kepada masyarakat dapat berjalan dengan baik,” ujar Wakil Bupati.

Acara penyambutan turut dihadiri unsur Forum Koordinasi Pimpinan Daerah (Forkopimda), jajaran pejabat Polres Mahakam Ulu, pimpinan perangkat daerah, tokoh masyarakat, serta tamu undangan lainnya.

Melalui momentum ini, diharapkan hubungan koordinasi dan kerja sama antara Pemerintah Kabupaten Mahulu dan Polres Mahakam Ulu semakin solid dalam mendukung terwujudnya visi “Mahulu Melaju” menuju daerah yang maju, merata, dan berkelanjutan

Dalam kesempatan ini hadir juga Sekretaris Daerah (Sekda) Kabupaten Mahulu, Dr. Stephanus Madang, S.Sos., M.M., Asisten Bidang Pemerintahan dan Kesejahteraan Masyarakat, drg. Agustinus Teguh Santoso, M.Adm., Kes., Camat Long Bagun Bonifasius, Lembaga Adat, Tokoh Agama, jajaran pejabat utama Kapolres Mahulu, dan tamu undangan lainnya. (Prokopim/aim)

Berita TerkiniBidang Administrasi UmumBidang Ekonomi dan PembangunanBidang Pemerintahan dan Kesejahteraan RakyatForkopimdaSosial

Alamat email Anda tidak akan dipublikasikan. Ruas yang wajib ditandai *

Simpan nama, email, dan situs web saya pada peramban ini untuk komentar saya berikutnya.",#PressRelease #Pembangunan #Pemerintahan #Ekonomi #Kesehatan #Pendidikan #Pertanian #Sosial #Pariwisata #Pengumuman #BeritaTerkini #BidangAdministrasiUmum #BidangEkonomidanPembangunan #BidangPemerintahandanKesejahteraanRakyat #Forkopimda #Pembinaan #PenanggulanganBencana #Perhubungan #BantuanSosial,194,https://prokopim.mahakamulukab.go.id/wakil-bupati-sambut-kapolres-mahulu-baru-perkuat-sinergi-untuk-daerah/
"Monitoring MPLS, Wabup Mahulu Tekankan Pendidikan Berkarakter Sejak Hari Pertama Sekolah",https://prokopim.mahakamulukab.go.id/wp-content/uploads/2026/07/Cover-Berita-Edit-2026-10.jpg,images\084_monitoring-mpls-wabup-mahulu-tekankan-pendidikan-berkarakter.jpg,Admin,2026-07-13,"Ujoh Bilang – Wakil Bupati (Wabup) Mahakam Ulu (Mahulu), Suhuk, S.E., melakukan monitoring dan evaluasi pelaksanaan Masa Pengenalan Lingkungan Sekolah (MPLS) Tahun Ajaran 2026/2027 di SD Negeri 01 Long Bagun dan SMP Negeri 01 Long Bagun, Senin (13/7/2026).

Kunjungan tersebut merupakan wujud komitmen Pemerintah Kabupaten (Pemkab) Mahulu dalam memastikan pelaksanaan MPLS berlangsung sesuai ketentuan, aman, ramah anak, serta menjadi momentum yang positif bagi peserta didik dalam memulai tahun ajaran baru.

Dalam agenda tersebut, Wabup Mahulu didampingi Kepala Dinas Pendidikan dan Kebudayaan Mahulu, Samson Batang, S.Sos., M.Si., bersama Pelaksana Tugas (Plt.) Kepala Bidang Pendidikan Dasar, Menengah Pertama, dan Pembina Ketenagaan, Radhitya Wibawa, S.Sos., M.Si. Kehadiran rombongan disambut hangat oleh kepala sekolah, dewan guru, serta para siswa yang tengah mengikuti rangkaian kegiatan MPLS.

Suasana penuh semangat tampak mewarnai kunjungan tersebut. Selain melakukan pemantauan terhadap pelaksanaan MPLS, Suhuk juga menyempatkan diri berdialog dengan para guru, memberikan motivasi kepada tenaga pendidik, serta menyapa para peserta didik yang tampak antusias mengikuti kegiatan pengenalan lingkungan sekolah.

Dalam arahannya, Wakil Bupati menekankan bahwa masa pengenalan lingkungan sekolah merupakan tahapan penting dalam membangun karakter, kedisiplinan, serta rasa percaya diri peserta didik sejak hari pertama memasuki lingkungan sekolah.

“MPLS bukan sekadar memperkenalkan lingkungan sekolah, tetapi juga menjadi momentum untuk membentuk karakter, menanamkan nilai disiplin, sopan santun, serta semangat belajar kepada anak-anak kita. Pemerintah Kabupaten Mahulu berharap seluruh sekolah dapat menciptakan suasana belajar yang aman, nyaman, ramah anak, dan menyenangkan,” ujarnya.

Suhuk mengajak seluruh tenaga pendidik untuk terus meningkatkan kualitas layanan pendidikan agar mampu mencetak generasi Mahulu yang cerdas, berkarakter, berakhlak mulia, serta siap menghadapi tantangan masa depan.

“Guru memiliki peran yang sangat besar dalam membimbing dan menginspirasi anak-anak. Mari kita jadikan sekolah sebagai tempat yang mampu melahirkan generasi unggul yang tidak hanya berprestasi secara akademik, tetapi juga memiliki karakter yang kuat,” tambahnya.

Pelaksanaan MPLS Tahun Ajaran 2026/2027 mengacu pada pedoman Kementerian Pendidikan yang menekankan pelaksanaan kegiatan secara edukatif, inklusif, serta bebas dari praktik perpeloncoan. Fokus kegiatan meliputi pengenalan potensi diri peserta didik, pengenalan lingkungan belajar beserta sarana dan prasarana sekolah, serta pembentukan lingkungan pendidikan yang aman, nyaman, inklusif, dan ramah anak.

Melalui monitoring ini, pemkab Mahulu berharap seluruh satuan pendidikan dapat menyelenggarakan MPLS secara optimal sebagai langkah awal dalam menciptakan proses pembelajaran yang berkualitas, sekaligus mendukung terwujudnya generasi Mahulu Melaju yang unggul, berkarakter, dan berdaya saing. (Prokopim/aim)

Berita TerkiniBidang Pemerintahan dan Kesejahteraan RakyatPembangunanPembinaanPendidikan

Alamat email Anda tidak akan dipublikasikan. Ruas yang wajib ditandai *

Simpan nama, email, dan situs web saya pada peramban ini untuk komentar saya berikutnya.",#PressRelease #Pembangunan #Pemerintahan #Ekonomi #Kesehatan #Pendidikan #Pertanian #Sosial #Pariwisata #Pengumuman #BeritaTerkini #BidangPemerintahandanKesejahteraanRakyat #Pembinaan #BidangEkonomidanPembangunan #PenanggulanganBencana #Perhubungan #BantuanSosial,102,https://prokopim.mahakamulukab.go.id/monitoring-mpls-wabup-mahulu-tekankan-pendidikan-berkarakter-sejak-hari-pertama-sekolah/
"Komitmen Bangun SDM Berkualitas, Pemkab Mahulu Buka Seleksi Beasiswa Bersama UNHAS",https://prokopim.mahakamulukab.go.id/wp-content/uploads/2026/07/Cover-Berita-Edit-2026-9.jpg,images\085_komitmen-bangun-sdm-berkualitas-pemkab-mahulu-buka-seleksi-b.jpg,Admin,2026-07-13,"Ujoh Bilang – Pemerintah Kabupaten (Pemkab) Mahakam Ulu (Mahulu) terus menunjukkan komitmennya dalam meningkatkan kualitas sumber daya manusia melalui sektor pendidikan. Hal tersebut diwujudkan dengan dibukanya secara resmi Seleksi Beasiswa Gerbang Cerdas Mahakam Ulu Kerja Sama Tahun 2026 dengan Universitas Hasanuddin (UNHAS) oleh Bupati Mahulu, Angela Idang Belawan, yang dalam kesempatan ini diwakili Wakil Bupati Mahulu, Suhuk, S.E., di Aula SDN 01 Ujoh Bilang, Senin (13/07/2026).

Dalam sambutan Bupati yang dibacakan Wakil Bupati, disampaikan bahwa kerja sama antara Pemerintah Kabupaten Mahulu dengan Universitas Hasanuddin telah terjalin cukup lama sebagai bagian dari upaya mencetak sumber daya manusia yang unggul, berdaya saing, dan siap berkontribusi bagi pembangunan daerah.

Pemkab Mahulu, lanjutnya, terus berupaya memperluas kesempatan bagi generasi muda untuk memperoleh pendidikan tinggi melalui program beasiswa yang memberikan akses ke berbagai program studi sesuai kebutuhan pembangunan daerah dan perkembangan dunia kerja.

“Puji syukur, pada tahun ini pilihan program studi yang dapat diikuti calon mahasiswa semakin beragam. Kesempatan ini kami hadirkan agar putra-putri Mahulu memiliki lebih banyak pilihan jurusan yang sesuai dengan minat, bakat, dan cita-cita masing-masing,” ujarnya.

Beragam program studi yang ditawarkan dalam kerja sama beasiswa tahun ini mencakup berbagai bidang strategis, mulai dari Ilmu Perpustakaan, Penginderaan Jauh dan Sistem Informasi Geografis (SIG), Ilmu Tanah, Komunikasi Digital, Budidaya Perairan, Agribisnis, hingga Perikanan.

Selain itu, tersedia pula program studi di bidang rekayasa dan teknologi seperti Teknik Mesin, Teknik Lingkungan, serta Teknik Metalurgi dan Material yang memiliki prospek besar dalam mendukung sektor pertambangan maupun industri.

Sementara pada sektor pertanian dan kesehatan, calon mahasiswa juga dapat memilih Agroteknologi, Psikologi, Pendidikan Dokter, Pendidikan Dokter Gigi, Pendidikan Dokter Hewan, serta Terapi Gigi, sebagai langkah mempersiapkan tenaga profesional yang dibutuhkan untuk mendukung pelayanan kesehatan dan pembangunan berkelanjutan di Mahakam Ulu.

Pemerintah Kabupaten Mahulu berharap kesempatan ini dapat dimanfaatkan secara maksimal oleh seluruh peserta seleksi sebagai pintu menuju masa depan yang lebih baik.

Dalam kesempatan tersebut, Suhuk juga berpesan kepada seluruh peserta agar mengikuti setiap tahapan seleksi dengan penuh semangat, menjunjung tinggi kejujuran, serta percaya pada kemampuan diri sendiri.

“Persiapkan diri dengan sebaik-baiknya, kerjakan setiap tes dengan jujur, dan tunjukkan bahwa putra-putri Mahulu mampu bersaing serta meraih prestasi terbaik. Pemerintah Kabupaten Mahulu akan terus hadir memberikan dukungan bagi generasi muda agar menjadi SDM unggul yang kelak kembali membangun daerah,” tutupnya.

Melalui Program Beasiswa Gerbang Cerdas Mahulu, Pemkab Mahulu menegaskan komitmennya untuk terus memperluas akses pendidikan tinggi sebagai investasi jangka panjang dalam mewujudkan visi “Mahulu Melaju” (Maju, Merata, dan Berkelanjutan). (Prokopim/aim)

Bidang Pemerintahan dan Kesejahteraan RakyatKerja SamaPembangunanPendidikanProgram Kerja

Alamat email Anda tidak akan dipublikasikan. Ruas yang wajib ditandai *

Simpan nama, email, dan situs web saya pada peramban ini untuk komentar saya berikutnya.",#PressRelease #Pembangunan #Pemerintahan #Ekonomi #Kesehatan #Pendidikan #Pertanian #Sosial #Pariwisata #Pengumuman #BidangPemerintahandanKesejahteraanRakyat #KerjaSama #ProgramKerja #BeritaTerkini #Pembinaan #BidangEkonomidanPembangunan #PenanggulanganBencana #Perhubungan #BantuanSosial,91,https://prokopim.mahakamulukab.go.id/komitmen-bangun-sdm-berkualitas-pemkab-mahulu-buka-seleksi-beasiswa-bersama-unhas/
Pengumuman Perubahan Jadwal Seleksi Terbuka Pengisian Jabatan Pimpinan Tinggi Pratama Di Lingkungan Pemerintah Kabupaten Mahakam Ulu Tahun 2026,https://prokopim.mahakamulukab.go.id/wp-content/uploads/2026/07/Cover.png,images\086_pengumuman-perubahan-jadwal-seleksi-terbuka-pengisian-jabata.png,Admin,2026-07-11,"Informasi Selengkapnya dapat dilihat pada tautan di bawah ini :

Alamat email Anda tidak akan dipublikasikan. Ruas yang wajib ditandai *

Simpan nama, email, dan situs web saya pada peramban ini untuk komentar saya berikutnya.",#PressRelease #Pembangunan #Pemerintahan #Ekonomi #Kesehatan #Pendidikan #Pertanian #Sosial #Pariwisata #Pengumuman #Kepegawaian #BantuanSosial #BeritaTerkini #BidangEkonomidanPembangunan #BidangPemerintahandanKesejahteraanRakyat #KerjaSama #Pembinaan,237,https://prokopim.mahakamulukab.go.id/pengumuman-perubahan-jadwal-seleksi-terbuka-pengisian-jabatan-pimpinan-tinggi-pratama-di-lingkungan-pemerintah-kabupaten-mahakam-ulu-tahun-2026/
"Peringatan Harkopnas Ke-79, Pemkab Mahulu Dorong Koperasi Berdaya Menuju Mahulu Melaju",https://prokopim.mahakamulukab.go.id/wp-content/uploads/2026/07/170.jpg,images\087_peringatan-harkopnas-ke-79-pemkab-mahulu-dorong-koperasi-ber.jpg,Adm,2026-07-10,"Ujoh Bilang – Bupati Mahakam Ulu (Mahulu), Angela Idang Belawan, yang diwakili oleh Wakil Bupati (Wabup) Mahulu, Suhuk, S.E., menghadiri rangkaian Peringatan Hari Koperasi Nasional (Harkopnas) ke 79 Tahun 2026 tingkat Kabupaten Mahakam Ulu yang berlangsung meriah di Alun-alun Ujoh Bilang, Jumat (10/07/2026) pagi.

Peringatan Harkopnas tahun ini mengusung tema “Koperasi Berdaya, Indonesia Berjaya”, yang mencerminkan tekad bersama untuk memperkuat koperasi sebagai pilar utama ekonomi kerakyatan sekaligus mendorong peningkatan kesejahteraan masyarakat.

Dalam sambutan Bupati Mahulu yang dibacakan Wabup, menyampaikan bahwa kemajuan bangsa berawal dari kuatnya ekonomi masyarakat. Ketika koperasi berkembang, UMKM tumbuh, dan masyarakat memperoleh kesempatan berusaha yang lebih luas, maka kesejahteraan rakyat akan semakin meningkat. Hal tersebut menjadi bagian penting dalam mewujudkan Indonesia yang maju, mandiri, dan berdaya saing.

Tema Harkopnas 2026 juga sejalan dengan arahan Kementerian Koperasi yang menjadikan Hari Koperasi sebagai momentum untuk memperkuat ekonomi rakyat berbasis koperasi.

Ia juga menegaskan bahwa Kabupaten Mahulu memiliki potensi ekonomi yang sangat besar, mulai dari sektor pertanian, perkebunan, perikanan, kerajinan tangan hingga kekayaan pangan lokal yang menjadi identitas daerah. Potensi tersebut perlu dikelola secara optimal melalui kelembagaan ekonomi yang kuat sehingga mampu memberikan nilai tambah dan meningkatkan kesejahteraan masyarakat.

“Pemerintah Kabupaten Mahulu menyambut baik rangkaian kegiatan Hari Koperasi tahun ini yang menghadirkan berbagai layanan dan manfaat secara langsung kepada masyarakat,” katanya.

Berbagai kegiatan digelar untuk memeriahkan peringatan Harkopnas ke 79, di antaranya Senam Sehat Bersama, Pemeriksaan Kesehatan Gratis, Pelayanan Perizinan Berusaha, Bazar UMKM, serta Demo Memasak yang melibatkan berbagai pihak dan mendapat antusiasme tinggi dari masyarakat.

Melalui kegiatan tersebut, Pemerintah Kabupaten Mahulu berharap masyarakat tidak hanya memperoleh layanan publik yang lebih mudah diakses, tetapi juga semakin terdorong untuk mengembangkan usaha, meningkatkan produktivitas, dan memperkuat semangat berkoperasi.

Ia juga mengajak seluruh elemen masyarakat untuk menjadikan Hari Koperasi Nasional sebagai momentum mempererat semangat gotong royong, meningkatkan kolaborasi, serta membangun ekonomi Mahakam Ulu yang lebih mandiri, inklusif, dan berkelanjutan.

“Dengan kerja keras, komitmen, dan sinergi seluruh pihak, saya yakin koperasi akan menjadi salah satu pilar penting dalam mewujudkan visi Mahulu Melaju, Maju, Merata, Berkelanjutan,” tutupnya. (Prokopim/aim)

Berita TerkiniBidang Ekonomi dan PembangunanEkonomiPelayanan

Alamat email Anda tidak akan dipublikasikan. Ruas yang wajib ditandai *

Simpan nama, email, dan situs web saya pada peramban ini untuk komentar saya berikutnya.",#PressRelease #Pembangunan #Pemerintahan #Ekonomi #Kesehatan #Pendidikan #Pertanian #Sosial #Pariwisata #Pengumuman #BeritaTerkini #BidangEkonomidanPembangunan #Pelayanan #BidangPemerintahandanKesejahteraanRakyat #Pembinaan #PenanggulanganBencana #Perhubungan #BantuanSosial,195,https://prokopim.mahakamulukab.go.id/peringatan-harkopnas-ke-79-pemkab-mahulu-dorong-koperasi-berdaya-menuju-mahulu-melaju/
"RUPS PT BPD Kaltim Kaltara, Bupati Mahulu Titip Harapan Bagi Daerah Perbatasan",https://prokopim.mahakamulukab.go.id/wp-content/uploads/2026/07/169.jpg,images\088_rups-pt-bpd-kaltim-kaltara-bupati-mahulu-titip-harapan-bagi-.jpg,Adm,2026-07-09,"Samarinda – Bupati Mahakam Ulu, Angela Idang Belawan, menghadiri Rapat Umum Pemegang Saham (RUPS) Lainnya Kedua PT BPD Kaltim Kaltara Tahun 2026 yang membahas sejumlah agenda strategis, salah satunya pergantian jajaran Direksi dan Komisaris seiring berakhirnya masa jabatan para pejabat tersebut.

Dalam rapat yang dilaksanakan di Ruang semayang lt.6 Gedung Kantor Pusat BPD Kaltim Kaltara, Kamis (09/07/26) disepakati bahwa proses seleksi Direktur Utama beserta sejumlah posisi direksi dan komisaris akan segera dibuka guna memastikan keberlanjutan tata kelola perusahaan yang profesional dan mampu menjawab tantangan pengembangan perbankan daerah.

Usai mengikuti RUPS, Bupati Angela Idang Belawan menyampaikan bahwa pergantian kepemimpinan merupakan momentum penting untuk membawa semangat baru dalam meningkatkan kinerja PT BPD Kaltim Kaltara.

“Masa jabatan Direktur Utama yang lama memang telah berakhir. Begitu juga ada beberapa direksi dan komisaris yang masa jabatannya segera selesai. Tentunya proses seleksi harus segera dilakukan agar roda organisasi tetap berjalan dengan baik,” ujarnya.

Angela Idang Belawan sampaikan bahwa dalam paparan yang disampaikan pada RUPS, manajemen PT BPD Kaltim Kaltara telah menyiapkan berbagai langkah pembenahan untuk meningkatkan kualitas pelayanan dan memperkuat kinerja perusahaan.

“Dari penjelasan yang disampaikan, banyak hal yang akan diperbaiki di PT BPD Kaltim Kaltara. Saya yakin dengan semangat baru akan lahir perubahan-perubahan yang positif, dan tentu dampaknya juga akan dirasakan oleh Kabupaten Mahakam Ulu,” katanya.

Lanjut Bupati berharap Direktur Utama yang terpilih dapat segera melakukan kunjungan kerja ke Kabupaten Mahakam Ulu agar memperoleh gambaran langsung mengenai karakteristik wilayah dan tantangan yang dihadapi daerah perbatasan.

“Kita akan menunggu kehadiran Bapak Direktur Utama yang baru untuk berkunjung ke Mahakam Ulu. Saya berharap beliau dapat memahami bahwa kondisi Mahakam Ulu tidak bisa disamakan dengan daerah-daerah lain. Karakteristik wilayah kami sangat berbeda, sehingga tentu diperlukan pendekatan dan kebijakan pelayanan yang juga berbeda,” ungkap Angela.

Bupati Angela Idang Belawan optimistis proses restrukturisasi dan pembenahan yang sedang dilakukan PT BPD Kaltim Kaltara akan menghasilkan tata kelola yang semakin baik serta memberikan manfaat nyata bagi seluruh pemegang saham, termasuk Kabupaten Mahakam Ulu.

“Saya berharap dengan rombakan organisasi dan berbagai perbaikan yang telah direncanakan secara matang, PT BPD Kaltim Kaltara akan semakin maju dan mampu memberikan pelayanan yang lebih optimal bagi seluruh masyarakat Kalimantan Timur dan Kalimantan Utara, termasuk masyarakat Mahakam Ulu,” tutupnya.(Prokopim/vta)

Berita TerkiniEkonomiKerja SamaPemerintahan

Alamat email Anda tidak akan dipublikasikan. Ruas yang wajib ditandai *

Simpan nama, email, dan situs web saya pada peramban ini untuk komentar saya berikutnya.",#PressRelease #Pembangunan #Pemerintahan #Ekonomi #Kesehatan #Pendidikan #Pertanian #Sosial #Pariwisata #Pengumuman #BeritaTerkini #KerjaSama #BidangPemerintahandanKesejahteraanRakyat #Pembinaan #BidangEkonomidanPembangunan #PenanggulanganBencana #Perhubungan #BantuanSosial,186,https://prokopim.mahakamulukab.go.id/rups-pt-bpd-kaltim-kaltara-bupati-mahulu-titip-harapan-bagi-daerah-perbatasan/
Pemkab Mahulu Apresiasi Penandatanganan Kesepakatan PT SAA dan Masyarakat Tri Pariq Makmur,https://prokopim.mahakamulukab.go.id/wp-content/uploads/2026/07/168.jpg,images\089_pemkab-mahulu-apresiasi-penandatanganan-kesepakatan-pt-saa-d.jpg,Adm,2026-07-09,"Ujoh Bilang – Pemerintah Kabupaten (Pemkab) Mahakam Ulu (Mahulu), yang diwakili Wakil Bupati Mahulu, Suhuk, S.E., didampingi Sekretaris Daerah Mahulu, Dr. Stephanus Madang, S.Sos., M.M., menyaksikan penandatanganan Nota Kesepahaman (MoU) antara PT Setia Agro Abadi (SAA) dan masyarakat Kampung Tri Pariq Makmur. Kegiatan tersebut berlangsung di Cafetaria Lantai 1 Kantor Bupati Mahulu, Kamis (09/07/2026).

Penandatanganan nota kesepahaman ini menjadi langkah strategis dalam penyelesaian konflik lahan sekaligus membangun kesepakatan kemitraan perkebunan kelapa sawit yang mengedepankan prinsip musyawarah, saling menghormati, dan memberikan manfaat bagi seluruh pihak.

Mewakili Bupati Mahulu, Angela Idang Belawan, Wakil Bupati menyampaikan, apresiasi kepada seluruh pihak yang telah berperan aktif membangun komunikasi dan semangat kebersamaan hingga tercapainya kesepakatan tersebut.

“Atas nama Pemerintah Kabupaten Mahulu, kami menyampaikan apresiasi kepada seluruh pihak yang telah membantu membangun komunikasi dan semangat kebersamaan sehingga kesepakatan ini dapat terwujud. Kami berharap ini menjadi awal kemitraan yang saling menguntungkan, saling menghormati, dan berorientasi pada peningkatan kesejahteraan masyarakat,” ujarnya.

Lebih lanjut, Ia menegaskan bahwa kesepakatan yang telah ditandatangani tidak hanya menjadi dokumen administratif semata, tetapi harus diwujudkan melalui berbagai program dan kegiatan yang memberikan dampak nyata bagi masyarakat, khususnya di kampung-kampung sekitar wilayah operasional perusahaan.

Pemerintah Kabupaten Mahulu juga berharap keberadaan perusahaan dan para investor di daerah dapat terus bersinergi dengan pemerintah melalui pelaksanaan program Tanggung Jawab Sosial Perusahaan (CSR) yang berkelanjutan

“Dengan kehadiran perusahaan maupun para investor, harapan pemerintah daerah adalah agar program CSR dapat dioptimalkan. Melalui kerja sama yang baik, kita dapat bersama-sama membangun daerah, meningkatkan kesejahteraan masyarakat, sekaligus menciptakan iklim investasi yang aman dan kondusif,” tambahnya.

Menutup arahnya, Suhuk juga mengucapkan selamat atas penandatanganan kesepakatan tersebut serta berharap kemitraan yang telah dibangun dapat membawa manfaat dan keberkahan bagi seluruh masyarakat Mahakam Ulu.

“Selamat atas penandatanganan kesepakatan ini. Semoga kerja sama yang terjalin membawa keberkahan serta menjadi fondasi bagi kemajuan dan kesejahteraan masyarakat Mahulu kedepannya,” pungkasnya.

Hadir pula Asisten I Bidang Pemerintahan dan Kesejahteraan Rakyat, drg. Agustinus Teguh Santoso, M.Adm., Kes., Legal Manager PT SAA, unsur Polres Mahulu, unsur TNI, aparat kampung dari kampung terkait, serta perwakilan masyarakat dan kuasa hukum dari masing-masing pihak. (Prokopim/aim)

Berita TerkiniBidang Ekonomi dan PembangunanKerja SamaPemerintahanPerkebunan

Alamat email Anda tidak akan dipublikasikan. Ruas yang wajib ditandai *

Simpan nama, email, dan situs web saya pada peramban ini untuk komentar saya berikutnya.",#PressRelease #Pembangunan #Pemerintahan #Ekonomi #Kesehatan #Pendidikan #Pertanian #Sosial #Pariwisata #Pengumuman #BeritaTerkini #BidangEkonomidanPembangunan #KerjaSama #Perkebunan #BidangPemerintahandanKesejahteraanRakyat #Pembinaan #PenanggulanganBencana #Perhubungan #BantuanSosial,100,https://prokopim.mahakamulukab.go.id/pemkab-mahulu-apresiasi-penandatanganan-kesepakatan-pt-saa-dan-masyarakat-tri-pariq-makmur/
Pemkab Mahulu Apresiasi Peran GKII Dalam Pembinaan Umat dan Pembangunan Masyarakat,https://prokopim.mahakamulukab.go.id/wp-content/uploads/2026/07/Cover-Berita-Edit-202616.jpg,images\090_pemkab-mahulu-apresiasi-peran-gkii-dalam-pembinaan-umat-dan-.jpg,Adm,2026-07-08,"Datah Bilang – Bupati Mahakam Ulu (Mahulu), Angela Idang Belawan, yang diwakili Wakil Bupati (Wabup) Mahulu, Suhuk, S.E., secara resmi membuka Konferensi Ke-III GKII Daerah Mahulu yang berlangsung di GKII Datah Bilang Baru, Kecamatan Long Hubung, Rabu (08/07/2026) malam.

Dalam sambutan Bupati yang dibacakan Wakil Bupati, disampaikan bahwa keberadaan Gereja Kemah Injil Indonesia (GKII) di Mahulu telah menjadi bagian penting dari perjalanan kehidupan masyarakat. Melalui pelayanan yang terus dilakukan, GKII tidak hanya membina kehidupan iman jemaat, tetapi juga mempererat persaudaraan serta menumbuhkan kepedulian terhadap sesama.

“Konferensi Ke-III ini menjadi langkah bersama untuk melanjutkan pelayanan tersebut melalui kepemimpinan yang melayani dan arah pelayanan yang akan dibangun untuk lima tahun ke depan,” ujarnya.

Lebih lanjut disampaikan, konferensi yang berlangsung selama beberapa hari ke depan akan menjadi forum strategis bagi seluruh peserta untuk membahas berbagai agenda penting dalam perjalanan pelayanan GKII di Mahulu. Di antaranya pemilihan kepengurusan yang baru serta penyusunan program pelayanan lima tahun mendatang.

“Saya percaya, setiap pembahasan yang dilandasi kasih, kerendahan hati, dan tuntunan Tuhan akan menghasilkan keputusan yang membawa kebaikan bagi gereja serta seluruh jemaat,” lanjutnya.

Pemerintah Kabupaten Mahulu lanjutnya, memberikan apresiasi atas dedikasi seluruh pelayan Tuhan dan jemaat GKII yang selama ini turut berkontribusi dalam membangun kehidupan masyarakat melalui pelayanan kerohanian, pendidikan iman, serta kegiatan sosial kemasyarakatan.

“Atas nama Pemerintah Kabupaten Mahulu, saya menyampaikan terima kasih kepada seluruh pelayan Tuhan dan jemaat GKII yang selama ini telah memberikan pengabdian bagi masyarakat. Kiranya semangat pelayanan tersebut terus bertumbuh dan menjadi berkat bagi generasi yang akan datang,” tutupnya.

Konferensi Ke-III GKII Daerah Mahulu dihadiri Ketua Badan Pengurus Daerah GKII Mahulu, Pdt. Surendra I. Udau, M.Th., para pendeta, panitia pelaksana, pemuda, serta jemaat GKII Datah Bilang Baru yang mengikuti rangkaian pembukaan dengan penuh khidmat. (Prokopim/aim)

Berita TerkiniBidang Pemerintahan dan Kesejahteraan RakyatKeagamaan

Alamat email Anda tidak akan dipublikasikan. Ruas yang wajib ditandai *

Simpan nama, email, dan situs web saya pada peramban ini untuk komentar saya berikutnya.",#PressRelease #Pembangunan #Pemerintahan #Ekonomi #Kesehatan #Pendidikan #Pertanian #Sosial #Pariwisata #Pengumuman #BeritaTerkini #BidangPemerintahandanKesejahteraanRakyat #Keagamaan #Pembinaan #BidangEkonomidanPembangunan #PenanggulanganBencana #Perhubungan #BantuanSosial,64,https://prokopim.mahakamulukab.go.id/pemkab-mahulu-apresiasi-peran-gkii-dalam-pembinaan-umat-dan-pembangunan-masyarakat/
"Grand Final Pemilihan Duta Wisata dan Putri Pariwisata Mahulu, Bupati Pesan Duta Wisata Jadi Wajah Daerah dan Agen Promosi Digital",https://prokopim.mahakamulukab.go.id/wp-content/uploads/2026/07/Cover-166.jpg,images\091_grand-final-pemilihan-duta-wisata-dan-putri-pariwisata-mahul.jpg,Adm,2026-07-06,"Samarinda – Grand Final Pemilihan Duta Wisata dan Putri Pariwisata Kabupaten Mahakam Ulu (Mahulu) Tahun 2026 berlangsung meriah di Crystal Ballroom Hotel Mercure Samarinda, Senin (06/07/2026) malam, sekaligus menjadi momentum lahirnya generasi muda unggulan sebagai wajah promosi daerah.

Bupati Mahulu, Angela Idang Belawan, dalam sambutannya yang dibacakan Asisten Bidang Pemerintahan dan Kesejahteraan Rakyat Setkab Mahulu (Asisten I), drg. Agustinus Teguh Santoso, M.Adm.Kes, menegaskan bahwa ajang ini bukan sekadar kompetisi, tetapi bagian dari pembinaan generasi muda yang berperan strategis dalam pembangunan sektor pariwisata.

“Malam ini bukan hanya tentang kompetisi, tetapi tentang lahirnya generasi muda terbaik Mahakam Ulu yang memiliki semangat, kreativitas, kecerdasan, serta kepedulian terhadap kemajuan daerah,” tegasnya.

Ia menekankan bahwa Duta Wisata dan Putri Pariwisata memiliki peran penting sebagai representasi daerah sekaligus agen perubahan dalam mempromosikan potensi Mahulu.

“Pemilihan ini bukan hanya ajang unjuk bakat, tetapi sarana membentuk generasi muda yang memiliki wawasan kepariwisataan, kecintaan terhadap budaya, serta kemampuan komunikasi dan kepemimpinan,” ujarnya.

Angela Idang Belawan secara khusus menyoroti besarnya potensi wisata Mahakam Ulu yang menjadi kekuatan utama dalam mendorong pertumbuhan ekonomi daerah, mulai dari keindahan alam hingga kekayaan budaya lokal.

“Kabupaten kita dianugerahi kekayaan alam dan budaya yang luar biasa. Ini adalah aset berharga yang harus kita jaga dan promosikan secara berkelanjutan,” katanya.

Sejalan dengan visi “Mahulu Melaju: Maju, Merata dan Berkelanjutan”, Pemerintah Kabupaten Mahakam Ulu terus mendorong sektor pariwisata sebagai penggerak ekonomi, yang mampu membuka lapangan kerja, mengembangkan UMKM, serta meningkatkan kesejahteraan masyarakat.

Dalam era digital saat ini, Bupati juga menegaskan pentingnya peran generasi muda dalam memanfaatkan teknologi sebagai sarana promosi daerah.

“Saya berharap Duta Wisata dan Putri Pariwisata mampu menjadi digital ambassador yang kreatif, inovatif, dan aktif mempromosikan Mahakam Ulu ke tingkat regional, nasional bahkan internasional,” tegasnya.

Lebih lanjut, ia berpesan kepada para finalis untuk menjadikan ajang ini sebagai ruang pengabdian, bukan sekadar prestasi.

“Terpilih ataupun tidak, kalian tetap putra-putri terbaik Mahakam Ulu. Teruslah belajar, berkarya, dan berkontribusi bagi daerah,” pesannya.

Kepada para pemenang, Bupati berpesan agar menjalankan amanah dengan penuh tanggung jawab dan integritas.

“Jadilah teladan bagi generasi muda, jadilah duta yang mampu memperkenalkan Mahakam Ulu dengan bangga, santun, dan profesional,” tutupnya. (Prokopim/tha)

Berita TerkiniBidang Pemerintahan dan Kesejahteraan RakyatBudayaPariwisata

Alamat email Anda tidak akan dipublikasikan. Ruas yang wajib ditandai *

Simpan nama, email, dan situs web saya pada peramban ini untuk komentar saya berikutnya.",#PressRelease #Pembangunan #Pemerintahan #Ekonomi #Kesehatan #Pendidikan #Pertanian #Sosial #Pariwisata #Pengumuman #BeritaTerkini #BidangPemerintahandanKesejahteraanRakyat #Budaya #Pembinaan #BidangEkonomidanPembangunan #PenanggulanganBencana #Perhubungan #BantuanSosial,188,https://prokopim.mahakamulukab.go.id/grand-final-pemilihan-duta-wisata-dan-putri-pariwisata-mahulu-bupati-pesan-duta-wisata-jadi-wajah-daerah-dan-agen-promosi-digital/
"Pemkab Mahulu Tetapkan Duta Wisata 2026, Siapkan Generasi Muda Promosikan Potensi Daerah",https://prokopim.mahakamulukab.go.id/wp-content/uploads/2026/07/Cover-165.jpg,images\092_pemkab-mahulu-tetapkan-duta-wisata-2026-siapkan-generasi-mud.jpg,Adm,2026-07-06,"Samarinda – Pemerintah Kabupaten (Pemkab) Mahakam Ulu (Mahulu) terus menunjukkan komitmennya dalam memperkuat sektor pariwisata sebagai motor penggerak pembangunan daerah. Hal ini ditandai dengan digelarnya Grand Final Pemilihan Duta Wisata dan Putri Pariwisata Mahulu Tahun 2026 yang berlangsung meriah di Crystal Ballroom Hotel Mercure Samarinda. Senin (06/07/2026) malam.

Kegiatan bergengsi tersebut dibuka secara resmi oleh Bupati Mahulu, Angela Idang Belawan, yang dalam kesempatan ini diwakili Asisten Bidang Pemerintahan dan Kesejahteraan Rakyat Setkab Mahulu (Asisten I), drg. Agustinus Teguh Santoso, M.Adm.,Kes, yang ditandai dengan pemukulan gong sebagai dimulainya seluruh rangkaian kegiatan.

Ajang ini merupakan puncak dari rangkaian panjang seleksi yang diikuti oleh putra-putri terbaik Mahulu, yang sebelumnya telah melalui tahapan penjaringan, pembekalan, hingga penguatan kapasitas di bidang kepariwisataan dan kebudayaan.

Turut hadir dalam kegiatan tersebut Anggota DPRD Mahulu Komisi II, Plt. Kepala Dinas Pariwisata, Pemuda dan Olahraga Mahulu, jajaran Kepala OPD, Tim TP3D Mahulu, serta tamu undangan lainnya, termasuk Plt. Kadispora Provinsi Kalimantan Timur, Dekan Fakultas Pertanian Universitas Mulawarman, Ketua Bhayangkari Mahulu, serta para tokoh pemerhati seni, budaya, dan pariwisata.

Grand final ini tidak sekadar menjadi ajang kompetisi, namun juga menjadi panggung strategis bagi generasi muda untuk menampilkan kualitas diri, mulai dari kemampuan komunikasi, wawasan budaya, hingga kreativitas dalam mempromosikan potensi daerah.

Melalui kegiatan ini, Pemerintah Kabupaten Mahulu menegaskan komitmennya dalam mendorong pengembangan sektor pariwisata yang berkelanjutan, sejalan dengan visi pembangunan daerah “Mahulu Melaju: Maju, Merata dan Berkelanjutan”.

Pemilihan Duta Wisata dan Putri Pariwisata ini diharapkan mampu melahirkan generasi muda yang tidak hanya menjadi ikon daerah, tetapi juga berperan sebagai agen promosi, agen budaya, serta motor penggerak ekonomi kreatif Mahulu di tingkat regional hingga nasional.

Kegiatan berlangsung penuh antusiasme dan ditutup dengan penobatan para pemenang yang akan mengemban amanah sebagai representasi pariwisata Mahulu ke depan.

Berdasarkan Surat Keputusan Dewan Juri Nomor 001/SK/DWPP_MAHULU/07/2026, dari 14 finalis yang tampil di malam grand final, terpilih Julius Ronaldo dari Kecamatan Long Apari sebagai Putra Duta Wisata Mahulu 2026 dan Geovanni Cillo Jessica dari Kecamatan Long Bagun sebagai Putri Duta Wisata Mahulu 2026. Sementara itu, Veronica Verrlita Jesslin dari Kecamatan Long Pahangai dinobatkan sebagai Putri Pariwisata Mahulu 2026.

Adapun dewan juri terdiri dari unsur legislatif, akademisi, praktisi, serta duta wisata nasional, yakni Anastasya Hiyang, S.IP., M.Si, Dr. Erwiantono; Rinanda Aprillya Maharani, S.Hub.Int, Dwie Arum Meynina, BA (Hons), dan Leliyana Andriyani, S.I.Kom., M.I.Kom., C.PS.

Sebagai informasi, ajang Pemilihan Duta Wisata Mahulu Tahun 2026 diikuti oleh 42 peserta dari lima kecamatan. Hingga grand final, tersisa 14 finalis terbaik yang mewakili Kecamatan Long Apari, Long Pahangai, Long Bagun, Laham, dan Long Hubung.

Melalui ajang ini, diharapkan para duta terpilih mampu menjadi wajah pariwisata Mahulu yang membanggakan, sekaligus berperan aktif dalam memperkenalkan potensi daerah ke kancah yang lebih luas. (Prokopim/tha)

Berita TerkiniBidang Pemerintahan dan Kesejahteraan RakyatBudayaPariwisata

Alamat email Anda tidak akan dipublikasikan. Ruas yang wajib ditandai *

Simpan nama, email, dan situs web saya pada peramban ini untuk komentar saya berikutnya.",#PressRelease #Pembangunan #Pemerintahan #Ekonomi #Kesehatan #Pendidikan #Pertanian #Sosial #Pariwisata #Pengumuman #BeritaTerkini #BidangPemerintahandanKesejahteraanRakyat #Budaya #Pembinaan #BidangEkonomidanPembangunan #PenanggulanganBencana #Perhubungan #BantuanSosial,183,https://prokopim.mahakamulukab.go.id/pemkab-mahulu-tetapkan-duta-wisata-2026-siapkan-generasi-muda-promosikan-potensi-daerah/
Pemkab Mahulu Tegaskan Komitmen Tata Kelola Keuangan Akuntabel dalam Rapat Paripurna DPRD,https://prokopim.mahakamulukab.go.id/wp-content/uploads/2026/07/Cover-Berita-Edit-2026-8.jpg,images\093_pemkab-mahulu-tegaskan-komitmen-tata-kelola-keuangan-akuntab.jpg,Admin,2026-07-06,"Ujoh Bilang – Mewakili Bupati Mahakam Ulu (Mahulu), Angela Idang Belawan, Wakil Bupati (Wabup) Mahulu, Suhuk, S.E., menyampaikan jawaban pemerintah atas pandangan umum fraksi-fraksi DPRD Kabupaten Mahulu terhadap Rancangan Peraturan Daerah (Ranperda) tentang Pertanggungjawaban Pelaksanaan Anggaran Pendapatan dan Belanja Daerah (APBD) Kabupaten Mahulu Tahun Anggaran 2025.

Penyampaian tersebut berlangsung dalam Rapat Paripurna DPRD Kabupaten Mahulu di Ruang Rapat Paripurna Lantai 2 Sekretariat DPRD Kabupaten Mahulu, Senin (06/07/2026) siang.

Dalam sambutan Bupati yang dibacakan Wabup, menyampaikan bahwa agenda sidang tersebut merupakan kelanjutan dari rangkaian proses legislasi formal sekaligus bentuk nyata komitmen harmonis antara eksekutif dan legislatif dalam penyelenggaraan pemerintahan daerah.

Pemerintah Kabupaten Mahulu juga menyampaikan apresiasi dan ucapan terima kasih kepada seluruh fraksi DPRD Mahulu yang telah menyampaikan pandangan umum terhadap Ranperda Pertanggungjawaban Pelaksanaan APBD Tahun Anggaran 2025.

“Secara khusus, Pemkab Mahulu mengapresiasi penghargaan dan dukungan seluruh fraksi atas keberhasilan Pemerintah Kabupaten Mahulu meraih opini Wajar Tanpa Pengecualian (WTP) dari Badan Pemeriksa Keuangan (BPK) Perwakilan Provinsi Kalimantan Timur pada 22 Mei 2026 di Samarinda yang lalu,” ungkap Suhuk.

Menurutnya, capaian tersebut merupakan hasil kerja keras bersama antara pemerintah daerah dan DPRD dalam mewujudkan pengelolaan keuangan daerah yang akuntabel dan transparan.

“Prestasi atas predikat opini WTP untuk LKPD Mahakam Ulu Tahun Anggaran 2025 tentu menjadi tantangan bagi Pemerintah Kabupaten Mahakam Ulu, karena kita harus mampu mempertahankan predikat tersebut dengan menunjukkan kinerja pengelolaan keuangan yang semakin baik,” ujarnya.

Lebih lanjut disampaikan bahwa pemerintah daerah menyadari seluruh catatan, koreksi data, imbauan, hingga pertanyaan kritis yang disampaikan fraksi-fraksi DPRD merupakan bentuk tanggung jawab bersama dalam pembangunan daerah.

“Beberapa isu yang menjadi perhatian meliputi akurasi perencanaan Pendapatan Asli Daerah (PAD), efisiensi belanja operasi dan belanja modal, tata kelola aset daerah, penyelesaian rekomendasi BPK RI, serta percepatan pemenuhan infrastruktur jalan, air bersih, listrik, kesehatan, dan pendidikan,”bebernya.

Menurutnya, seluruh masukan tersebut menjadi bahan evaluasi yang sangat penting demi mewujudkan tata kelola keuangan daerah yang semakin sehat, transparan, dan akuntabel di masa mendatang.

Menutup penyampaiannya, Pemerintah Kabupaten Mahulu juga menyampaikan permohonan maaf apabila dalam dokumen rancangan maupun penyampaian jawaban masih terdapat kekurangan atau kekeliruan administratif yang memerlukan perbaikan.

Rapat Paripurna tersebut dipimpin oleh Ketua DPRD Mahulu, Devung Paran, A.Md.Keb., S.H., dan dihadiri Kapolres Mahulu AKBP, Eko Alamsyah, para anggota DPRD, unsur Forkopimda, serta para kepala perangkat daerah di lingkungan Pemerintah Kabupaten Mahulu. (Prokopim/aim)

Alamat email Anda tidak akan dipublikasikan. Ruas yang wajib ditandai *

Simpan nama, email, dan situs web saya pada peramban ini untuk komentar saya berikutnya.",#PressRelease #Pembangunan #Pemerintahan #Ekonomi #Kesehatan #Pendidikan #Pertanian #Sosial #Pariwisata #Pengumuman #BeritaTerkini #Paripurna #BidangPemerintahandanKesejahteraanRakyat #Pembinaan #BidangEkonomidanPembangunan #PenanggulanganBencana #Perhubungan #BantuanSosial,96,https://prokopim.mahakamulukab.go.id/pemkab-mahulu-tegaskan-komitmen-tata-kelola-keuangan-akuntabel-dalam-rapat-paripurna-dprd/
Sosialisasi PLTA Batoq Kelo Perkuat Transparansi dan Partisipasi Masyarakat,https://prokopim.mahakamulukab.go.id/wp-content/uploads/2026/07/Cover-Berita-Edit-2026-7.jpg,images\094_sosialisasi-plta-batoq-kelo-perkuat-transparansi-dan-partisi.jpg,Admin,2026-07-06,"Ujoh Bilang – Pemerintah Kabupaten (Pemkab) Mahakam Ulu (Mahulu) terus menunjukkan komitmennya dalam mendorong percepatan pembangunan daerah melalui pengembangan sektor energi berkelanjutan. Hal tersebut ditandai dengan dibukanya secara resmi kegiatan Sosialisasi Proyek Pembangkit Listrik Tenaga Air (PLTA) Batoq Kelo berkapasitas 300 Megawatt oleh Bupati Mahakam Ulu di Ballroom Lantai III Kantor Bupati Mahulu, Senin (06/07/2026).

Dalam sambutannya Bupati Mahulu, menyampaikan bahwa kegiatan sosialisasi ini merupakan langkah penting untuk memberikan pemahaman yang utuh kepada masyarakat terkait rencana pembangunan PLTA Batoq Kelo, termasuk manfaat yang akan diperoleh serta berbagai potensi dampak sosial yang mungkin muncul selama proses pelaksanaannya.

“Melalui kegiatan sosialisasi ini, diharapkan seluruh masyarakat memperoleh informasi yang jelas dan menyeluruh, sehingga tidak menimbulkan kesalahpahaman di tengah masyarakat. Selain itu, setiap aspirasi masyarakat juga dapat disampaikan secara terbuka dan transparan,” ujarnya.

Lebih lanjut, Bupati menyampaikan optimisme bahwa pembangunan PLTA Batoq Kelo akan menjadi salah satu tonggak penting dalam perjalanan pembangunan Kabupaten Mahakam Ulu apabila pemerintah, masyarakat, dan pihak perusahaan dapat berjalan bersama dalam semangat kemitraan dan kolaborasi.

“Kehadiran PLTA Batoq Kelo tidak hanya akan menghasilkan energi listrik sebagai kebutuhan dasar pembangunan, tetapi juga menjadi simbol kemajuan daerah dalam mewujudkan Mahulu, yang semakin berkembang dan sejajar dengan daerah-daerah lain di Kalimantan Timur maupun Indonesia,”ungkapnya.

Di tengah berbagai tantangan pembangunan yang masih dihadapi, Pemerintah Kabupaten Mahulu juga menyambut baik perhatian dunia usaha terhadap potensi sumber daya yang dimiliki daerah, khususnya di kawasan Batoq Kelo. Potensi yang sebelumnya hanya menjadi harapan kini mulai diwujudkan melalui rencana pembangunan PLTA berkapasitas 300 Megawatt tersebut.

“Atas nama Pemerintah Kabupaten Mahulu mengapresiasi dan ucapan terima kasih kepada PT Tujuan Mulia Makmur atas kepercayaan dan komitmennya dalam berinvestasi di Mahulu,”katanya.

Investasi tersebut dinilai tidak hanya berfokus pada pembangunan infrastruktur ketenagalistrikan, tetapi juga diharapkan mampu memberikan dampak positif bagi percepatan pembangunan wilayah, peningkatan konektivitas, tumbuhnya aktivitas ekonomi masyarakat, serta terbukanya peluang kerja bagi masyarakat lokal.

Turut hadir Wakil Bupati Mahulu, Suhuk, SE., Anggota DPRD Mahulu, Sekretaris Daerah, Dr. Stephanus Madang, S.Sos., M.M., Bapak Tiger Chen Direktur PT. TMM, Ibu City Jamiah Direktur Keuangan PT. TMM, Yanuar Hendra Pribadi, Perwakilan PT PLN (Persero), Perwakilan Kepala Dinas ESDM Provinsi Kalimantan Timur, Forkopimda, serta kepala perangkat daerah di lingkungan Pemerintah Kabupaten Mahulu., Camat, Petinggi, Lembaga adat. (Prokopim/aim)

Berita TerkiniBidang Ekonomi dan PembangunanKerja SamaPembangunanProgram Nasional

Alamat email Anda tidak akan dipublikasikan. Ruas yang wajib ditandai *

Simpan nama, email, dan situs web saya pada peramban ini untuk komentar saya berikutnya.",#PressRelease #Pembangunan #Pemerintahan #Ekonomi #Kesehatan #Pendidikan #Pertanian #Sosial #Pariwisata #Pengumuman #BeritaTerkini #BidangEkonomidanPembangunan #KerjaSama #ProgramNasional #BidangPemerintahandanKesejahteraanRakyat #Pembinaan #PenanggulanganBencana #Perhubungan #BantuanSosial,183,https://prokopim.mahakamulukab.go.id/sosialisasi-plta-batoq-kelo-perkuat-transparansi-dan-partisipasi-masyarakat/
Pengumuman Perpanjangan Pendaftaran / Pemberkasan Seleksi Terbuka Pengisian Jabatan Pimpinan Tinggi Pratama Di Lingkungan Pemerintah Kabupaten Mahakam Ulu Tahun 2026,https://prokopim.mahakamulukab.go.id/wp-content/uploads/2026/07/WhatsApp-Image-2026-07-05-at-20.37.54.jpeg,images\095_pengumuman-perpanjangan-pendaftaran-pemberkasan-seleksi-terb.jpeg,Admin,2026-07-06,"Informasi selengkapnya dapat dilihat pada tautan di bawah ini :

PENGUMUMAN PERPANJANGAN SELEKSI TERBUKA JPTP 2026

Alamat email Anda tidak akan dipublikasikan. Ruas yang wajib ditandai *

Simpan nama, email, dan situs web saya pada peramban ini untuk komentar saya berikutnya.",#PressRelease #Pembangunan #Pemerintahan #Ekonomi #Kesehatan #Pendidikan #Pertanian #Sosial #Pariwisata #Pengumuman #Kepegawaian #BantuanSosial #BeritaTerkini #BidangEkonomidanPembangunan #BidangPemerintahandanKesejahteraanRakyat #KerjaSama #Pembinaan,339,https://prokopim.mahakamulukab.go.id/pengumuman-perpanjangan-pendaftaran-pemberkasan-seleksi-terbuka-pengisian-jabatan-pimpinan-tinggi-pratama-di-lingkungan-pemerintah-kabupaten-mahakam-ulu-tahun-2026/
"Luncurkan Program RT dan Dasawisma, Pemkab Mahulu Alokasikan BKK Rp100 Juta per RT dan Rp10 Juta untuk Dasawisma",https://prokopim.mahakamulukab.go.id/wp-content/uploads/2026/07/Cover-Berita-2-1.jpg,,Admin,2026-07-03,"Long Hubung – Pemerintah Kabupaten (Pemkab) Mahakam Ulu (Mahulu) mengalokasikan Bantuan Keuangan Khusus (BKK) melalui APBD sebesar Rp100 juta per Rukun Tetangga (RT), yang disesuaikan dengan kemampuan keuangan daerah. Sementara itu, khusus kegiatan Dasawisma dialokasikan bantuan maksimal Rp10 juta.

Hal tersebut disampaikan Bupati Mahakam Ulu, Angela Idang Belawan, saat melaunching Program Rukun Tetangga (RT) dan Dasawisma melalui Bantuan Keuangan Khusus (BKK) kepada pemerintah kampung berbasis RT se-Kecamatan Laham dan Long Hubung. Kegiatan berlangsung di Amin Ayaq Ida’ang Bulan, Kampung Long Hubung, Kecamatan Long Hubung, Jumat (3/7/2026).

Selain itu, Bupati juga menyampaikan sejumlah arahan kepada seluruh Petinggi Kampung di Kecamatan Laham dan Long Hubung agar pelaksanaan program berjalan secara optimal.

Arahan pertama yaitu meminta agar kelembagaan RT dan Dasawisma segera dibentuk serta diaktifkan di seluruh wilayah kampung agar dapat menjalankan fungsi dan tugasnya secara maksimal.

Kedua, seluruh kegiatan harus disusun melalui musyawarah kampung dengan mengutamakan kebutuhan masyarakat, bukan berdasarkan kepentingan kelompok maupun perorangan.

Ketiga, seluruh dokumen dan proposal harus disiapkan sesuai ketentuan yang berlaku agar proses pengajuan bantuan tidak mengalami kendala administrasi.

Keempat, pelaksanaan kegiatan diminta dilakukan tepat waktu dengan pelaporan yang benar, serta memanfaatkan pendampingan dari Tenaga Ahli GerbangMas apabila terdapat hal-hal yang perlu dikonsultasikan.

Kelima, Angela Idang Belawan meminta seluruh Petinggi Kampung agar memperhatikan secara serius materi yang akan disampaikan oleh DPMK bersama Tim GerbangMas terkait tata cara, mekanisme, dan prosedur penyusunan proposal.

“Ikuti dengan sungguh-sungguh, catat hal-hal penting, dan jangan ragu bertanya apabila masih ada yang belum dipahami,” pesannya.

Melalui program ini, diharapkan penguatan kelembagaan RT dan Dasawisma dapat meningkatkan partisipasi masyarakat dalam pembangunan kampung serta mendukung percepatan pembangunan yang merata di Kabupaten Mahakam Ulu. (Prokopim/aim)

Berita TerkiniBidang Pemerintahan dan Kesejahteraan RakyatEkonomiGerbangmasPembangunanProgram Kerja

Alamat email Anda tidak akan dipublikasikan. Ruas yang wajib ditandai *

Simpan nama, email, dan situs web saya pada peramban ini untuk komentar saya berikutnya.",#PressRelease #Pembangunan #Pemerintahan #Ekonomi #Kesehatan #Pendidikan #Pertanian #Sosial #Pariwisata #Pengumuman #BeritaTerkini #BidangPemerintahandanKesejahteraanRakyat #Gerbangmas #ProgramKerja #Pembinaan #BidangEkonomidanPembangunan #PenanggulanganBencana #Perhubungan #BantuanSosial,109,https://prokopim.mahakamulukab.go.id/luncurkan-program-rt-dan-dasawisma-pemkab-mahulu-alokasikan-bkk-rp100-juta-per-rt-dan-rp10-juta-untuk-dasawisma/
Bupati Mahulu Luncurkan Program RT dan Dasawisma di Long Hubung,https://prokopim.mahakamulukab.go.id/wp-content/uploads/2026/07/Cover-Berita-Edit-202615.jpg,images\097_bupati-mahulu-luncurkan-program-rt-dan-dasawisma-di-long-hub.jpg,Adm,2026-07-03,"Long Hubung – Bupati Mahakam Ulu (Mahulu), Angela Idang Belawan, meluncurkan Program Rukun Tetangga (RT) dan Dasawisma melalui Bantuan Keuangan Khusus (BKK) kepada pemerintah kampung berbasis RT se-Kecamatan Laham dan Long Hubung. Kegiatan tersebut berlangsung di Amin Ayaq Ida’ang Bulan, Kampung Long Hubung, Kecamatan Long Hubung, Jumat (3/7/2026).

Turut mendampingi Bupati dalam kegiatan tersebut, Asisten Bidang Pemerintahan dan Kesejahteraan Masyarakat, drg. Agustinus Teguh Santoso, M.Adm., Kes., Plt Kepala Dinas Pemberdayaan Masyarakat dan Kampung (DPMK), Surianto, S.E., M.E., sejumlah kepala OPD, para petinggi kampung, jajaran PKK kecamatan, aparatur kampung, serta lembaga adat.

Membuka sambutannya, Bupati Angela Idang Belawan menyampaikan bahwa tujuan utama program tersebut adalah mewujudkan kampung yang kuat, maju, mandiri, dan sejahtera melalui pembangunan yang dimulai dari tingkat paling dasar.

“Apabila setiap RT berkembang, setiap keluarga berdaya, dan setiap lingkungan tertata dengan baik, maka kampung akan maju, kecamatan berkembang, dan Kabupaten Mahakam Ulu juga akan semakin maju,” ujar Bupati.

Sebagai bentuk dukungan terhadap pelaksanaan program tersebut, Pemerintah Kabupaten Mahulu mengalokasikan Bantuan Keuangan Khusus melalui APBD sebesar Rp100 juta untuk setiap RT.

“Jumlah alokasi ini tetap disesuaikan dengan kemampuan keuangan daerah. Dana tersebut diharapkan mampu mempercepat pembangunan dan pemberdayaan masyarakat secara langsung di tingkat lingkungan RT,” lanjutnya.

Angela Idang Belawan juga menegaskan kepada seluruh pemerintah kampung agar pelaksanaan program dilakukan secara tertib, transparan, dan akuntabel. Ia mengingatkan bahwa pelanggaran terhadap mekanisme perencanaan, pelaksanaan, maupun pelaporan dapat berdampak pada penghentian atau pengurangan bantuan sesuai ketentuan yang berlaku.

“Untuk itu kepada seluruh petinggi kampung agar segera membentuk dan mengaktifkan kelembagaan RT, menyusun program melalui musyawarah kampung, melengkapi dokumen administrasi, serta memanfaatkan pendampingan Tenaga Ahli GerbangMas dalam setiap tahapan pelaksanaan program,” tegasnya.

Angela juga menekankan bahwa pembangunan daerah tidak hanya dimulai dari kantor pemerintahan, tetapi harus berangkat dari lingkungan terkecil, yakni keluarga dan Rukun Tetangga.

“Kalau kita ingin membangun Mahulu dengan baik, jangan hanya melihat pembangunan dari kantor pemerintahan. Pembangunan yang sesungguhnya dimulai dari rumah-rumah, dari lingkungan tempat kita tinggal, dan dari kebersamaan warga dalam menyelesaikan persoalan di sekitarnya,” ujarnya.

Menurut Bupati, RT memiliki peran strategis sebagai mitra pemerintah kampung dalam membantu pelayanan pemerintahan, pendataan kependudukan, pelayanan administrasi, hingga mendukung berbagai program pembangunan di tingkat masyarakat.

Kegiatan tersebut diakhiri dengan penyerahan secara simbolis Bantuan Keuangan Khusus (BKK) kepada perwakilan Ketua RT dari Kecamatan Long Hubung dan Laham, yang kemudian dilanjutkan dengan sesi foto bersama seluruh peserta dan tamu undangan. (Prokopim/aim)

Berita TerkiniBidang Pemerintahan dan Kesejahteraan RakyatGerbangmasPembangunanPemerintahan

Alamat email Anda tidak akan dipublikasikan. Ruas yang wajib ditandai *

Simpan nama, email, dan situs web saya pada peramban ini untuk komentar saya berikutnya.",#PressRelease #Pembangunan #Pemerintahan #Ekonomi #Kesehatan #Pendidikan #Pertanian #Sosial #Pariwisata #Pengumuman #BeritaTerkini #BidangPemerintahandanKesejahteraanRakyat #Gerbangmas #Pembinaan #BidangEkonomidanPembangunan #PenanggulanganBencana #Perhubungan #BantuanSosial,104,https://prokopim.mahakamulukab.go.id/bupati-mahulu-luncurkan-program-rt-dan-dasawisma-di-long-hubung/
Pemkab Mahulu Mantapkan Implementasi Manajemen Talenta Lewat Ekspose BKN,https://prokopim.mahakamulukab.go.id/wp-content/uploads/2026/07/Cover-Berita-Edit-160.jpg,images\098_pemkab-mahulu-mantapkan-implementasi-manajemen-talenta-lewat.jpg,Adm,2026-07-02,"Jakarta – Bupati Mahakam Ulu (Mahulu), Angela Idang Belawan, yang diwakili Sekretaris Daerah (Sekda) Mahulu, Dr. Stephanus Madang, S.Sos., M.M., mengikuti Ekspose Manajemen Talenta bersama Badan Kepegawaian Negara (BKN) sebagai bagian dari upaya memperkuat implementasi sistem merit di lingkungan Pemerintah Kabupaten Mahulu yang berlangsung di Kantor BKN, Kamis (02/07/2026).

Pada kesempatan tersebut, Sekda Mahulu membacakan sambutan Bupati Mahulu yang menegaskan bahwa Manajemen Talenta merupakan langkah strategis dalam mewujudkan tata kelola Aparatur Sipil Negara (ASN) yang profesional, berbasis sistem merit, serta mampu menempatkan aparatur sesuai kompetensi dan potensi terbaik yang dimiliki. Pemerintah Kabupaten Mahulu juga menyampaikan apresiasi kepada BKN atas kesempatan, pendampingan, dan arahan yang terus diberikan dalam proses penerapan Manajemen Talenta.

Pemkab Mahulu kemudian memaparkan perkembangan implementasi Manajemen Talenta sebagai bagian dari penguatan sistem merit di daerah. Paparan tersebut mencakup berbagai langkah yang ditempuh, mulai dari penguatan regulasi, pembentukan kelembagaan, pelaksanaan profiling ASN, hingga pemenuhan aspek teknis sebagai fondasi penerapan Manajemen Talenta di Kabupaten Mahakam Ulu.

Dalam arahannya, Deputi Bidang Pembinaan Penyelenggaraan Manajemen ASN BKN, Dr. Herman, M.Si., menekankan bahwa keberhasilan implementasi Manajemen Talenta sangat ditentukan oleh kualitas data ASN. Karena itu, ia mengingatkan agar data setiap ASN dipastikan lengkap, akurat, dan mutakhir sehingga tidak ada satu pun pegawai yang tertinggal ataupun belum terpetakan dalam sistem Manajemen Talenta.

Menanggapi hal tersebut, Sekda Mahulu Stephanus Madang, menegaskan komitmen pemkab Mahulu untuk segera menindaklanjuti berbagai masukan yang diberikan BKN melalui penyempurnaan kualitas data ASN sebagai bagian dari penguatan implementasi Manajemen Talenta.

“Masukan yang disampaikan Bapak Herman menjadi perhatian kami. Ke depan, kami akan memberikan instruksi untuk melakukan pembenahan agar data ASN semakin lengkap, akurat, dan terupdate,” ujar Stephanus.

Lewat kegiatan ini, pemkab Mahulu berharap implementasi Manajemen Talenta dapat terus disempurnakan sesuai dengan ketentuan yang berlaku, sehingga mampu memperkuat penerapan sistem merit, mengoptimalkan potensi ASN, serta mewujudkan birokrasi yang profesional, adaptif, dan berorientasi pada peningkatan kualitas pelayanan kepada masyarakat.

Pada giat Ekspose Manajemen Talenta ini, dipimpin langsung oleh Deputi Bidang Pembinaan Penyelenggaraan Manajemen ASN BKN, Dr. Herman, M.Si., dan dihadiri Deputi Bidang Sistem Informasi dan Digitalisasi Manajemen Aparatur Sipil Negara BKN, Jumiati, S.Sos., M.AP., Direktur Pengembangan Talenta dan Karier ASN BKN, Dr. Samsul Hidayat, S.S., M.PSDM., Kepala Biro Keuangan BKN, Arif Prasetyo Yuwono, S.T., Kepala Kantor Regional VIII BKN Banjarbaru, Bajoe Loedi Hargono, M.M., M.Sc., M.T., Asisten Bidang Administrasi Umum Sekretariat Daerah Kabupaten Mahakam Ulu, Kristina Tening, S.H., M.Si., serta Kepala Badan Kepegawaian dan Pengembangan Sumber Daya Manusia Kabupaten Mahakam Ulu, Nobertus Ngande, S.IP., beserta jajaran. (Prokopim)

Berita TerkiniBidang Administrasi UmumKepegawaianPembinaan

Alamat email Anda tidak akan dipublikasikan. Ruas yang wajib ditandai *

Simpan nama, email, dan situs web saya pada peramban ini untuk komentar saya berikutnya.",#PressRelease #Pembangunan #Pemerintahan #Ekonomi #Kesehatan #Pendidikan #Pertanian #Sosial #Pariwisata #Pengumuman #BeritaTerkini #BidangAdministrasiUmum #Kepegawaian #Pembinaan #BidangPemerintahandanKesejahteraanRakyat #BidangEkonomidanPembangunan #PenanggulanganBencana #Perhubungan #BantuanSosial,111,https://prokopim.mahakamulukab.go.id/pemkab-mahulu-mantapkan-implementasi-manajemen-talenta-lewat-ekspose-bkn/
"Peletakkan Batu Pertama Pembangunan RS PHTC, Tonggak Penguatan Layanan Kesehatan Perbatasan",https://prokopim.mahakamulukab.go.id/wp-content/uploads/2026/07/Cover-Berita-158.jpg,images\099_peletakkan-batu-pertama-pembangunan-rs-phtc-tonggak-penguata.jpg,Adm,2026-07-02,"Ujoh Bilang – Bupati Mahakam Ulu (Mahulu), Angela Idang Belawan, secara resmi melakukan peletakan batu pertama pembangunan Program Hasil Terbaik Cepat (PHTC) RSUD Gerbang Sehat Mahakam, Kamis (2/7/26). Pembangunan rumah sakit tersebut menjadi langkah strategis Pemerintah Kabupaten (Pemkab) Mahulu dalam memperkuat pelayanan kesehatan rujukan bagi masyarakat di wilayah perbatasan.

Hadir dalam kegiatan tersebut Asisten Pemerintahan dan Kesejahteraan Rakyat, drg. Agustinus Teguh Santoso, M.Adm.Kes., Kepala Dinkes P2KB, dr. Petronela Tugan, M.Kes., Ketua Tim Percepatan Pembangunan Daerah (TP3D), Dr. Bonifasius Belawan Geh, S.H., M.E., jajaran perangkat daerah, tokoh masyarakat, serta tamu undangan lainnya.

Dalam kegiatan tersebut juga dihadiri, Pejabat Pembuat Komitmen (PPK) Pembangunan PHTC RSUD Gerbang Sehat Mahulu, dr. Ali Mashudi Setiawan, M.H., beserta tim yang terdiri atas Anton Widianto, S.ST., Imam Fauzi, S.ST.Ars., dan M. Fahmi Darmawan, S.T. Selanjutnya Tim Ahli Manajemen Konstruksi, yakni Handoko Ponco Chris Pamungkas, S.T. selaku Tenaga Ahli Struktur, Adhy Sulaiman, S.T., Selaku Tenaga Ahli Geoteknik, Ikbal Harliansyah Bidang Administrasi, serta perwakilan pelaksana pembangunan dari SMW KSO Widha, yaitu Fahmi Lutfi, S.T., M.T., selaku Koordinator Perencanaan, Udisulistiono, S.T. selaku Project Coordinator, dan Muklis selaku Supervisor Sipil.

Dalam sambutannya, Bupati Angela Idang Belawan menegaskan bahwa pembangunan RS PHTC merupakan bentuk komitmen pemerintah daerah untuk menghadirkan pelayanan kesehatan yang semakin mudah dijangkau, berkualitas, dan merata bagi seluruh masyarakat Mahulu.

Menurutnya, tantangan geografis yang dihadapi Mahulu menjadi alasan penting perlunya penguatan fasilitas kesehatan rujukan agar masyarakat tidak lagi menghadapi keterbatasan akses terhadap pelayanan medis lanjutan.

“Melalui perhatian Bapak Presiden, Mahulu menjadi salah satu daerah yang memperoleh Program PHTC untuk pembangunan Rumah Sakit Tipe C Strata Madya. Ini merupakan langkah strategis pemerintah dalam mewujudkan pemerataan pelayanan kesehatan, khususnya di daerah terpencil dan perbatasan,” ujar Bupati.

Angela Idang Belawan menyampaikan bahwa Pembangunan rumah sakit diharapkan mampu meningkatkan akses masyarakat terhadap layanan kesehatan spesialis, mengurangi rujukan pasien ke luar daerah, mempercepat penanganan kasus kegawatdaruratan, sekaligus menekan biaya transportasi yang selama ini menjadi kendala masyarakat Mahulu.

Ia juga mengingatkan seluruh pihak yang terlibat agar mengedepankan profesionalisme, kualitas pekerjaan, keselamatan kerja, serta menyelesaikan pembangunan sesuai jadwal dan spesifikasi teknis yang telah ditetapkan.

“Kami ingin rumah sakit ini menjadi kebanggaan masyarakat Mahakam Ulu sekaligus mampu memberikan pelayanan kesehatan terbaik bagi generasi sekarang maupun generasi mendatang,” tegas Bupati.

Bupati Angela Idang Belawan mengajak seluruh elemen masyarakat untuk bersama-sama mendukung serta mengawal proses pembangunan agar berjalan lancar sehingga cita-cita menghadirkan layanan kesehatan yang modern dan berkualitas dapat segera terwujud di Kabupaten Mahakam Ulu. (Prokopim/vta)

Berita TerkiniBidang Pemerintahan dan Kesejahteraan RakyatKesehatanPembangunan

Alamat email Anda tidak akan dipublikasikan. Ruas yang wajib ditandai *

Simpan nama, email, dan situs web saya pada peramban ini untuk komentar saya berikutnya.",#PressRelease #Pembangunan #Pemerintahan #Ekonomi #Kesehatan #Pendidikan #Pertanian #Sosial #Pariwisata #Pengumuman #BeritaTerkini #BidangPemerintahandanKesejahteraanRakyat #Pembinaan #BidangEkonomidanPembangunan #PenanggulanganBencana #Perhubungan #BantuanSosial,251,https://prokopim.mahakamulukab.go.id/peletakkan-batu-pertama-pembangunan-rs-phtc-tonggak-penguatan-layanan-kesehatan-perbatasan/
"Siapkan SDM dan Layanan Modern, Pemkab Mahulu Targetkan RS PHTC Jadi Rumah Sakit Rujukan Berkualitas",https://prokopim.mahakamulukab.go.id/wp-content/uploads/2026/07/Cover-Berita-159.jpg,images\100_siapkan-sdm-dan-layanan-modern-pemkab-mahulu-targetkan-rs-ph.jpg,Adm,2026-07-02,"Ujoh Bilang – Selain membangun infrastruktur rumah sakit, Pemerintah Kabupaten (Pemkab) Mahakam Ulu (Mahulu) juga menyiapkan sumber daya manusia (SDM) kesehatan sebagai bagian dari penguatan pelayanan di RS Program Hasil Terbaik Cepat (PHTC) RSUD Gerbang Sehat Mahakam. Komitmen tersebut disampaikan Bupati Mahakam Ulu, Angela Idang Belawan, saat peletakan batu pertama pembangunan rumah sakit, Kamis (2/7/2026).

Bupati Angela Idang Belawan menjelaskan bahwa keberhasilan pembangunan rumah sakit tidak hanya ditentukan oleh tersedianya gedung yang representatif, tetapi juga kesiapan tenaga kesehatan yang profesional sesuai standar Rumah Sakit Tipe C.

“Karena itu, Pemkab Mahulu bersama RSUD Gerbang Sehat Mahulu terus melakukan pemenuhan kebutuhan tenaga kesehatan secara bertahap, mulai dari dokter spesialis, dokter umum, dokter gigi, tenaga keperawatan, tenaga kebidanan, tenaga kefarmasian, analis kesehatan, hingga tenaga kesehatan lainnya,”ucapnya.

Angela Idang Belawan menyampaikan, setelah pembangunan selesai, RS PHTC ditargetkan menjadi Rumah Sakit Umum Daerah Tipe C Strata Madya yang mampu memberikan pelayanan kesehatan rujukan tingkat lanjutan secara optimal dengan dukungan fasilitas medis, penunjang medis, infrastruktur, dan teknologi kesehatan berstandar modern.

“Harapan kami, setelah pembangunan ini selesai, RSUD Gerbang Sehat Mahakam mampu menjadi rumah sakit rujukan yang memberikan pelayanan kesehatan berkualitas bagi masyarakat Mahakam Ulu,” ujar Bupati.

Bupati Angela Idang Belawan juga mengingatkan seluruh pelaksana pembangunan agar menjaga mutu pekerjaan, integritas, dan keselamatan kerja sehingga hasil pembangunan benar-benar memberikan manfaat dalam jangka panjang.

Selain itu, masyarakat juga diajak untuk ikut mengawasi proses pembangunan karena rumah sakit tersebut merupakan aset bersama yang akan menjadi penopang pelayanan kesehatan masyarakat Mahakam Ulu pada masa mendatang.

“Saya optimistis, dengan dukungan Pemerintah Pusat melalui Kementerian Kesehatan serta kolaborasi seluruh pemangku kepentingan, pembangunan RS PHTC akan menjadi tonggak penting dalam meningkatkan kualitas pelayanan kesehatan dan mewujudkan masyarakat Mahulu yang lebih sehat dan sejahtera,”ungkapnya.

Lanjut sebagai orang Nomor Satu Mahulu, Angela menyampaikan apresiasi kepada seluruh tenaga kesehatan, khususnya para dokter dan tenaga kontrak yang selama ini mengabdikan diri di RSUD Gerbang Sehat Mahulu.

Ia berharap perhatian pemerintah pusat, khususnya Kementerian Kesehatan, dapat terus diberikan kepada tenaga kesehatan non-ASN yang telah menunjukkan dedikasi tinggi dalam memberikan pelayanan kepada masyarakat di wilayah perbatasan.

“Kami juga menyampaikan kepada Kementerian Kesehatan agar dapat memberikan perhatian dan apresiasi kepada tenaga kesehatan, khususnya mereka yang hingga saat ini masih berstatus tenaga kontrak di rumah sakit kami. Mereka telah mengabdikan tenaga, waktu, dan pengabdiannya dengan penuh ketulusan untuk melayani masyarakat Mahakam Ulu,” harap Bupati dengan haru.

Secara khusus menutup sambutannya, Bupati juga menyampaikan terima kasih kepada seluruh dokter dan tenaga kesehatan atas dedikasi yang telah diberikan.

“Atas nama Pemkab Mahulu, saya mengucapkan terima kasih yang sebesar-besarnya kepada seluruh dokter dan tenaga kesehatan yang telah memberikan waktu, tenaga, pikiran, serta pelayanan dengan penuh kasih kepada masyarakat Mahakam Ulu. Pengabdian yang telah diberikan merupakan bagian penting dalam mewujudkan pelayanan kesehatan yang semakin baik di daerah kita,” tutup Bupati.(Prokopim/vta)

Berita TerkiniBidang Pemerintahan dan Kesejahteraan RakyatKesehatanPelayanan

Alamat email Anda tidak akan dipublikasikan. Ruas yang wajib ditandai *

Simpan nama, email, dan situs web saya pada peramban ini untuk komentar saya berikutnya.",#PressRelease #Pembangunan #Pemerintahan #Ekonomi #Kesehatan #Pendidikan #Pertanian #Sosial #Pariwisata #Pengumuman #BeritaTerkini #BidangPemerintahandanKesejahteraanRakyat #Pelayanan #Pembinaan #BidangEkonomidanPembangunan #PenanggulanganBencana #Perhubungan #BantuanSosial,201,https://prokopim.mahakamulukab.go.id/siapkan-sdm-dan-layanan-modern-pemkab-mahulu-targetkan-rs-phtc-jadi-rumah-sakit-rujukan-berkualitas/
